ISO-10303-21;
HEADER;
FILE_DESCRIPTION (( 'STEP AP214' ),
    '1' );
FILE_NAME ('CH291-1220LF.STEP',
    '2024-01-31T02:49:43',
    ( '' ),
    ( '' ),
    'SwSTEP 2.0',
    'SolidWorks 2021',
    '' );
FILE_SCHEMA (( 'AUTOMOTIVE_DESIGN' ));
ENDSEC;

DATA;
#1 = DIRECTION ( 'NONE',  ( 0.000000000000000000, 0.000000000000000000, -1.000000000000000000 ) ) ;
#2 = AXIS2_PLACEMENT_3D ( 'NONE', #2008, #2796, #7973 ) ;
#3 = AXIS2_PLACEMENT_3D ( 'NONE', #3903, #174, #6272 ) ;
#4 = ADVANCED_FACE ( 'NONE', ( #1964 ), #7931, .T. ) ;
#5 = CYLINDRICAL_SURFACE ( 'NONE', #1603, 0.2999999999999999334 ) ;
#6 = CYLINDRICAL_SURFACE ( 'NONE', #8709, 5.900000000000000355 ) ;
#8 = EDGE_LOOP ( 'NONE', ( #6594, #3332, #4990, #4075, #6641, #1231, #7353 ) ) ;
#7 = CARTESIAN_POINT ( 'NONE',  ( -0.6499999999999995781, 1.205866657858800650, 2.686062390081659590 ) ) ;
#9 = CIRCLE ( 'NONE', #8023, 0.3999999999999993006 ) ;
#10 = VECTOR ( 'NONE', #1677, 1000.000000000000114 ) ;
#11 = CARTESIAN_POINT ( 'NONE',  ( -0.4993330212113534228, 2.117141694578597466, 4.918241908473789614 ) ) ;
#13 = EDGE_LOOP ( 'NONE', ( #9318, #4586, #6217, #7073 ) ) ;
#12 = PLANE ( 'NONE',  #9283 ) ;
#14 = ADVANCED_FACE ( 'NONE', ( #4993 ), #1234, .T. ) ;
#15 = LINE ( 'NONE', #3004, #8663 ) ;
#16 = ORIENTED_EDGE ( 'NONE', *, *, #2969, .F. ) ;
#17 = AXIS2_PLACEMENT_3D ( 'NONE', #2120, #8034, #8129 ) ;
#18 = STYLED_ITEM ( 'NONE', ( #3684 ), #8112 ) ;
#19 = EDGE_CURVE ( 'NONE', #7350, #5322, #7999, .T. ) ;
#20 = CARTESIAN_POINT ( 'NONE',  ( -1.495608527427099155, 0.000000000000000000, 6.495699763439076513 ) ) ;
#21 = EDGE_LOOP ( 'NONE', ( #6665, #7848, #2808, #8911 ) ) ;
#23 = ORIENTED_EDGE ( 'NONE', *, *, #7495, .T. ) ;
#22 = DIRECTION ( 'NONE',  ( -1.000000000000000000, 0.000000000000000000, 0.000000000000000000 ) ) ;
#24 = CARTESIAN_POINT ( 'NONE',  ( -1.849413564507905283, 0.000000000000000000, 7.132552606811363383 ) ) ;
#25 = CARTESIAN_POINT ( 'NONE',  ( 0.8749999999999996669, 1.204193574817832291, 2.590024968517631532 ) ) ;
#26 = ORIENTED_EDGE ( 'NONE', *, *, #7607, .T. ) ;
#27 = VECTOR ( 'NONE', #5999, 1000.000000000000114 ) ;
#28 = DIRECTION ( 'NONE',  ( 1.755336071207032826E-16, 0.7619764731093040533, -0.6476047053781389673 ) ) ;
#29 = DIRECTION ( 'NONE',  ( -0.000000000000000000, -0.000000000000000000, -1.000000000000000000 ) ) ;
#30 = ORIENTED_EDGE ( 'NONE', *, *, #4926, .F. ) ;
#31 = ADVANCED_FACE ( 'NONE', ( #6014 ), #2255, .T. ) ;
#32 = ADVANCED_FACE ( 'NONE', ( #9587 ), #2942, .T. ) ;
#33 = VECTOR ( 'NONE', #6452, 1000.000000000000000 ) ;
#35 = ORIENTED_EDGE ( 'NONE', *, *, #1009, .F. ) ;
#34 = CARTESIAN_POINT ( 'NONE',  ( 3.749999999999999556, 4.200000000000000178, -1.324999999999999512 ) ) ;
#36 = VERTEX_POINT ( 'NONE', #4529 ) ;
#37 = DIRECTION ( 'NONE',  ( 0.9063077870366518241, 0.000000000000000000, -0.4226182617406955555 ) ) ;
#39 = AXIS2_PLACEMENT_3D ( 'NONE', #4888, #8705, #7880 ) ;
#38 = CARTESIAN_POINT ( 'NONE',  ( 5.424999999999999822, 3.199999999999998401, 5.599999999999997868 ) ) ;
#40 = VERTEX_POINT ( 'NONE', #5281 ) ;
#41 = ORIENTED_EDGE ( 'NONE', *, *, #3493, .F. ) ;
#42 = ORIENTED_EDGE ( 'NONE', *, *, #8765, .T. ) ;
#43 = CARTESIAN_POINT ( 'NONE',  ( 1.490773992497906208, 2.123772194091580356, 5.487555226753929816 ) ) ;
#45 = DIRECTION ( 'NONE',  ( 0.000000000000000000, -1.000000000000000000, 0.000000000000000000 ) ) ;
#44 = CARTESIAN_POINT ( 'NONE',  ( -1.489750127485975462, 4.200000000000000178, 6.907514361018399995 ) ) ;
#46 = LINE ( 'NONE', #5161, #9627 ) ;
#47 = AXIS2_PLACEMENT_3D ( 'NONE', #6395, #2595, #7872 ) ;
#48 = EDGE_CURVE ( 'NONE', #6284, #7176, #8998, .T. ) ;
#49 = EDGE_CURVE ( 'NONE', #3102, #4355, #2991, .T. ) ;
#50 = EDGE_CURVE ( 'NONE', #3465, #3267, #7581, .T. ) ;
#51 = EDGE_CURVE ( 'NONE', #1906, #8528, #2107, .T. ) ;
#52 = DIRECTION ( 'NONE',  ( 0.000000000000000000, -1.000000000000000000, 0.000000000000000000 ) ) ;
#53 = DIRECTION ( 'NONE',  ( 0.000000000000000000, 1.000000000000000000, 0.000000000000000000 ) ) ;
#54 = EDGE_LOOP ( 'NONE', ( #8321, #5828, #2187, #9619 ) ) ;
#55 = DIRECTION ( 'NONE',  ( -1.000000000000000000, 0.000000000000000000, 0.000000000000000000 ) ) ;
#57 = DIRECTION ( 'NONE',  ( 1.000000000000000000, -0.000000000000000000, 0.000000000000000000 ) ) ;
#56 = FACE_OUTER_BOUND ( 'NONE', #6468, .T. ) ;
#58 = FACE_OUTER_BOUND ( 'NONE', #3548, .T. ) ;
#59 = VECTOR ( 'NONE', #3084, 1000.000000000000000 ) ;
#60 = VECTOR ( 'NONE', #2189, 999.9999999999998863 ) ;
#61 = CARTESIAN_POINT ( 'NONE',  ( 6.174999999999999822, 4.200000000000000178, 5.849999999999998757 ) ) ;
#62 = DIRECTION ( 'NONE',  ( 0.000000000000000000, 0.000000000000000000, -1.000000000000000000 ) ) ;
#64 = ORIENTED_EDGE ( 'NONE', *, *, #4552, .F. ) ;
#63 = LINE ( 'NONE', #2310, #9041 ) ;
#65 = VECTOR ( 'NONE', #5889, 1000.000000000000000 ) ;
#66 = DIRECTION ( 'NONE',  ( -0.9743700647852344687, 0.000000000000000000, -0.2249510543438677512 ) ) ;
#68 = ORIENTED_EDGE ( 'NONE', *, *, #8937, .F. ) ;
#67 = CARTESIAN_POINT ( 'NONE',  ( 1.050000000000000044, 0.000000000000000000, -6.190000000000002167 ) ) ;
#69 = CARTESIAN_POINT ( 'NONE',  ( -4.549999999999998934, 4.200000000000000178, 8.049999999999998934 ) ) ;
#70 = CIRCLE ( 'NONE', #1486, 0.05000000000000056483 ) ;
#71 = ORIENTED_EDGE ( 'NONE', *, *, #7607, .F. ) ;
#72 = DIRECTION ( 'NONE',  ( -0.9676937674929103617, 0.000000000000000000, -0.2521284838239766235 ) ) ;
#74 = EDGE_LOOP ( 'NONE', ( #9460, #7110, #2266, #6247, #498, #1069 ) ) ;
#73 = DIRECTION ( 'NONE',  ( -0.000000000000000000, -0.000000000000000000, 1.000000000000000000 ) ) ;
#75 = CARTESIAN_POINT ( 'NONE',  ( 1.649999999999997913, 0.2999999999999999889, 4.050000000000000711 ) ) ;
#76 = FACE_OUTER_BOUND ( 'NONE', #7998, .T. ) ;
#77 = EDGE_CURVE ( 'NONE', #3345, #482, #3048, .T. ) ;
#78 = VECTOR ( 'NONE', #4473, 1000.000000000000000 ) ;
#79 = ORIENTED_EDGE ( 'NONE', *, *, #6493, .T. ) ;
#80 = ORIENTED_EDGE ( 'NONE', *, *, #9530, .F. ) ;
#81 = CARTESIAN_POINT ( 'NONE',  ( 1.324999999999998401, 0.5999999999999999778, -4.599999999999999645 ) ) ;
#82 = CARTESIAN_POINT ( 'NONE',  ( 0.000000000000000000, 0.000000000000000000, 4.899999999999997691 ) ) ;
#83 = EDGE_CURVE ( 'NONE', #5157, #1675, #8474, .T. ) ;
#84 = EDGE_LOOP ( 'NONE', ( #4443, #4662, #9105, #4548 ) ) ;
#85 = CIRCLE ( 'NONE', #2269, 5.900000000000000355 ) ;
#87 = ORIENTED_EDGE ( 'NONE', *, *, #6105, .F. ) ;
#86 = DIRECTION ( 'NONE',  ( 0.000000000000000000, 1.240100524084728157E-16, -1.000000000000000000 ) ) ;
#88 = LINE ( 'NONE', #6824, #609 ) ;
#89 = ORIENTED_EDGE ( 'NONE', *, *, #9364, .T. ) ;
#90 = VERTEX_POINT ( 'NONE', #5230 ) ;
#91 = CARTESIAN_POINT ( 'NONE',  ( -1.999999999999999112, 0.5999999999999998668, -1.324999999999999512 ) ) ;
#93 = CARTESIAN_POINT ( 'NONE',  ( -1.773821371137477065, 2.911616493081892632, 5.299999999999998046 ) ) ;
#92 = CARTESIAN_POINT ( 'NONE',  ( -6.174999999999998046, 4.200000000000000178, 5.599999999999997868 ) ) ;
#94 = CARTESIAN_POINT ( 'NONE',  ( 1.899999999999999245, 0.5999999999999999778, -4.923692341845005593 ) ) ;
#95 = AXIS2_PLACEMENT_3D ( 'NONE', #4637, #950, #7634 ) ;
#96 = CIRCLE ( 'NONE', #8413, 0.4000000000000001887 ) ;
#97 = DIRECTION ( 'NONE',  ( -1.000000000000000000, -0.000000000000000000, -0.000000000000000000 ) ) ;
#98 = VECTOR ( 'NONE', #314, 1000.000000000000000 ) ;
#99 = EDGE_CURVE ( 'NONE', #4111, #7404, #9722, .T. ) ;
#100 = EDGE_CURVE ( 'NONE', #7174, #282, #5127, .T. ) ;
#101 = DIRECTION ( 'NONE',  ( -0.000000000000000000, 1.000000000000000000, -0.000000000000000000 ) ) ;
#102 = ORIENTED_EDGE ( 'NONE', *, *, #1765, .F. ) ;
#103 = DIRECTION ( 'NONE',  ( 0.000000000000000000, 0.000000000000000000, -1.000000000000000000 ) ) ;
#104 = EDGE_CURVE ( 'NONE', #4759, #5931, #7070, .T. ) ;
#106 = DIRECTION ( 'NONE',  ( -0.9063077870366508249, 0.000000000000000000, 0.4226182617406975539 ) ) ;
#105 = PLANE ( 'NONE',  #2837 ) ;
#107 = DIRECTION ( 'NONE',  ( 0.000000000000000000, 1.000000000000000000, 0.000000000000000000 ) ) ;
#108 = ORIENTED_EDGE ( 'NONE', *, *, #6117, .F. ) ;
#109 = LINE ( 'NONE', #1672, #219 ) ;
#111 = ORIENTED_EDGE ( 'NONE', *, *, #522, .T. ) ;
#110 = DIRECTION ( 'NONE',  ( 1.000000000000000000, 0.000000000000000000, 0.000000000000000000 ) ) ;
#112 = CARTESIAN_POINT ( 'NONE',  ( 1.999999999999999112, 4.200000000000000178, 4.299999999999999822 ) ) ;
#114 = VERTEX_POINT ( 'NONE', #6596 ) ;
#113 = DIRECTION ( 'NONE',  ( 1.000000000000000000, 0.000000000000000000, -1.172110456741085828E-16 ) ) ;
#115 = FACE_OUTER_BOUND ( 'NONE', #5433, .T. ) ;
#116 = EDGE_CURVE ( 'NONE', #4879, #4005, #1376, .T. ) ;
#117 = PLANE ( 'NONE',  #2418 ) ;
#118 = ORIENTED_EDGE ( 'NONE', *, *, #77, .T. ) ;
#120 = ORIENTED_EDGE ( 'NONE', *, *, #828, .T. ) ;
#119 = CARTESIAN_POINT ( 'NONE',  ( 4.549999999999999822, 4.200000000000000178, 5.849999999999999645 ) ) ;
#121 = DIRECTION ( 'NONE',  ( -0.2334453638558981192, 0.9723699203976783334, -0.000000000000000000 ) ) ;
#122 = LINE ( 'NONE', #8384, #8327 ) ;
#123 = ORIENTED_EDGE ( 'NONE', *, *, #457, .F. ) ;
#124 = ORIENTED_EDGE ( 'NONE', *, *, #2366, .F. ) ;
#125 = VERTEX_POINT ( 'NONE', #8119 ) ;
#126 = VERTEX_POINT ( 'NONE', #644 ) ;
#127 = CARTESIAN_POINT ( 'NONE',  ( 5.360554318880527802, 0.000000000000000000, -4.955245442390456390 ) ) ;
#128 = VERTEX_POINT ( 'NONE', #1480 ) ;
#129 = ADVANCED_FACE ( 'NONE', ( #1430 ), #5958, .T. ) ;
#131 = EDGE_LOOP ( 'NONE', ( #554, #2777, #5632, #5784 ) ) ;
#130 = PLANE ( 'NONE',  #6522 ) ;
#132 = CARTESIAN_POINT ( 'NONE',  ( 6.466838485689899940, 0.000000000000000000, 4.449999999999998401 ) ) ;
#133 = CARTESIAN_POINT ( 'NONE',  ( 3.023344536385591308, 2.183218014069270296, 5.299999999999998046 ) ) ;
#134 = ORIENTED_EDGE ( 'NONE', *, *, #9578, .T. ) ;
#135 = EDGE_LOOP ( 'NONE', ( #6343, #6172, #9296, #3270 ) ) ;
#136 = CARTESIAN_POINT ( 'NONE',  ( 7.100000000000000533, 0.000000000000000000, 5.299999999999998046 ) ) ;
#138 = CARTESIAN_POINT ( 'NONE',  ( 0.000000000000000000, 4.200000000000000178, 0.000000000000000000 ) ) ;
#137 = LINE ( 'NONE', #3920, #6006 ) ;
#139 = DIRECTION ( 'NONE',  ( -0.7518398074789763852, 0.000000000000000000, -0.6593458151000700651 ) ) ;
#140 = CIRCLE ( 'NONE', #9083, 6.400000000000008349 ) ;
#141 = FACE_OUTER_BOUND ( 'NONE', #2879, .T. ) ;
#142 = DIRECTION ( 'NONE',  ( 0.000000000000000000, 0.000000000000000000, 1.000000000000000000 ) ) ;
#143 = ORIENTED_EDGE ( 'NONE', *, *, #3007, .F. ) ;
#144 = VECTOR ( 'NONE', #2534, 1000.000000000000000 ) ;
#145 = CARTESIAN_POINT ( 'NONE',  ( -0.8749999999999995559, 0.3272593389687439847, -0.5929447639179872276 ) ) ;
#147 = LINE ( 'NONE', #8509, #8470 ) ;
#146 = DIRECTION ( 'NONE',  ( -0.2334453638558989796, 0.9723699203976782224, 0.000000000000000000 ) ) ;
#148 = CARTESIAN_POINT ( 'NONE',  ( 5.433986569824091895, 4.200000000000000178, -5.023125516943746760 ) ) ;
#149 = EDGE_CURVE ( 'NONE', #9510, #8588, #692, .T. ) ;
#150 = EDGE_CURVE ( 'NONE', #8908, #5429, #4481, .T. ) ;
#151 = AXIS2_PLACEMENT_3D ( 'NONE', #4198, #424, #5824 ) ;
#152 = AXIS2_PLACEMENT_3D ( 'NONE', #8401, #8353, #1034 ) ;
#153 = ADVANCED_FACE ( 'NONE', ( #8945 ), #3685, .T. ) ;
#154 = ORIENTED_EDGE ( 'NONE', *, *, #1902, .T. ) ;
#155 = PLANE ( 'NONE',  #6186 ) ;
#156 = CARTESIAN_POINT ( 'NONE',  ( 0.000000000000000000, 4.200000000000000178, 5.299999999999998046 ) ) ;
#158 = ORIENTED_EDGE ( 'NONE', *, *, #1076, .T. ) ;
#157 = CARTESIAN_POINT ( 'NONE',  ( -0.8999999999999989120, 0.3000000000000012101, -10.49000000000000199 ) ) ;
#159 = DIRECTION ( 'NONE',  ( 0.000000000000000000, 0.000000000000000000, 1.000000000000000000 ) ) ;
#161 = ORIENTED_EDGE ( 'NONE', *, *, #3093, .T. ) ;
#160 = FACE_OUTER_BOUND ( 'NONE', #9373, .T. ) ;
#162 = VECTOR ( 'NONE', #7334, 1000.000000000000114 ) ;
#163 = CARTESIAN_POINT ( 'NONE',  ( -3.097236992039768211, 2.303799542494627595, 5.299999999999998046 ) ) ;
#164 = AXIS2_PLACEMENT_3D ( 'NONE', #7170, #8730, #9378 ) ;
#165 = EDGE_CURVE ( 'NONE', #40, #1671, #3091, .T. ) ;
#166 = EDGE_CURVE ( 'NONE', #2939, #8001, #6880, .T. ) ;
#167 = AXIS2_PLACEMENT_3D ( 'NONE', #3835, #2208, #1478 ) ;
#169 = DIRECTION ( 'NONE',  ( 0.000000000000000000, -0.2588190451025145777, -0.9659258262890699775 ) ) ;
#168 = AXIS2_PLACEMENT_3D ( 'NONE', #6032, #2081, #7456 ) ;
#170 = ORIENTED_EDGE ( 'NONE', *, *, #9109, .T. ) ;
#172 = VERTEX_POINT ( 'NONE', #308 ) ;
#171 = PLANE ( 'NONE',  #262 ) ;
#173 = CARTESIAN_POINT ( 'NONE',  ( 0.3750000000000000000, 0.5999999999999999778, -0.7999999999999988232 ) ) ;
#174 = DIRECTION ( 'NONE',  ( -0.000000000000000000, -1.000000000000000000, -0.000000000000000000 ) ) ;
#175 = VERTEX_POINT ( 'NONE', #4037 ) ;
#176 = VECTOR ( 'NONE', #1517, 1000.000000000000000 ) ;
#177 = DIRECTION ( 'NONE',  ( 1.000000000000000000, 0.000000000000000000, 2.710505431213760592E-16 ) ) ;
#178 = AXIS2_PLACEMENT_3D ( 'NONE', #8814, #9009, #8229 ) ;
#179 = VECTOR ( 'NONE', #3737, 1000.000000000000000 ) ;
#180 = VERTEX_POINT ( 'NONE', #1669 ) ;
#181 = VERTEX_POINT ( 'NONE', #6989 ) ;
#183 = EDGE_LOOP ( 'NONE', ( #2478, #80, #4521, #1060 ) ) ;
#182 = CARTESIAN_POINT ( 'NONE',  ( 2.274999999999999467, 0.2999999999999999889, 0.3000000000000003775 ) ) ;
#184 = VECTOR ( 'NONE', #7491, 1000.000000000000000 ) ;
#185 = AXIS2_PLACEMENT_3D ( 'NONE', #1716, #7626, #9145 ) ;
#186 = VECTOR ( 'NONE', #744, 1000.000000000000000 ) ;
#187 = CARTESIAN_POINT ( 'NONE',  ( -4.549999999999998934, 0.000000000000000000, 5.849999999999997868 ) ) ;
#188 = LINE ( 'NONE', #7029, #7079 ) ;
#189 = ORIENTED_EDGE ( 'NONE', *, *, #1566, .T. ) ;
#190 = EDGE_LOOP ( 'NONE', ( #279, #3233, #4846, #1774 ) ) ;
#191 = FACE_OUTER_BOUND ( 'NONE', #5645, .T. ) ;
#193 = DIRECTION ( 'NONE',  ( 0.000000000000000000, -0.000000000000000000, 1.000000000000000000 ) ) ;
#192 = CARTESIAN_POINT ( 'NONE',  ( -0.9000000000000000222, 0.5166917655882565796, -6.416661646882352521 ) ) ;
#194 = VECTOR ( 'NONE', #6401, 1000.000000000000000 ) ;
#195 = DIRECTION ( 'NONE',  ( -0.000000000000000000, -0.000000000000000000, 1.000000000000000000 ) ) ;
#196 = VECTOR ( 'NONE', #8205, 1000.000000000000000 ) ;
#197 = ADVANCED_FACE ( 'NONE', ( #9241 ), #2449, .F. ) ;
#198 = DIRECTION ( 'NONE',  ( 0.9723699203976782224, -0.2334453638558989796, 0.000000000000000000 ) ) ;
#199 = LINE ( 'NONE', #7816, #4761 ) ;
#200 = VERTEX_POINT ( 'NONE', #204 ) ;
#201 = VECTOR ( 'NONE', #4228, 1000.000000000000000 ) ;
#202 = DIRECTION ( 'NONE',  ( 3.097720492815722728E-16, 0.000000000000000000, -1.000000000000000000 ) ) ;
#204 = CARTESIAN_POINT ( 'NONE',  ( 4.469960816887843360E-16, 0.000000000000000000, -4.650000000000001243 ) ) ;
#203 = DIRECTION ( 'NONE',  ( -1.000000000000000000, 0.000000000000000000, 0.000000000000000000 ) ) ;
#205 = EDGE_CURVE ( 'NONE', #8019, #6424, #1103, .T. ) ;
#206 = CARTESIAN_POINT ( 'NONE',  ( -3.000000000000000000, 2.280455006109038507, 5.599999999999997868 ) ) ;
#207 = EDGE_LOOP ( 'NONE', ( #991, #9208, #9314, #4946 ) ) ;
#208 = PLANE ( 'NONE',  #3657 ) ;
#209 = DIRECTION ( 'NONE',  ( -1.000000000000000000, 0.000000000000000000, -0.000000000000000000 ) ) ;
#211 = ORIENTED_EDGE ( 'NONE', *, *, #2354, .T. ) ;
#210 = CARTESIAN_POINT ( 'NONE',  ( 0.000000000000000000, 0.000000000000000000, 0.000000000000000000 ) ) ;
#212 = EDGE_CURVE ( 'NONE', #4860, #4115, #9094, .T. ) ;
#213 = CARTESIAN_POINT ( 'NONE',  ( 2.743224965086314970, 3.450000000000001066, 5.599999999999997868 ) ) ;
#215 = ORIENTED_EDGE ( 'NONE', *, *, #3863, .T. ) ;
#214 = DIRECTION ( 'NONE',  ( -1.000000000000000000, 0.000000000000000000, -1.239088197126291063E-16 ) ) ;
#216 = CARTESIAN_POINT ( 'NONE',  ( -5.360554318880526914, 0.000000000000000000, -4.955245442390455501 ) ) ;
#217 = ORIENTED_EDGE ( 'NONE', *, *, #5773, .T. ) ;
#218 = AXIS2_PLACEMENT_3D ( 'NONE', #5210, #581, #3565 ) ;
#219 = VECTOR ( 'NONE', #7677, 1000.000000000000000 ) ;
#220 = AXIS2_PLACEMENT_3D ( 'NONE', #4630, #4731, #6202 ) ;
#221 = DIRECTION ( 'NONE',  ( 0.000000000000000000, 0.000000000000000000, 1.000000000000000000 ) ) ;
#222 = ORIENTED_EDGE ( 'NONE', *, *, #4984, .T. ) ;
#224 = ORIENTED_EDGE ( 'NONE', *, *, #441, .F. ) ;
#223 = CARTESIAN_POINT ( 'NONE',  ( 4.174999999999998934, 1.349999999999997868, 5.599999999999997868 ) ) ;
#225 = EDGE_CURVE ( 'NONE', #7938, #512, #3189, .T. ) ;
#226 = DIRECTION ( 'NONE',  ( -0.000000000000000000, 1.000000000000000000, -0.000000000000000000 ) ) ;
#227 = LINE ( 'NONE', #1795, #8382 ) ;
#229 = ORIENTED_EDGE ( 'NONE', *, *, #5926, .T. ) ;
#228 = CARTESIAN_POINT ( 'NONE',  ( -2.840461957126082737, 3.373344536385590509, 5.299999999999998046 ) ) ;
#230 = EDGE_CURVE ( 'NONE', #6126, #8466, #7687, .T. ) ;
#231 = EDGE_CURVE ( 'NONE', #6870, #3859, #2351, .T. ) ;
#232 = ORIENTED_EDGE ( 'NONE', *, *, #3799, .F. ) ;
#233 = ORIENTED_EDGE ( 'NONE', *, *, #2968, .T. ) ;
#234 = EDGE_CURVE ( 'NONE', #916, #2122, #260, .T. ) ;
#235 =( BOUNDED_CURVE ( )  B_SPLINE_CURVE ( 3, ( #6656, #6113, #3694, #6703 ),
 .UNSPECIFIED., .F., .T. ) 
 B_SPLINE_CURVE_WITH_KNOTS ( ( 4, 4 ),
 ( 3.141592653589793116, 4.712388980384691450 ),
 .UNSPECIFIED. ) 
 CURVE ( )  GEOMETRIC_REPRESENTATION_ITEM ( )  RATIONAL_B_SPLINE_CURVE ( ( 1.000000000000000000, 0.8047378541243646044, 0.8047378541243646044, 1.000000000000000000 ) ) 
 REPRESENTATION_ITEM ( '' )  );
#236 = AXIS2_PLACEMENT_3D ( 'NONE', #2328, #5965, #1379 ) ;
#237 = ORIENTED_EDGE ( 'NONE', *, *, #1984, .T. ) ;
#238 = ORIENTED_EDGE ( 'NONE', *, *, #5866, .F. ) ;
#240 = ORIENTED_EDGE ( 'NONE', *, *, #6833, .F. ) ;
#239 = CARTESIAN_POINT ( 'NONE',  ( 0.000000000000000000, 4.200000000000000178, 0.000000000000000000 ) ) ;
#241 = AXIS2_PLACEMENT_3D ( 'NONE', #7642, #4691, #7688 ) ;
#242 = CARTESIAN_POINT ( 'NONE',  ( -1.999999999999999112, 0.5999999999999998668, -4.957007724752754640 ) ) ;
#243 = LINE ( 'NONE', #3225, #3134 ) ;
#244 = EDGE_LOOP ( 'NONE', ( #6512, #8581, #5204, #9167 ) ) ;
#245 = ORIENTED_EDGE ( 'NONE', *, *, #973, .F. ) ;
#246 = CARTESIAN_POINT ( 'NONE',  ( 6.359607445110738055, 0.000000000000000000, -3.783568836970204075 ) ) ;
#248 = CARTESIAN_POINT ( 'NONE',  ( 7.276086315973259389, 0.000000000000000000, 1.348542888641922621 ) ) ;
#247 = CARTESIAN_POINT ( 'NONE',  ( -3.549999999999998934, 0.5999999999999999778, -0.2999999999999996003 ) ) ;
#249 = DIRECTION ( 'NONE',  ( -0.000000000000000000, 0.000000000000000000, -1.000000000000000000 ) ) ;
#250 = EDGE_CURVE ( 'NONE', #3396, #2010, #8362, .T. ) ;
#251 = EDGE_LOOP ( 'NONE', ( #2325, #8578, #6861, #1992 ) ) ;
#252 = DIRECTION ( 'NONE',  ( 0.000000000000000000, 0.000000000000000000, -1.000000000000000000 ) ) ;
#253 = ORIENTED_EDGE ( 'NONE', *, *, #469, .F. ) ;
#254 = DIRECTION ( 'NONE',  ( 0.000000000000000000, 0.000000000000000000, -1.000000000000000000 ) ) ;
#255 = VERTEX_POINT ( 'NONE', #5524 ) ;
#256 = VECTOR ( 'NONE', #1456, 1000.000000000000000 ) ;
#257 = DIRECTION ( 'NONE',  ( 0.000000000000000000, -0.2588190451025145777, -0.9659258262890699775 ) ) ;
#258 = EDGE_CURVE ( 'NONE', #4514, #2570, #1870, .T. ) ;
#260 = LINE ( 'NONE', #6250, #9417 ) ;
#259 = LINE ( 'NONE', #6249, #5056 ) ;
#261 = DIRECTION ( 'NONE',  ( -0.2243753187149424011, 0.000000000000000000, -0.9745028046914836484 ) ) ;
#262 = AXIS2_PLACEMENT_3D ( 'NONE', #4647, #278, #3163 ) ;
#263 = EDGE_CURVE ( 'NONE', #6266, #3537, #7373, .T. ) ;
#264 = EDGE_CURVE ( 'NONE', #6677, #3578, #9300, .T. ) ;
#265 = ORIENTED_EDGE ( 'NONE', *, *, #5987, .F. ) ;
#266 = CARTESIAN_POINT ( 'NONE',  ( 5.425000000000000711, 3.199999999999998401, 5.299999999999998046 ) ) ;
#267 = FACE_OUTER_BOUND ( 'NONE', #830, .T. ) ;
#269 = ORIENTED_EDGE ( 'NONE', *, *, #1976, .F. ) ;
#268 = CARTESIAN_POINT ( 'NONE',  ( 6.836708540583529725, 4.200000000000000178, 2.831857399501646277 ) ) ;
#270 = EDGE_CURVE ( 'NONE', #5055, #6857, #147, .T. ) ;
#271 = DIRECTION ( 'NONE',  ( 0.000000000000000000, 0.000000000000000000, 1.000000000000000000 ) ) ;
#273 = ORIENTED_EDGE ( 'NONE', *, *, #9575, .F. ) ;
#272 = CARTESIAN_POINT ( 'NONE',  ( -4.549999999999998934, 0.000000000000000000, 6.549999999999998934 ) ) ;
#274 = CARTESIAN_POINT ( 'NONE',  ( 0.000000000000000000, 4.200000000000000178, 0.000000000000000000 ) ) ;
#275 = ORIENTED_EDGE ( 'NONE', *, *, #7135, .T. ) ;
#276 = CARTESIAN_POINT ( 'NONE',  ( 0.8749999999999998890, 0.2999999999999999889, 3.794707603699265519E-16 ) ) ;
#277 = VERTEX_POINT ( 'NONE', #3139 ) ;
#279 = ORIENTED_EDGE ( 'NONE', *, *, #7506, .T. ) ;
#278 = DIRECTION ( 'NONE',  ( 0.000000000000000000, -1.000000000000000000, 0.000000000000000000 ) ) ;
#280 = FACE_OUTER_BOUND ( 'NONE', #4626, .T. ) ;
#282 = VERTEX_POINT ( 'NONE', #9146 ) ;
#281 = FACE_OUTER_BOUND ( 'NONE', #8241, .T. ) ;
#283 = EDGE_LOOP ( 'NONE', ( #7741, #3896, #1826, #7153 ) ) ;
#284 = ORIENTED_EDGE ( 'NONE', *, *, #205, .F. ) ;
#285 = ORIENTED_EDGE ( 'NONE', *, *, #7025, .T. ) ;
#286 = EDGE_CURVE ( 'NONE', #5484, #7871, #3241, .T. ) ;
#287 = EDGE_CURVE ( 'NONE', #2939, #6408, #8630, .T. ) ;
#288 = EDGE_CURVE ( 'NONE', #3580, #3718, #8928, .T. ) ;
#289 = ORIENTED_EDGE ( 'NONE', *, *, #3830, .T. ) ;
#290 = ADVANCED_FACE ( 'NONE', ( #6936 ), #5574, .T. ) ;
#292 = ORIENTED_EDGE ( 'NONE', *, *, #9695, .T. ) ;
#291 = FACE_OUTER_BOUND ( 'NONE', #954, .T. ) ;
#293 = FACE_OUTER_BOUND ( 'NONE', #4783, .T. ) ;
#294 = CYLINDRICAL_SURFACE ( 'NONE', #2346, 3.000000000000001332 ) ;
#295 = ORIENTED_EDGE ( 'NONE', *, *, #3520, .T. ) ;
#296 = ORIENTED_EDGE ( 'NONE', *, *, #4519, .F. ) ;
#297 = LINE ( 'NONE', #2482, #8182 ) ;
#299 = CARTESIAN_POINT ( 'NONE',  ( 0.9000000000000000222, 0.3000000000000000444, 5.899999999999997691 ) ) ;
#298 = DIRECTION ( 'NONE',  ( 1.000000000000000000, 0.000000000000000000, -0.000000000000000000 ) ) ;
#300 = DIRECTION ( 'NONE',  ( -0.000000000000000000, -0.9659258262890700886, 0.2588190451025144667 ) ) ;
#301 = EDGE_CURVE ( 'NONE', #4005, #870, #404, .T. ) ;
#302 = ORIENTED_EDGE ( 'NONE', *, *, #8049, .T. ) ;
#303 = DIRECTION ( 'NONE',  ( -1.000000000000000000, 0.000000000000000000, 8.068481283613056781E-16 ) ) ;
#304 = CYLINDRICAL_SURFACE ( 'NONE', #6788, 1.499999999999999556 ) ;
#305 = ORIENTED_EDGE ( 'NONE', *, *, #3518, .T. ) ;
#306 = PLANE ( 'NONE',  #4573 ) ;
#308 = CARTESIAN_POINT ( 'NONE',  ( -3.813246603095878928, 0.000000000000000000, -4.036643759389941799 ) ) ;
#307 = CARTESIAN_POINT ( 'NONE',  ( 3.918869757271534404E-16, -0.5999999999999995337, -3.750000000000001776 ) ) ;
#309 = DIRECTION ( 'NONE',  ( -1.000000000000000000, 0.000000000000000000, 0.000000000000000000 ) ) ;
#310 = VECTOR ( 'NONE', #4897, 1000.000000000000000 ) ;
#311 = ORIENTED_EDGE ( 'NONE', *, *, #8332, .T. ) ;
#312 = DIRECTION ( 'NONE',  ( 0.000000000000000000, 1.000000000000000000, -0.000000000000000000 ) ) ;
#313 = CARTESIAN_POINT ( 'NONE',  ( -2.743224965086314970, 3.450000000000000622, 5.599999999999997868 ) ) ;
#315 = ORIENTED_EDGE ( 'NONE', *, *, #3857, .F. ) ;
#314 = DIRECTION ( 'NONE',  ( -0.000000000000000000, -1.240100524084728157E-16, 1.000000000000000000 ) ) ;
#316 = FACE_OUTER_BOUND ( 'NONE', #7320, .T. ) ;
#318 = ORIENTED_EDGE ( 'NONE', *, *, #6473, .F. ) ;
#317 = DIRECTION ( 'NONE',  ( -0.000000000000000000, -1.000000000000000000, -0.000000000000000000 ) ) ;
#319 = DIRECTION ( 'NONE',  ( -0.1261989691358256505, 0.000000000000000000, -0.9920049496797155308 ) ) ;
#320 = AXIS2_PLACEMENT_3D ( 'NONE', #2894, #3636, #5913 ) ;
#321 = VERTEX_POINT ( 'NONE', #490 ) ;
#323 = EDGE_LOOP ( 'NONE', ( #7746, #6948, #7149, #7250 ) ) ;
#322 = PLANE ( 'NONE',  #2597 ) ;
#324 = EDGE_CURVE ( 'NONE', #9403, #4202, #9391, .T. ) ;
#325 = VECTOR ( 'NONE', #2067, 1000.000000000000000 ) ;
#326 = VECTOR ( 'NONE', #4022, 1000.000000000000114 ) ;
#327 = LINE ( 'NONE', #5733, #325 ) ;
#328 = CARTESIAN_POINT ( 'NONE',  ( 1.899999999999998135, 0.2999999999999999889, 3.794707603699265519E-16 ) ) ;
#330 = ORIENTED_EDGE ( 'NONE', *, *, #7942, .F. ) ;
#329 = CARTESIAN_POINT ( 'NONE',  ( 0.000000000000000000, 4.200000000000000178, 0.000000000000000000 ) ) ;
#331 = ORIENTED_EDGE ( 'NONE', *, *, #9270, .F. ) ;
#332 = EDGE_CURVE ( 'NONE', #9654, #3000, #3747, .T. ) ;
#333 = AXIS2_PLACEMENT_3D ( 'NONE', #1742, #7648, #3066 ) ;
#334 = VERTEX_POINT ( 'NONE', #6540 ) ;
#336 = VERTEX_POINT ( 'NONE', #4220 ) ;
#335 = CYLINDRICAL_SURFACE ( 'NONE', #8723, 5.500000000000000000 ) ;
#337 = CARTESIAN_POINT ( 'NONE',  ( -5.424999999999998046, 1.599999999999999867, 5.299999999999998046 ) ) ;
#338 = ORIENTED_EDGE ( 'NONE', *, *, #301, .F. ) ;
#339 = AXIS2_PLACEMENT_3D ( 'NONE', #7774, #1621, #5471 ) ;
#340 = EDGE_LOOP ( 'NONE', ( #1925, #7689, #7162, #9099 ) ) ;
#341 = VECTOR ( 'NONE', #8468, 1000.000000000000000 ) ;
#342 = CARTESIAN_POINT ( 'NONE',  ( -4.549999999999998934, 4.200000000000000178, 5.849999999999997868 ) ) ;
#344 = DIRECTION ( 'NONE',  ( 0.000000000000000000, 0.000000000000000000, 1.000000000000000000 ) ) ;
#343 = FACE_OUTER_BOUND ( 'NONE', #1290, .T. ) ;
#345 = CARTESIAN_POINT ( 'NONE',  ( 0.9000000000000000222, 0.5999999999999999778, 5.899999999999997691 ) ) ;
#346 = ADVANCED_FACE ( 'NONE', ( #1950 ), #9440, .T. ) ;
#347 = AXIS2_PLACEMENT_3D ( 'NONE', #8361, #146, #938 ) ;
#348 = ORIENTED_EDGE ( 'NONE', *, *, #9298, .F. ) ;
#349 = FACE_OUTER_BOUND ( 'NONE', #8407, .T. ) ;
#350 = ORIENTED_EDGE ( 'NONE', *, *, #4900, .F. ) ;
#351 = DIRECTION ( 'NONE',  ( 0.000000000000000000, 0.000000000000000000, 1.000000000000000000 ) ) ;
#352 = ORIENTED_EDGE ( 'NONE', *, *, #5914, .F. ) ;
#353 = CYLINDRICAL_SURFACE ( 'NONE', #4257, 5.900000000000000355 ) ;
#355 = CARTESIAN_POINT ( 'NONE',  ( -3.249999999999999556, 0.2999999999999999889, -0.2999999999999996003 ) ) ;
#354 = DIRECTION ( 'NONE',  ( -0.2516678542837350596, 0.06042010615679307278, -0.9659258262890700886 ) ) ;
#356 = ADVANCED_FACE ( 'NONE', ( #8009 ), #7225, .F. ) ;
#357 = ADVANCED_FACE ( 'NONE', ( #9346 ), #2600, .T. ) ;
#358 = CARTESIAN_POINT ( 'NONE',  ( 1.999999999999999112, 0.5999999999999998668, 1.325000000000000178 ) ) ;
#360 = EDGE_CURVE ( 'NONE', #8282, #8325, #3585, .T. ) ;
#359 = VECTOR ( 'NONE', #7127, 1000.000000000000000 ) ;
#361 = VECTOR ( 'NONE', #2327, 1000.000000000000000 ) ;
#363 = ORIENTED_EDGE ( 'NONE', *, *, #6579, .T. ) ;
#362 = AXIS2_PLACEMENT_3D ( 'NONE', #8212, #1475, #3281 ) ;
#364 = DIRECTION ( 'NONE',  ( 0.7193398003386594075, 0.000000000000000000, 0.6946583704589887054 ) ) ;
#365 = CARTESIAN_POINT ( 'NONE',  ( 0.000000000000000000, 4.200000000000000178, 0.000000000000000000 ) ) ;
#367 = ORIENTED_EDGE ( 'NONE', *, *, #574, .F. ) ;
#366 = DIRECTION ( 'NONE',  ( 0.2516678542837350041, 0.06042010615679303809, -0.9659258262890699775 ) ) ;
#368 = CARTESIAN_POINT ( 'NONE',  ( 0.000000000000000000, 4.200000000000000178, 0.000000000000000000 ) ) ;
#370 = EDGE_LOOP ( 'NONE', ( #3425, #6521, #1973, #9633 ) ) ;
#369 = DIRECTION ( 'NONE',  ( -1.000000000000000000, 0.000000000000000000, 0.000000000000000000 ) ) ;
#371 = LINE ( 'NONE', #5483, #2645 ) ;
#372 = VERTEX_POINT ( 'NONE', #7091 ) ;
#374 = ORIENTED_EDGE ( 'NONE', *, *, #8987, .F. ) ;
#373 = DIRECTION ( 'NONE',  ( -5.429601775061457973E-15, 0.000000000000000000, 1.000000000000000000 ) ) ;
#375 = CARTESIAN_POINT ( 'NONE',  ( 7.099999999999999645, 0.000000000000000000, 6.149999999999997691 ) ) ;
#376 = LINE ( 'NONE', #9370, #5417 ) ;
#378 = ORIENTED_EDGE ( 'NONE', *, *, #8937, .T. ) ;
#377 = CARTESIAN_POINT ( 'NONE',  ( 0.9750000000000007550, 0.5999999999999999778, -4.599999999999999645 ) ) ;
#379 = EDGE_LOOP ( 'NONE', ( #3668, #6577, #6327, #8970 ) ) ;
#380 = VERTEX_POINT ( 'NONE', #3428 ) ;
#381 = AXIS2_PLACEMENT_3D ( 'NONE', #3190, #5426, #8460 ) ;
#382 = AXIS2_PLACEMENT_3D ( 'NONE', #725, #2238, #5311 ) ;
#383 = EDGE_CURVE ( 'NONE', #125, #3578, #3284, .T. ) ;
#385 = VERTEX_POINT ( 'NONE', #5800 ) ;
#384 = FACE_OUTER_BOUND ( 'NONE', #7638, .T. ) ;
#386 = ADVANCED_FACE ( 'NONE', ( #2696 ), #1274, .T. ) ;
#387 = FILL_AREA_STYLE ('',( #5556 ) ) ;
#388 = PLANE ( 'NONE',  #4397 ) ;
#389 = ADVANCED_FACE ( 'NONE', ( #8605 ), #1912, .T. ) ;
#390 = ADVANCED_FACE ( 'NONE', ( #7278 ), #9526, .T. ) ;
#391 = VECTOR ( 'NONE', #887, 1000.000000000000114 ) ;
#392 = EDGE_LOOP ( 'NONE', ( #4214, #7012, #1829, #3282 ) ) ;
#394 = DIRECTION ( 'NONE',  ( 0.7489557207890041868, -0.000000000000000000, 0.6626200482157351690 ) ) ;
#393 = CARTESIAN_POINT ( 'NONE',  ( 1.849413564507905949, 4.200000000000000178, 7.132552606811364271 ) ) ;
#395 = PLANE ( 'NONE',  #8703 ) ;
#396 = VECTOR ( 'NONE', #909, 1000.000000000000000 ) ;
#397 = ORIENTED_EDGE ( 'NONE', *, *, #7542, .F. ) ;
#398 = DIRECTION ( 'NONE',  ( -3.093406186374440349E-32, 1.000000000000000000, 1.141265444721584004E-16 ) ) ;
#399 = ORIENTED_EDGE ( 'NONE', *, *, #1569, .F. ) ;
#400 = DIRECTION ( 'NONE',  ( 0.000000000000000000, 0.000000000000000000, 1.000000000000000000 ) ) ;
#401 = ORIENTED_EDGE ( 'NONE', *, *, #6117, .T. ) ;
#402 = DIRECTION ( 'NONE',  ( 0.000000000000000000, 1.000000000000000000, -0.000000000000000000 ) ) ;
#404 = LINE ( 'NONE', #5669, #2490 ) ;
#403 = CARTESIAN_POINT ( 'NONE',  ( -2.133942768563686254, 0.5999999999999999778, -5.281693692414842545 ) ) ;
#405 = LINE ( 'NONE', #6400, #4147 ) ;
#406 = AXIS2_PLACEMENT_3D ( 'NONE', #2543, #3333, #303 ) ;
#407 = EDGE_CURVE ( 'NONE', #4292, #1831, #2784, .T. ) ;
#408 = EDGE_CURVE ( 'NONE', #4197, #661, #4884, .T. ) ;
#409 = EDGE_CURVE ( 'NONE', #1409, #1921, #7181, .T. ) ;
#410 = VECTOR ( 'NONE', #3766, 1000.000000000000227 ) ;
#411 = EDGE_CURVE ( 'NONE', #1612, #6610, #8701, .T. ) ;
#412 = DIRECTION ( 'NONE',  ( -0.000000000000000000, -0.000000000000000000, 1.000000000000000000 ) ) ;
#413 = CARTESIAN_POINT ( 'NONE',  ( 0.000000000000000000, 1.147632372710735593, 2.468729079166619655 ) ) ;
#415 = ORIENTED_EDGE ( 'NONE', *, *, #166, .F. ) ;
#414 = DIRECTION ( 'NONE',  ( 0.000000000000000000, 0.000000000000000000, 1.000000000000000000 ) ) ;
#416 = CARTESIAN_POINT ( 'NONE',  ( 1.649999999999996136, 0.2999999999999999889, 4.300000000000000711 ) ) ;
#418 = ORIENTED_EDGE ( 'NONE', *, *, #5644, .T. ) ;
#417 = DIRECTION ( 'NONE',  ( 0.000000000000000000, 0.000000000000000000, 1.000000000000000000 ) ) ;
#419 = EDGE_LOOP ( 'NONE', ( #3495, #4092 ) ) ;
#420 = CARTESIAN_POINT ( 'NONE',  ( 5.674999999999997158, 1.349999999999996980, 5.599999999999997868 ) ) ;
#421 = AXIS2_PLACEMENT_3D ( 'NONE', #6464, #7934, #1969 ) ;
#423 = VERTEX_POINT ( 'NONE', #7424 ) ;
#422 = LINE ( 'NONE', #9458, #2283 ) ;
#424 = DIRECTION ( 'NONE',  ( -0.000000000000000000, -1.000000000000000000, -0.000000000000000000 ) ) ;
#425 = CARTESIAN_POINT ( 'NONE',  ( -0.4238326649262329493, 2.099015662731559928, 5.208019656360511007 ) ) ;
#427 = ORIENTED_EDGE ( 'NONE', *, *, #5620, .F. ) ;
#426 = CARTESIAN_POINT ( 'NONE',  ( 5.674999999999997158, 1.599999999999997202, 5.599999999999997868 ) ) ;
#428 = ORIENTED_EDGE ( 'NONE', *, *, #2906, .F. ) ;
#429 = ORIENTED_EDGE ( 'NONE', *, *, #4679, .T. ) ;
#430 = ORIENTED_EDGE ( 'NONE', *, *, #7427, .F. ) ;
#432 = VERTEX_POINT ( 'NONE', #7366 ) ;
#431 = CARTESIAN_POINT ( 'NONE',  ( 3.918869757271530460E-16, -0.5999999999999980904, 3.874999999999998224 ) ) ;
#433 = CARTESIAN_POINT ( 'NONE',  ( -2.321277911634230584, 2.323158544409007042, 2.299999999999995826 ) ) ;
#434 = CARTESIAN_POINT ( 'NONE',  ( 0.000000000000000000, 4.200000000000000178, 0.000000000000000000 ) ) ;
#435 = EDGE_LOOP ( 'NONE', ( #8784, #5342, #8398, #3911 ) ) ;
#436 = DIRECTION ( 'NONE',  ( 0.000000000000000000, 0.000000000000000000, -1.000000000000000000 ) ) ;
#437 = DIRECTION ( 'NONE',  ( -1.000000000000000000, -0.000000000000000000, -0.000000000000000000 ) ) ;
#438 = ADVANCED_FACE ( 'NONE', ( #2244 ), #2330, .T. ) ;
#439 = ORIENTED_EDGE ( 'NONE', *, *, #1412, .F. ) ;
#440 = FACE_OUTER_BOUND ( 'NONE', #5616, .T. ) ;
#441 = EDGE_CURVE ( 'NONE', #4499, #7908, #3623, .T. ) ;
#442 = CARTESIAN_POINT ( 'NONE',  ( -0.8749999999999995559, 0.3102222521132789734, -0.6565280376755482372 ) ) ;
#443 = ORIENTED_EDGE ( 'NONE', *, *, #5988, .T. ) ;
#444 = CARTESIAN_POINT ( 'NONE',  ( -4.445813570937528603, 0.5999999999999999778, -4.603774722167421452 ) ) ;
#446 = CARTESIAN_POINT ( 'NONE',  ( 0.000000000000000000, 4.200000000000000178, 0.000000000000000000 ) ) ;
#445 = DIRECTION ( 'NONE',  ( -1.000000000000000000, -0.000000000000000000, -0.000000000000000000 ) ) ;
#447 = DIRECTION ( 'NONE',  ( -1.000000000000000000, -0.000000000000000000, -0.000000000000000000 ) ) ;
#448 = DIRECTION ( 'NONE',  ( 1.000000000000000000, 0.000000000000000000, 0.000000000000000000 ) ) ;
#449 = PLANE ( 'NONE',  #6157 ) ;
#450 = CARTESIAN_POINT ( 'NONE',  ( 3.918869757271530460E-16, -0.6999999999999999556, 3.874999999999998224 ) ) ;
#452 = ORIENTED_EDGE ( 'NONE', *, *, #6232, .T. ) ;
#451 = LINE ( 'NONE', #1052, #3392 ) ;
#453 = DIRECTION ( 'NONE',  ( -1.000000000000000000, -0.000000000000000000, -0.000000000000000000 ) ) ;
#455 = ORIENTED_EDGE ( 'NONE', *, *, #5465, .T. ) ;
#454 = DIRECTION ( 'NONE',  ( 0.000000000000000000, 1.000000000000000000, 0.000000000000000000 ) ) ;
#456 = CARTESIAN_POINT ( 'NONE',  ( 5.674999999999998046, 1.349999999999996980, 5.299999999999998046 ) ) ;
#457 = EDGE_CURVE ( 'NONE', #8386, #5648, #2196, .T. ) ;
#458 = ADVANCED_FACE ( 'NONE', ( #6050 ), #5962, .F. ) ;
#459 = VECTOR ( 'NONE', #1, 1000.000000000000000 ) ;
#461 = ORIENTED_EDGE ( 'NONE', *, *, #4185, .T. ) ;
#460 = CARTESIAN_POINT ( 'NONE',  ( -4.299999999999998934, 0.5999999999999999778, 4.740253157796534111 ) ) ;
#462 = CARTESIAN_POINT ( 'NONE',  ( -2.397482197861802611, 0.000000000000000000, -5.933976669227455147 ) ) ;
#464 = VERTEX_POINT ( 'NONE', #3723 ) ;
#463 = LINE ( 'NONE', #3454, #1578 ) ;
#465 = VECTOR ( 'NONE', #2095, 1000.000000000000000 ) ;
#466 =( BOUNDED_CURVE ( )  B_SPLINE_CURVE ( 3, ( #4500, #8188, #1545, #6858 ),
 .UNSPECIFIED., .F., .F. ) 
 B_SPLINE_CURVE_WITH_KNOTS ( ( 4, 4 ),
 ( 3.141592653589793116, 4.712388980384691450 ),
 .UNSPECIFIED. ) 
 CURVE ( )  GEOMETRIC_REPRESENTATION_ITEM ( )  RATIONAL_B_SPLINE_CURVE ( ( 1.000000000000000000, 0.8047378541243646044, 0.8047378541243646044, 1.000000000000000000 ) ) 
 REPRESENTATION_ITEM ( '' )  );
#467 = ORIENTED_EDGE ( 'NONE', *, *, #5518, .F. ) ;
#468 = EDGE_CURVE ( 'NONE', #1604, #1353, #8986, .T. ) ;
#469 = EDGE_CURVE ( 'NONE', #2524, #5814, #9257, .T. ) ;
#470 = AXIS2_PLACEMENT_3D ( 'NONE', #4105, #9164, #7749 ) ;
#471 = ORIENTED_EDGE ( 'NONE', *, *, #9580, .T. ) ;
#472 = VECTOR ( 'NONE', #1983, 999.9999999999998863 ) ;
#474 = ORIENTED_EDGE ( 'NONE', *, *, #5275, .T. ) ;
#473 = LINE ( 'NONE', #2027, #3847 ) ;
#475 = PLANE ( 'NONE',  #9415 ) ;
#476 = CARTESIAN_POINT ( 'NONE',  ( 5.269495862789761453, 3.199999999999998401, 5.318092213764225917 ) ) ;
#477 = ORIENTED_EDGE ( 'NONE', *, *, #7591, .T. ) ;
#478 = FACE_OUTER_BOUND ( 'NONE', #9379, .T. ) ;
#479 = VECTOR ( 'NONE', #7189, 1000.000000000000000 ) ;
#480 = LINE ( 'NONE', #8688, #1789 ) ;
#481 = VECTOR ( 'NONE', #8032, 1000.000000000000000 ) ;
#482 = VERTEX_POINT ( 'NONE', #4518 ) ;
#483 = CARTESIAN_POINT ( 'NONE',  ( 5.674999999999998046, 3.199999999999997957, 5.599999999999997868 ) ) ;
#484 = CIRCLE ( 'NONE', #6137, 0.5000000000000002220 ) ;
#485 = CIRCLE ( 'NONE', #4258, 6.400000000000009237 ) ;
#486 = FACE_OUTER_BOUND ( 'NONE', #7121, .T. ) ;
#487 = ORIENTED_EDGE ( 'NONE', *, *, #2868, .F. ) ;
#488 = CARTESIAN_POINT ( 'NONE',  ( 7.241636132661928293, 4.200000000000000178, -0.9212524746915279339 ) ) ;
#490 = CARTESIAN_POINT ( 'NONE',  ( -3.957114563163610654, 0.5999999999999999778, -4.097712085298143236 ) ) ;
#489 = LINE ( 'NONE', #5116, #3319 ) ;
#491 = LINE ( 'NONE', #6492, #1470 ) ;
#492 = CIRCLE ( 'NONE', #6771, 0.2999999999999999334 ) ;
#493 = AXIS2_PLACEMENT_3D ( 'NONE', #2254, #7525, #9046 ) ;
#494 = CARTESIAN_POINT ( 'NONE',  ( 0.6499999999999995781, 1.147632372710734927, 2.468729079166618767 ) ) ;
#495 = CARTESIAN_POINT ( 'NONE',  ( 4.623041666781258351E-16, -0.5999999999999980904, 2.724999999999998312 ) ) ;
#496 = DIRECTION ( 'NONE',  ( 0.000000000000000000, -1.000000000000000000, 0.000000000000000000 ) ) ;
#498 = ORIENTED_EDGE ( 'NONE', *, *, #100, .F. ) ;
#497 = CARTESIAN_POINT ( 'NONE',  ( 1.024999999999996358, 0.5999999999999999778, 3.350000000000000089 ) ) ;
#499 = AXIS2_PLACEMENT_3D ( 'NONE', #2365, #8231, #5924 ) ;
#500 = EDGE_CURVE ( 'NONE', #2925, #6870, #8206, .T. ) ;
#501 = AXIS2_PLACEMENT_3D ( 'NONE', #92, #6872, #8400 ) ;
#502 = VECTOR ( 'NONE', #1605, 1000.000000000000000 ) ;
#503 = DIRECTION ( 'NONE',  ( 0.000000000000000000, 0.000000000000000000, 1.000000000000000000 ) ) ;
#505 = ORIENTED_EDGE ( 'NONE', *, *, #7483, .F. ) ;
#504 = DIRECTION ( 'NONE',  ( 0.000000000000000000, 0.000000000000000000, 1.000000000000000000 ) ) ;
#506 = CARTESIAN_POINT ( 'NONE',  ( 7.112901472932216862, 4.200000000000000178, -1.642142696710234384 ) ) ;
#507 = VECTOR ( 'NONE', #7622, 1000.000000000000114 ) ;
#509 = ORIENTED_EDGE ( 'NONE', *, *, #550, .T. ) ;
#508 = PLANE ( 'NONE',  #7013 ) ;
#510 = LINE ( 'NONE', #2801, #8631 ) ;
#512 = VERTEX_POINT ( 'NONE', #9718 ) ;
#511 = DIRECTION ( 'NONE',  ( 0.000000000000000000, 1.000000000000000000, -0.000000000000000000 ) ) ;
#513 = CARTESIAN_POINT ( 'NONE',  ( 2.274999999999999467, 0.2999999999999999889, 1.225000000000000311 ) ) ;
#514 = VECTOR ( 'NONE', #1181, 1000.000000000000000 ) ;
#515 = VERTEX_POINT ( 'NONE', #9037 ) ;
#516 = ORIENTED_EDGE ( 'NONE', *, *, #764, .T. ) ;
#517 = ADVANCED_FACE ( 'NONE', ( #4324 ), #1322, .T. ) ;
#518 = EDGE_CURVE ( 'NONE', #1163, #2069, #6634, .T. ) ;
#520 = ORIENTED_EDGE ( 'NONE', *, *, #3221, .T. ) ;
#519 = PLANE ( 'NONE',  #7163 ) ;
#522 = EDGE_CURVE ( 'NONE', #926, #2715, #3035, .T. ) ;
#521 = CYLINDRICAL_SURFACE ( 'NONE', #2959, 0.2999999999999999334 ) ;
#523 = DIRECTION ( 'NONE',  ( 0.000000000000000000, 0.000000000000000000, 1.000000000000000000 ) ) ;
#524 = ORIENTED_EDGE ( 'NONE', *, *, #8689, .T. ) ;
#525 = CARTESIAN_POINT ( 'NONE',  ( 2.980325504954630222, 0.000000000000000000, -6.773304945483917372 ) ) ;
#526 = LINE ( 'NONE', #4212, #9637 ) ;
#527 = CIRCLE ( 'NONE', #3191, 6.400000000000001243 ) ;
#529 = VERTEX_POINT ( 'NONE', #9624 ) ;
#528 = CARTESIAN_POINT ( 'NONE',  ( 0.000000000000000000, 0.5999999999999999778, 0.000000000000000000 ) ) ;
#530 = VECTOR ( 'NONE', #2084, 1000.000000000000000 ) ;
#531 = DIRECTION ( 'NONE',  ( 0.9723699203976782224, -0.2334453638558986188, 0.000000000000000000 ) ) ;
#532 = VERTEX_POINT ( 'NONE', #6781 ) ;
#533 = DIRECTION ( 'NONE',  ( 0.000000000000000000, 0.000000000000000000, 1.000000000000000000 ) ) ;
#535 = DIRECTION ( 'NONE',  ( -1.000000000000000000, -0.000000000000000000, -0.000000000000000000 ) ) ;
#534 = LINE ( 'NONE', #8933, #8673 ) ;
#536 = LINE ( 'NONE', #1323, #9000 ) ;
#537 = VECTOR ( 'NONE', #2419, 1000.000000000000000 ) ;
#538 = EDGE_CURVE ( 'NONE', #786, #2234, #3436, .T. ) ;
#539 = LINE ( 'NONE', #9445, #5739 ) ;
#540 = EDGE_CURVE ( 'NONE', #181, #3719, #2882, .T. ) ;
#541 = CARTESIAN_POINT ( 'NONE',  ( -0.6499999999999995781, 1.244188384379823598, 2.675794114407785251 ) ) ;
#542 = CARTESIAN_POINT ( 'NONE',  ( 0.9000000000000000222, 0.3000000000000000444, 5.899999999999997691 ) ) ;
#544 = ORIENTED_EDGE ( 'NONE', *, *, #4213, .F. ) ;
#543 = DIRECTION ( 'NONE',  ( 0.000000000000000000, 0.000000000000000000, -1.000000000000000000 ) ) ;
#545 = AXIS2_PLACEMENT_3D ( 'NONE', #7868, #3473, #7319 ) ;
#546 = LINE ( 'NONE', #2608, #4724 ) ;
#548 = ORIENTED_EDGE ( 'NONE', *, *, #5624, .T. ) ;
#547 = LINE ( 'NONE', #9731, #1905 ) ;
#549 = DIRECTION ( 'NONE',  ( 0.000000000000000000, 0.000000000000000000, -1.000000000000000000 ) ) ;
#550 = EDGE_CURVE ( 'NONE', #8415, #4130, #2144, .T. ) ;
#551 = ADVANCED_FACE ( 'NONE', ( #1366 ), #5899, .T. ) ;
#552 = AXIS2_PLACEMENT_3D ( 'NONE', #2286, #2923, #8196 ) ;
#554 = ORIENTED_EDGE ( 'NONE', *, *, #8367, .F. ) ;
#553 = LINE ( 'NONE', #3543, #2275 ) ;
#555 = CARTESIAN_POINT ( 'NONE',  ( -0.3129461170946813420, 2.560891374920457597, 5.208019656360511007 ) ) ;
#557 = ORIENTED_EDGE ( 'NONE', *, *, #9042, .F. ) ;
#556 = CARTESIAN_POINT ( 'NONE',  ( 0.000000000000000000, 0.000000000000000000, 0.000000000000000000 ) ) ;
#558 = DIRECTION ( 'NONE',  ( -0.7343225094356882199, 0.000000000000000000, 0.6788007455329387874 ) ) ;
#559 = VECTOR ( 'NONE', #7197, 1000.000000000000000 ) ;
#560 = ORIENTED_EDGE ( 'NONE', *, *, #2590, .T. ) ;
#561 = VECTOR ( 'NONE', #3840, 1000.000000000000000 ) ;
#562 = VECTOR ( 'NONE', #1326, 1000.000000000000114 ) ;
#563 = ORIENTED_EDGE ( 'NONE', *, *, #5093, .F. ) ;
#564 = VECTOR ( 'NONE', #3890, 1000.000000000000000 ) ;
#566 = ORIENTED_EDGE ( 'NONE', *, *, #5036, .F. ) ;
#565 = CARTESIAN_POINT ( 'NONE',  ( 0.3750000000000000000, 0.5999999999999999778, -1.049999999999998934 ) ) ;
#567 = DIRECTION ( 'NONE',  ( 0.000000000000000000, 0.000000000000000000, -1.000000000000000000 ) ) ;
#568 = DIRECTION ( 'NONE',  ( -0.000000000000000000, -0.000000000000000000, 1.000000000000000000 ) ) ;
#569 = ORIENTED_EDGE ( 'NONE', *, *, #522, .F. ) ;
#570 = ORIENTED_EDGE ( 'NONE', *, *, #8447, .T. ) ;
#571 = CARTESIAN_POINT ( 'NONE',  ( -6.466838485689897276, 0.000000000000000000, 4.450000000000000178 ) ) ;
#572 = CARTESIAN_POINT ( 'NONE',  ( 3.549999999999998934, 0.2999999999999999889, 3.794707603699265519E-16 ) ) ;
#573 = EDGE_CURVE ( 'NONE', #4274, #2287, #1416, .T. ) ;
#574 = EDGE_CURVE ( 'NONE', #1457, #7463, #9669, .T. ) ;
#575 = ADVANCED_FACE ( 'NONE', ( #4774 ), #6241, .F. ) ;
#576 = ADVANCED_FACE ( 'NONE', ( #5416 ), #1701, .F. ) ;
#577 = VERTEX_POINT ( 'NONE', #7767 ) ;
#579 = ORIENTED_EDGE ( 'NONE', *, *, #1073, .T. ) ;
#578 = LINE ( 'NONE', #7912, #4805 ) ;
#580 = ORIENTED_EDGE ( 'NONE', *, *, #2001, .F. ) ;
#581 = DIRECTION ( 'NONE',  ( 0.2516678542837350596, 0.06042010615679303809, -0.9659258262890699775 ) ) ;
#582 = ORIENTED_EDGE ( 'NONE', *, *, #3627, .T. ) ;
#583 = PLANE ( 'NONE',  #5047 ) ;
#585 = CARTESIAN_POINT ( 'NONE',  ( -6.174999999999998046, 4.200000000000000178, 5.299999999999998046 ) ) ;
#584 = PLANE ( 'NONE',  #8809 ) ;
#586 = LINE ( 'NONE', #9394, #1311 ) ;
#587 = LINE ( 'NONE', #2838, #9338 ) ;
#588 = LINE ( 'NONE', #8348, #5023 ) ;
#589 = LINE ( 'NONE', #5811, #5855 ) ;
#591 = ORIENTED_EDGE ( 'NONE', *, *, #7229, .T. ) ;
#590 = DIRECTION ( 'NONE',  ( 0.000000000000000000, 0.000000000000000000, -1.000000000000000000 ) ) ;
#592 = ORIENTED_EDGE ( 'NONE', *, *, #7227, .T. ) ;
#593 = CARTESIAN_POINT ( 'NONE',  ( 3.957114563163610654, 0.000000000000000000, -4.097712085298143236 ) ) ;
#594 = VERTEX_POINT ( 'NONE', #8302 ) ;
#595 = DIRECTION ( 'NONE',  ( 0.000000000000000000, 0.000000000000000000, 1.000000000000000000 ) ) ;
#596 = CARTESIAN_POINT ( 'NONE',  ( 0.8749999999999995559, 1.100000000000000311, -0.7999999999999988232 ) ) ;
#597 = AXIS2_PLACEMENT_3D ( 'NONE', #2539, #7210, #436 ) ;
#599 = ORIENTED_EDGE ( 'NONE', *, *, #3863, .F. ) ;
#598 = DIRECTION ( 'NONE',  ( -0.9676937674929103617, 0.000000000000000000, -0.2521284838239766235 ) ) ;
#600 = DIRECTION ( 'NONE',  ( 0.000000000000000000, 0.000000000000000000, 1.000000000000000000 ) ) ;
#602 = VERTEX_POINT ( 'NONE', #9227 ) ;
#601 = DIRECTION ( 'NONE',  ( 0.000000000000000000, 0.000000000000000000, -1.000000000000000000 ) ) ;
#603 = DIRECTION ( 'NONE',  ( -0.000000000000000000, -0.000000000000000000, 1.000000000000000000 ) ) ;
#604 = ORIENTED_EDGE ( 'NONE', *, *, #635, .F. ) ;
#605 = CIRCLE ( 'NONE', #6108, 6.400000000000001243 ) ;
#606 = ADVANCED_FACE ( 'NONE', ( #3180 ), #3124, .T. ) ;
#608 = EDGE_LOOP ( 'NONE', ( #3867, #5549, #3003, #2924 ) ) ;
#607 = LINE ( 'NONE', #7405, #1048 ) ;
#609 = VECTOR ( 'NONE', #37, 999.9999999999998863 ) ;
#610 = AXIS2_PLACEMENT_3D ( 'NONE', #446, #3528, #7961 ) ;
#611 = DIRECTION ( 'NONE',  ( -0.000000000000000000, -1.000000000000000000, -0.000000000000000000 ) ) ;
#612 = DIRECTION ( 'NONE',  ( -0.000000000000000000, -1.000000000000000000, -0.000000000000000000 ) ) ;
#613 = ORIENTED_EDGE ( 'NONE', *, *, #9216, .T. ) ;
#614 = ORIENTED_EDGE ( 'NONE', *, *, #8158, .T. ) ;
#615 = CARTESIAN_POINT ( 'NONE',  ( -1.324999999999999067, 0.5999999999999999778, -4.500000000000000000 ) ) ;
#616 = AXIS2_PLACEMENT_3D ( 'NONE', #6696, #2210, #106 ) ;
#617 = CYLINDRICAL_SURFACE ( 'NONE', #2246, 0.2250000000000000333 ) ;
#618 = AXIS2_PLACEMENT_3D ( 'NONE', #4006, #964, #7015 ) ;
#619 = VECTOR ( 'NONE', #8446, 1000.000000000000000 ) ;
#620 = EDGE_LOOP ( 'NONE', ( #5680, #8821, #1242, #2670 ) ) ;
#622 = ORIENTED_EDGE ( 'NONE', *, *, #51, .F. ) ;
#621 = CARTESIAN_POINT ( 'NONE',  ( -1.024999999999999245, 0.5999999999999999778, 2.950000000000000178 ) ) ;
#623 = EDGE_LOOP ( 'NONE', ( #6087, #8187, #2811, #6917 ) ) ;
#624 = DIRECTION ( 'NONE',  ( 0.9396926207859105373, 0.000000000000000000, 0.3420201433256628287 ) ) ;
#625 = ORIENTED_EDGE ( 'NONE', *, *, #4462, .T. ) ;
#626 = AXIS2_PLACEMENT_3D ( 'NONE', #1676, #4046, #1003 ) ;
#627 = VECTOR ( 'NONE', #9399, 1000.000000000000114 ) ;
#628 = CARTESIAN_POINT ( 'NONE',  ( 2.887143597233360559, 3.178901511579296901, 5.299999999999998046 ) ) ;
#630 = CARTESIAN_POINT ( 'NONE',  ( -1.999999999999999112, 4.200000000000000178, -4.957007724752754640 ) ) ;
#629 = DIRECTION ( 'NONE',  ( -0.2334453638558993405, -0.9723699203976780003, 0.000000000000000000 ) ) ;
#631 = PLANE ( 'NONE',  #4296 ) ;
#632 = AXIS2_PLACEMENT_3D ( 'NONE', #3286, #1714, #202 ) ;
#633 = AXIS2_PLACEMENT_3D ( 'NONE', #9702, #4551, #6667 ) ;
#634 = CARTESIAN_POINT ( 'NONE',  ( 0.9000000000000017986, 0.3119011763445350693, -6.657619764731096623 ) ) ;
#635 = EDGE_CURVE ( 'NONE', #9380, #4511, #7693, .T. ) ;
#636 = EDGE_CURVE ( 'NONE', #7853, #4292, #942, .T. ) ;
#637 = DIRECTION ( 'NONE',  ( 0.000000000000000000, 1.445602896647329056E-15, -1.000000000000000000 ) ) ;
#639 = EDGE_LOOP ( 'NONE', ( #6963, #5700, #8299, #7107 ) ) ;
#638 = FACE_OUTER_BOUND ( 'NONE', #8166, .T. ) ;
#640 = EDGE_CURVE ( 'NONE', #2615, #4427, #4571, .T. ) ;
#641 = ORIENTED_EDGE ( 'NONE', *, *, #9530, .T. ) ;
#642 = DIRECTION ( 'NONE',  ( 0.000000000000000000, 0.000000000000000000, 1.000000000000000000 ) ) ;
#644 = CARTESIAN_POINT ( 'NONE',  ( 6.273666803960598060, 4.200000000000000178, -3.732439528362502035 ) ) ;
#643 =( LENGTH_UNIT ( ) NAMED_UNIT ( * ) SI_UNIT ( .MILLI., .METRE. ) );
#645 = VECTOR ( 'NONE', #6199, 1000.000000000000114 ) ;
#646 = DIRECTION ( 'NONE',  ( -0.000000000000000000, -1.000000000000000000, -0.000000000000000000 ) ) ;
#647 = CIRCLE ( 'NONE', #3460, 7.399999999999998579 ) ;
#648 = VECTOR ( 'NONE', #3228, 1000.000000000000000 ) ;
#650 = CARTESIAN_POINT ( 'NONE',  ( -5.219787914004601070, 1.599999999999999867, 5.336184427528452900 ) ) ;
#649 = AXIS2_PLACEMENT_3D ( 'NONE', #2643, #9439, #2695 ) ;
#651 = AXIS2_PLACEMENT_3D ( 'NONE', #6016, #1434, #7388 ) ;
#652 = CARTESIAN_POINT ( 'NONE',  ( -1.424999999999999156, 0.5999999999999999778, -4.499999999999999112 ) ) ;
#654 = VERTEX_POINT ( 'NONE', #3825 ) ;
#653 = CARTESIAN_POINT ( 'NONE',  ( 2.278905617951795026, -2.470794421872755448E-15, 6.406578045772098662 ) ) ;
#655 = DIRECTION ( 'NONE',  ( -0.000000000000000000, 1.000000000000000000, -0.000000000000000000 ) ) ;
#657 = ORIENTED_EDGE ( 'NONE', *, *, #6055, .T. ) ;
#656 = CARTESIAN_POINT ( 'NONE',  ( -0.3749999999999998890, 0.5999999999999999778, -1.049999999999998934 ) ) ;
#658 = LINE ( 'NONE', #8082, #4264 ) ;
#659 = EDGE_LOOP ( 'NONE', ( #4000, #7007, #4259, #690 ) ) ;
#660 = AXIS2_PLACEMENT_3D ( 'NONE', #9226, #5653, #3328 ) ;
#661 = VERTEX_POINT ( 'NONE', #7034 ) ;
#663 = VERTEX_POINT ( 'NONE', #7571 ) ;
#662 = DIRECTION ( 'NONE',  ( 1.000000000000000000, 0.000000000000000000, -5.337610695313253357E-16 ) ) ;
#664 = VECTOR ( 'NONE', #6638, 1000.000000000000000 ) ;
#665 = LINE ( 'NONE', #8823, #4705 ) ;
#666 = EDGE_CURVE ( 'NONE', #6268, #1350, #3083, .T. ) ;
#667 = DIRECTION ( 'NONE',  ( -3.097720492815722728E-16, 0.000000000000000000, 1.000000000000000000 ) ) ;
#668 = ORIENTED_EDGE ( 'NONE', *, *, #3627, .F. ) ;
#669 = PLANE ( 'NONE',  #9684 ) ;
#670 = FACE_OUTER_BOUND ( 'NONE', #8684, .T. ) ;
#671 = EDGE_CURVE ( 'NONE', #2292, #1057, #837, .T. ) ;
#672 = EDGE_CURVE ( 'NONE', #6408, #747, #4620, .T. ) ;
#673 = ORIENTED_EDGE ( 'NONE', *, *, #8829, .T. ) ;
#674 = EDGE_CURVE ( 'NONE', #2326, #5146, #9184, .T. ) ;
#676 = ORIENTED_EDGE ( 'NONE', *, *, #2451, .F. ) ;
#675 = DIRECTION ( 'NONE',  ( 0.000000000000000000, 0.000000000000000000, 1.000000000000000000 ) ) ;
#677 = EDGE_CURVE ( 'NONE', #9729, #3077, #2391, .T. ) ;
#678 = ORIENTED_EDGE ( 'NONE', *, *, #6509, .F. ) ;
#679 = DIRECTION ( 'NONE',  ( 0.000000000000000000, 1.000000000000000000, 0.000000000000000000 ) ) ;
#680 = ORIENTED_EDGE ( 'NONE', *, *, #2945, .F. ) ;
#681 = LINE ( 'NONE', #7513, #4581 ) ;
#683 = DIRECTION ( 'NONE',  ( -0.000000000000000000, 1.000000000000000000, -0.000000000000000000 ) ) ;
#682 = DIRECTION ( 'NONE',  ( 0.000000000000000000, 0.000000000000000000, -1.000000000000000000 ) ) ;
#685 = CARTESIAN_POINT ( 'NONE',  ( -4.549999999999998934, 0.5999999999999999778, 5.849999999999997868 ) ) ;
#684 = CIRCLE ( 'NONE', #3038, 0.2250000000000000888 ) ;
#686 = VECTOR ( 'NONE', #9721, 1000.000000000000000 ) ;
#687 = DIRECTION ( 'NONE',  ( 0.000000000000000000, 0.000000000000000000, 1.000000000000000000 ) ) ;
#688 = LINE ( 'NONE', #2250, #664 ) ;
#690 = ORIENTED_EDGE ( 'NONE', *, *, #4749, .T. ) ;
#689 = PLANE ( 'NONE',  #3764 ) ;
#691 = DIRECTION ( 'NONE',  ( 0.000000000000000000, 0.000000000000000000, -1.000000000000000000 ) ) ;
#692 = LINE ( 'NONE', #8898, #4558 ) ;
#693 = DIRECTION ( 'NONE',  ( 0.000000000000000000, 1.000000000000000000, 0.000000000000000000 ) ) ;
#694 = VECTOR ( 'NONE', #4454, 1000.000000000000114 ) ;
#695 = EDGE_CURVE ( 'NONE', #5322, #6436, #1564, .T. ) ;
#696 = EDGE_CURVE ( 'NONE', #9658, #4808, #930, .T. ) ;
#697 = ADVANCED_FACE ( 'NONE', ( #9081 ), #7616, .T. ) ;
#698 = ADVANCED_FACE ( 'NONE', ( #6923 ), #3874, .T. ) ;
#699 = VECTOR ( 'NONE', #3690, 1000.000000000000000 ) ;
#700 = CARTESIAN_POINT ( 'NONE',  ( -2.887143597233360559, 3.178901511579296901, 5.299999999999998046 ) ) ;
#701 = CARTESIAN_POINT ( 'NONE',  ( 3.918869757271534404E-16, 0.000000000000000000, -4.200000000000001066 ) ) ;
#703 = ORIENTED_EDGE ( 'NONE', *, *, #2305, .T. ) ;
#702 = DIRECTION ( 'NONE',  ( -0.9723699203976780003, 0.2334453638558993682, 0.000000000000000000 ) ) ;
#704 = CYLINDRICAL_SURFACE ( 'NONE', #3301, 7.300000000000003375 ) ;
#706 = ORIENTED_EDGE ( 'NONE', *, *, #735, .T. ) ;
#705 = CARTESIAN_POINT ( 'NONE',  ( -4.174999999999998934, 3.450000000000000622, 5.599999999999997868 ) ) ;
#707 = CARTESIAN_POINT ( 'NONE',  ( 0.000000000000000000, 3.833974596215561803, 0.000000000000000000 ) ) ;
#708 = ORIENTED_EDGE ( 'NONE', *, *, #2577, .F. ) ;
#709 = VECTOR ( 'NONE', #6195, 1000.000000000000000 ) ;
#710 = VERTEX_POINT ( 'NONE', #3976 ) ;
#712 = ORIENTED_EDGE ( 'NONE', *, *, #2104, .T. ) ;
#711 = CARTESIAN_POINT ( 'NONE',  ( -6.616046845367560714, 0.000000000000000000, -3.085113310707079393 ) ) ;
#713 = AXIS2_PLACEMENT_3D ( 'NONE', #9016, #4306, #7305 ) ;
#714 = CARTESIAN_POINT ( 'NONE',  ( -5.424999999999998046, 3.200000000000000622, 5.599999999999999645 ) ) ;
#715 = LINE ( 'NONE', #4451, #6449 ) ;
#716 = VERTEX_POINT ( 'NONE', #248 ) ;
#717 = FACE_OUTER_BOUND ( 'NONE', #3705, .T. ) ;
#718 = DIRECTION ( 'NONE',  ( 0.000000000000000000, 1.000000000000000000, 0.000000000000000000 ) ) ;
#719 = EDGE_CURVE ( 'NONE', #6857, #7404, #3230, .T. ) ;
#720 = VECTOR ( 'NONE', #2215, 1000.000000000000114 ) ;
#721 = VECTOR ( 'NONE', #1877, 1000.000000000000000 ) ;
#723 = ORIENTED_EDGE ( 'NONE', *, *, #9591, .F. ) ;
#722 = CARTESIAN_POINT ( 'NONE',  ( -4.693548073463539971, 3.200000000000000622, 5.846973397313160348 ) ) ;
#724 = ORIENTED_EDGE ( 'NONE', *, *, #1501, .F. ) ;
#725 = CARTESIAN_POINT ( 'NONE',  ( 2.887143597233360559, 3.178901511579296901, 5.599999999999997868 ) ) ;
#726 = ORIENTED_EDGE ( 'NONE', *, *, #8389, .F. ) ;
#727 = ORIENTED_EDGE ( 'NONE', *, *, #2168, .F. ) ;
#728 = LINE ( 'NONE', #9716, #176 ) ;
#730 = DIRECTION ( 'NONE',  ( 0.000000000000000000, 0.000000000000000000, 1.000000000000000000 ) ) ;
#729 = CARTESIAN_POINT ( 'NONE',  ( 4.590942030465839707, 1.599999999999997868, 5.565065611077387508 ) ) ;
#731 = EDGE_CURVE ( 'NONE', #5875, #1729, #6341, .T. ) ;
#732 = DIRECTION ( 'NONE',  ( -0.2334453638558986188, -0.9723699203976782224, 0.000000000000000000 ) ) ;
#733 = ADVANCED_FACE ( 'NONE', ( #9473 ), #5705, .F. ) ;
#734 = DIRECTION ( 'NONE',  ( 0.9743700647852345798, 0.000000000000000000, -0.2249510543438675847 ) ) ;
#735 = EDGE_CURVE ( 'NONE', #4445, #2570, #1082, .T. ) ;
#736 = CARTESIAN_POINT ( 'NONE',  ( 0.9000000000000000222, 0.5999999999999999778, 5.599999999999997868 ) ) ;
#737 = ORIENTED_EDGE ( 'NONE', *, *, #7667, .F. ) ;
#738 = DIRECTION ( 'NONE',  ( 1.084202172485503448E-15, 1.000000000000000000, 1.028464190359078659E-31 ) ) ;
#740 = CARTESIAN_POINT ( 'NONE',  ( 3.918869757271530460E-16, -0.6999999999999999556, 3.299999999999998046 ) ) ;
#739 = DIRECTION ( 'NONE',  ( -0.000000000000000000, -0.000000000000000000, 1.000000000000000000 ) ) ;
#741 = DIRECTION ( 'NONE',  ( 1.000000000000000000, 0.000000000000000000, 2.710505431213760592E-16 ) ) ;
#742 = ADVANCED_FACE ( 'NONE', ( #7076 ), #8597, .T. ) ;
#743 = AXIS2_PLACEMENT_3D ( 'NONE', #571, #2773, #3559 ) ;
#744 = DIRECTION ( 'NONE',  ( -0.000000000000000000, 1.000000000000000000, -0.000000000000000000 ) ) ;
#745 = CARTESIAN_POINT ( 'NONE',  ( 5.674999999999997158, 1.599999999999997202, 5.599999999999997868 ) ) ;
#747 = VERTEX_POINT ( 'NONE', #525 ) ;
#746 = DIRECTION ( 'NONE',  ( 0.2334453638558993960, 0.9723699203976781114, 3.320040592046328162E-15 ) ) ;
#748 = CARTESIAN_POINT ( 'NONE',  ( 3.749999999999999112, 4.200000000000000178, 1.325000000000000400 ) ) ;
#750 = EDGE_LOOP ( 'NONE', ( #3798, #3913, #2291, #1767 ) ) ;
#749 = DIRECTION ( 'NONE',  ( 0.000000000000000000, 1.000000000000000000, 0.000000000000000000 ) ) ;
#751 = EDGE_CURVE ( 'NONE', #5648, #6126, #6526, .T. ) ;
#752 = DIRECTION ( 'NONE',  ( -0.000000000000000000, 1.000000000000000000, 1.442810774098246915E-15 ) ) ;
#753 = EDGE_CURVE ( 'NONE', #1638, #7908, #2786, .T. ) ;
#754 = ORIENTED_EDGE ( 'NONE', *, *, #7346, .T. ) ;
#755 = EDGE_CURVE ( 'NONE', #9688, #423, #2473, .T. ) ;
#756 = CIRCLE ( 'NONE', #9705, 7.399999999999999467 ) ;
#757 = CARTESIAN_POINT ( 'NONE',  ( -1.050000000000000044, 0.000000000000000000, -6.190000000000002167 ) ) ;
#758 = ORIENTED_EDGE ( 'NONE', *, *, #9673, .F. ) ;
#760 = ORIENTED_EDGE ( 'NONE', *, *, #1961, .T. ) ;
#759 = CARTESIAN_POINT ( 'NONE',  ( 0.9000000000000000222, 0.3000000000000000444, 5.899999999999997691 ) ) ;
#761 = ADVANCED_FACE ( 'NONE', ( #3329 ), #8732, .F. ) ;
#762 = DIRECTION ( 'NONE',  ( 0.000000000000000000, 0.000000000000000000, 1.000000000000000000 ) ) ;
#763 = FACE_OUTER_BOUND ( 'NONE', #4874, .T. ) ;
#764 = EDGE_CURVE ( 'NONE', #385, #4656, #5611, .T. ) ;
#765 = EDGE_CURVE ( 'NONE', #1729, #4499, #4858, .T. ) ;
#766 = VERTEX_POINT ( 'NONE', #4211 ) ;
#767 = EDGE_CURVE ( 'NONE', #6517, #8708, #2317, .T. ) ;
#768 = DIRECTION ( 'NONE',  ( 0.000000000000000000, 0.000000000000000000, -1.000000000000000000 ) ) ;
#769 = AXIS2_PLACEMENT_3D ( 'NONE', #1453, #8972, #9517 ) ;
#770 = DIRECTION ( 'NONE',  ( 0.000000000000000000, 1.000000000000000000, -0.000000000000000000 ) ) ;
#771 = VECTOR ( 'NONE', #9500, 1000.000000000000000 ) ;
#773 = EDGE_LOOP ( 'NONE', ( #5955, #5349, #4363, #4312 ) ) ;
#772 = LINE ( 'NONE', #3266, #6375 ) ;
#774 = VERTEX_POINT ( 'NONE', #1174 ) ;
#775 = DIRECTION ( 'NONE',  ( -0.000000000000000000, 1.000000000000000000, -0.000000000000000000 ) ) ;
#776 = LINE ( 'NONE', #7508, #5094 ) ;
#777 = VERTEX_POINT ( 'NONE', #4171 ) ;
#778 = ORIENTED_EDGE ( 'NONE', *, *, #332, .T. ) ;
#779 = VERTEX_POINT ( 'NONE', #4871 ) ;
#780 = DIRECTION ( 'NONE',  ( 0.000000000000000000, -0.000000000000000000, 1.000000000000000000 ) ) ;
#782 = DIRECTION ( 'NONE',  ( 0.000000000000000000, 0.000000000000000000, 1.000000000000000000 ) ) ;
#781 = CARTESIAN_POINT ( 'NONE',  ( -5.674999999999997158, 3.450000000000000622, 5.599999999999997868 ) ) ;
#783 = AXIS2_PLACEMENT_3D ( 'NONE', #5122, #1611, #4615 ) ;
#784 = DIRECTION ( 'NONE',  ( 0.000000000000000000, 0.000000000000000000, 1.000000000000000000 ) ) ;
#785 = ADVANCED_FACE ( 'NONE', ( #4267 ), #6433, .T. ) ;
#786 = VERTEX_POINT ( 'NONE', #2730 ) ;
#787 = VECTOR ( 'NONE', #6062, 1000.000000000000000 ) ;
#788 = DIRECTION ( 'NONE',  ( -0.9396926207859105373, 0.000000000000000000, -0.3420201433256631063 ) ) ;
#789 = AXIS2_PLACEMENT_3D ( 'NONE', #6124, #7455, #5346 ) ;
#790 = CIRCLE ( 'NONE', #8006, 0.8000000000000001554 ) ;
#791 = FACE_OUTER_BOUND ( 'NONE', #4388, .T. ) ;
#792 = ORIENTED_EDGE ( 'NONE', *, *, #5960, .F. ) ;
#793 = DIRECTION ( 'NONE',  ( -1.000000000000000000, 0.000000000000000000, 0.000000000000000000 ) ) ;
#795 = CARTESIAN_POINT ( 'NONE',  ( 3.594691988755335466, 4.200000000000000178, -6.353596580361256407 ) ) ;
#794 = LINE ( 'NONE', #8456, #7564 ) ;
#796 = DIRECTION ( 'NONE',  ( 0.000000000000000000, 0.000000000000000000, -1.000000000000000000 ) ) ;
#797 = VECTOR ( 'NONE', #8126, 1000.000000000000000 ) ;
#798 = AXIS2_PLACEMENT_3D ( 'NONE', #2621, #5640, #7299 ) ;
#799 = ADVANCED_FACE ( 'NONE', ( #478 ), #5748, .T. ) ;
#800 = FACE_OUTER_BOUND ( 'NONE', #2396, .T. ) ;
#801 = CARTESIAN_POINT ( 'NONE',  ( -0.9000000000000001332, 0.2499999999999999445, -6.190000000000003055 ) ) ;
#803 = VERTEX_POINT ( 'NONE', #3418 ) ;
#802 = DIRECTION ( 'NONE',  ( -0.000000000000000000, -0.9659258262890699775, 0.2588190451025145777 ) ) ;
#804 = AXIS2_PLACEMENT_3D ( 'NONE', #3635, #5279, #8216 ) ;
#805 = VECTOR ( 'NONE', #3647, 1000.000000000000000 ) ;
#806 = FACE_OUTER_BOUND ( 'NONE', #2136, .T. ) ;
#808 = ORIENTED_EDGE ( 'NONE', *, *, #5881, .T. ) ;
#807 = CARTESIAN_POINT ( 'NONE',  ( 0.9000000000000017986, 0.08330823441174400878, -6.463338353117654478 ) ) ;
#809 = FACE_OUTER_BOUND ( 'NONE', #6983, .T. ) ;
#810 = EDGE_LOOP ( 'NONE', ( #935, #331, #4741, #7049 ) ) ;
#811 = CONICAL_SURFACE ( 'NONE', #6617, 5.900000000000000355, 1.308996938995747428 ) ;
#812 = VECTOR ( 'NONE', #1142, 1000.000000000000227 ) ;
#813 = CARTESIAN_POINT ( 'NONE',  ( -5.424999999999998046, 3.200000000000000622, 5.899999999999997691 ) ) ;
#814 = ORIENTED_EDGE ( 'NONE', *, *, #8158, .F. ) ;
#816 = VERTEX_POINT ( 'NONE', #1260 ) ;
#815 = LINE ( 'NONE', #5343, #4818 ) ;
#817 = CARTESIAN_POINT ( 'NONE',  ( -3.249999999999999556, 0.5999999999999999778, 3.794707603699265519E-16 ) ) ;
#818 = DIRECTION ( 'NONE',  ( 0.000000000000000000, 0.000000000000000000, -1.000000000000000000 ) ) ;
#819 = ORIENTED_EDGE ( 'NONE', *, *, #9206, .F. ) ;
#820 = VECTOR ( 'NONE', #7678, 1000.000000000000000 ) ;
#821 = ORIENTED_EDGE ( 'NONE', *, *, #9107, .T. ) ;
#822 = DIRECTION ( 'NONE',  ( -0.000000000000000000, -1.000000000000000000, -0.000000000000000000 ) ) ;
#823 = FACE_OUTER_BOUND ( 'NONE', #1644, .T. ) ;
#824 = ORIENTED_EDGE ( 'NONE', *, *, #411, .T. ) ;
#825 = EDGE_CURVE ( 'NONE', #1149, #3465, #756, .T. ) ;
#826 = EDGE_CURVE ( 'NONE', #5593, #6692, #7128, .T. ) ;
#827 = VECTOR ( 'NONE', #1194, 1000.000000000000000 ) ;
#828 = EDGE_CURVE ( 'NONE', #2581, #6436, #5485, .T. ) ;
#830 = EDGE_LOOP ( 'NONE', ( #2166, #6723, #2308, #599 ) ) ;
#829 = CARTESIAN_POINT ( 'NONE',  ( 4.693548073463540860, 3.199999999999999289, 5.846973397313161236 ) ) ;
#831 = ORIENTED_EDGE ( 'NONE', *, *, #5746, .F. ) ;
#832 = CARTESIAN_POINT ( 'NONE',  ( 1.400000000000000799, 0.000000000000000000, 6.517713239141811776 ) ) ;
#833 = VERTEX_POINT ( 'NONE', #2963 ) ;
#834 = ORIENTED_EDGE ( 'NONE', *, *, #2430, .F. ) ;
#835 = CARTESIAN_POINT ( 'NONE',  ( -1.999999999999999112, 0.2999999999999999889, -1.324999999999999512 ) ) ;
#837 = LINE ( 'NONE', #1616, #619 ) ;
#836 = PLANE ( 'NONE',  #7109 ) ;
#838 = DIRECTION ( 'NONE',  ( 0.000000000000000000, 0.000000000000000000, 1.000000000000000000 ) ) ;
#839 = AXIS2_PLACEMENT_3D ( 'NONE', #4078, #7087, #351 ) ;
#840 = ORIENTED_EDGE ( 'NONE', *, *, #205, .T. ) ;
#841 = CARTESIAN_POINT ( 'NONE',  ( 0.000000000000000000, 0.000000000000000000, 0.000000000000000000 ) ) ;
#842 = DIRECTION ( 'NONE',  ( -0.000000000000000000, -1.000000000000000000, -0.000000000000000000 ) ) ;
#843 = VERTEX_POINT ( 'NONE', #6721 ) ;
#844 = DIRECTION ( 'NONE',  ( -0.000000000000000000, -1.000000000000000000, -0.000000000000000000 ) ) ;
#846 = CARTESIAN_POINT ( 'NONE',  ( 0.000000000000000000, 0.000000000000000000, 0.000000000000000000 ) ) ;
#845 = LINE ( 'NONE', #6151, #4110 ) ;
#847 = CARTESIAN_POINT ( 'NONE',  ( -0.8999999999999998002, 0.5999999999999998668, 5.299999999999998046 ) ) ;
#848 = EDGE_CURVE ( 'NONE', #8908, #8297, #7356, .T. ) ;
#849 = VECTOR ( 'NONE', #7664, 1000.000000000000000 ) ;
#850 = CIRCLE ( 'NONE', #218, 0.2250000000000000333 ) ;
#851 = ADVANCED_FACE ( 'NONE', ( #717 ), #2032, .F. ) ;
#852 = VERTEX_POINT ( 'NONE', #8047 ) ;
#853 = DIRECTION ( 'NONE',  ( 2.302730277845320112E-16, 0.000000000000000000, 1.000000000000000000 ) ) ;
#855 = ORIENTED_EDGE ( 'NONE', *, *, #9230, .F. ) ;
#854 = LINE ( 'NONE', #3841, #4338 ) ;
#856 = VECTOR ( 'NONE', #3169, 1000.000000000000000 ) ;
#857 = CARTESIAN_POINT ( 'NONE',  ( 1.899999999999998801, 0.5999999999999999778, -1.224999999999999423 ) ) ;
#859 = VERTEX_POINT ( 'NONE', #8242 ) ;
#858 = CARTESIAN_POINT ( 'NONE',  ( 0.000000000000000000, 0.000000000000000000, 0.000000000000000000 ) ) ;
#860 = DIRECTION ( 'NONE',  ( 0.000000000000000000, 0.000000000000000000, -1.000000000000000000 ) ) ;
#861 = EDGE_CURVE ( 'NONE', #1729, #4655, #8878, .T. ) ;
#862 = VECTOR ( 'NONE', #8328, 1000.000000000000000 ) ;
#863 = DIRECTION ( 'NONE',  ( 1.000000000000000000, 3.093406186374440349E-32, 3.530397586997124897E-48 ) ) ;
#864 = EDGE_LOOP ( 'NONE', ( #2239, #89, #1204, #2119, #4614, #2139, #1960, #866, #6536, #8819, #5910, #9021, #7467, #3063, #1524, #7802, #4441, #2311, #5049, #5180, #8781, #16, #3598, #5559, #1363, #881, #7418, #2333, #3754, #6431, #5489, #7537, #676, #4760 ) ) ;
#866 = ORIENTED_EDGE ( 'NONE', *, *, #8191, .T. ) ;
#865 = CARTESIAN_POINT ( 'NONE',  ( 0.9000000000000000222, 0.3000000000000000444, 5.899999999999997691 ) ) ;
#867 = CARTESIAN_POINT ( 'NONE',  ( -0.9000000000000000222, 0.5999999999999999778, -6.190000000000002167 ) ) ;
#868 = PLANE ( 'NONE',  #9576 ) ;
#869 = AXIS2_PLACEMENT_3D ( 'NONE', #4422, #3042, #5224 ) ;
#870 = VERTEX_POINT ( 'NONE', #4453 ) ;
#871 = VERTEX_POINT ( 'NONE', #3656 ) ;
#872 = PLANE ( 'NONE',  #5379 ) ;
#873 = DIRECTION ( 'NONE',  ( 0.000000000000000000, -1.000000000000000000, 0.000000000000000000 ) ) ;
#874 = ADVANCED_FACE ( 'NONE', ( #5198 ), #669, .F. ) ;
#875 = AXIS2_PLACEMENT_3D ( 'NONE', #1349, #3651, #2078 ) ;
#877 = ORIENTED_EDGE ( 'NONE', *, *, #9107, .F. ) ;
#876 = CARTESIAN_POINT ( 'NONE',  ( 4.693548073463539083, 1.599999999999997646, 5.846973397313161236 ) ) ;
#878 = CARTESIAN_POINT ( 'NONE',  ( 2.157866156935102087, 3.003817488687372528, 5.299999999999998046 ) ) ;
#879 = DIRECTION ( 'NONE',  ( 0.000000000000000000, -0.000000000000000000, 1.000000000000000000 ) ) ;
#880 = EDGE_LOOP ( 'NONE', ( #592, #275, #2268, #5641, #1099, #161, #6179, #3371, #4694, #7685, #2765, #1016, #8462, #6981, #4753, #6260, #7635, #5470, #2299 ) ) ;
#881 = ORIENTED_EDGE ( 'NONE', *, *, #2850, .T. ) ;
#882 = CARTESIAN_POINT ( 'NONE',  ( -5.674999999999997158, 1.599999999999999867, 5.599999999999997868 ) ) ;
#884 = DIRECTION ( 'NONE',  ( 0.000000000000000000, 0.000000000000000000, -1.000000000000000000 ) ) ;
#883 = PLANE ( 'NONE',  #8195 ) ;
#885 = EDGE_CURVE ( 'NONE', #2122, #2554, #4534, .T. ) ;
#886 = EDGE_CURVE ( 'NONE', #6156, #3557, #5789, .T. ) ;
#887 = DIRECTION ( 'NONE',  ( -0.9723699203976781114, 0.2334453638558991462, -0.000000000000000000 ) ) ;
#888 = CIRCLE ( 'NONE', #7476, 0.1000000000000002554 ) ;
#889 = EDGE_CURVE ( 'NONE', #3170, #9114, #7412, .T. ) ;
#890 = DIRECTION ( 'NONE',  ( 0.000000000000000000, 0.000000000000000000, 1.000000000000000000 ) ) ;
#891 = VECTOR ( 'NONE', #1959, 1000.000000000000000 ) ;
#892 = CARTESIAN_POINT ( 'NONE',  ( 0.9000000000000016875, 0.5166917655882565796, -6.416661646882351633 ) ) ;
#893 = EDGE_LOOP ( 'NONE', ( #9558, #8439 ) ) ;
#894 = EDGE_CURVE ( 'NONE', #2554, #1640, #5468, .T. ) ;
#895 = DIRECTION ( 'NONE',  ( -0.000000000000000000, -1.000000000000000000, -0.000000000000000000 ) ) ;
#897 = CARTESIAN_POINT ( 'NONE',  ( -1.899999999999997913, 0.5999999999999999778, 4.049999999999998934 ) ) ;
#896 = DIRECTION ( 'NONE',  ( 1.000000000000000000, 1.260700200564540276E-17, 0.000000000000000000 ) ) ;
#898 = EDGE_CURVE ( 'NONE', #4318, #4864, #6711, .T. ) ;
#899 = LINE ( 'NONE', #9147, #8377 ) ;
#900 = ORIENTED_EDGE ( 'NONE', *, *, #4029, .F. ) ;
#901 = LINE ( 'NONE', #4682, #3503 ) ;
#902 = LINE ( 'NONE', #6159, #1285 ) ;
#904 = ORIENTED_EDGE ( 'NONE', *, *, #7893, .F. ) ;
#903 = CARTESIAN_POINT ( 'NONE',  ( -2.157866156935102087, 3.003817488687372528, 5.599999999999997868 ) ) ;
#905 = CARTESIAN_POINT ( 'NONE',  ( -3.679448476671462132, 0.000000000000000000, -4.087989592393803662 ) ) ;
#907 = ORIENTED_EDGE ( 'NONE', *, *, #1179, .T. ) ;
#906 = CARTESIAN_POINT ( 'NONE',  ( 3.918869757271530460E-16, -0.5999999999999980904, 3.299999999999998046 ) ) ;
#908 = LINE ( 'NONE', #7639, #976 ) ;
#909 = DIRECTION ( 'NONE',  ( 0.7343225094356882199, 0.000000000000000000, -0.6788007455329388984 ) ) ;
#910 = ORIENTED_EDGE ( 'NONE', *, *, #8514, .F. ) ;
#912 = ORIENTED_EDGE ( 'NONE', *, *, #4289, .T. ) ;
#911 = FACE_OUTER_BOUND ( 'NONE', #9552, .T. ) ;
#913 = CARTESIAN_POINT ( 'NONE',  ( 0.9000000000000000222, 0.3000000000000000444, 5.899999999999997691 ) ) ;
#914 = LINE ( 'NONE', #4758, #8649 ) ;
#915 = ORIENTED_EDGE ( 'NONE', *, *, #1358, .F. ) ;
#916 = VERTEX_POINT ( 'NONE', #7459 ) ;
#917 = DIRECTION ( 'NONE',  ( 1.000000000000000000, -0.000000000000000000, 0.000000000000000000 ) ) ;
#918 = EDGE_CURVE ( 'NONE', #8089, #1559, #3710, .T. ) ;
#919 = VERTEX_POINT ( 'NONE', #4313 ) ;
#920 = EDGE_CURVE ( 'NONE', #2875, #816, #5936, .T. ) ;
#921 = ORIENTED_EDGE ( 'NONE', *, *, #231, .T. ) ;
#923 = ORIENTED_EDGE ( 'NONE', *, *, #8691, .F. ) ;
#922 = LINE ( 'NONE', #182, #6530 ) ;
#924 = DIRECTION ( 'NONE',  ( 0.000000000000000000, 0.000000000000000000, 1.000000000000000000 ) ) ;
#925 = CYLINDRICAL_SURFACE ( 'NONE', #6599, 0.3750000000000000000 ) ;
#926 = VERTEX_POINT ( 'NONE', #7312 ) ;
#927 = ORIENTED_EDGE ( 'NONE', *, *, #7025, .F. ) ;
#928 = DIRECTION ( 'NONE',  ( 0.000000000000000000, -0.9659258262890700886, 0.2588190451025144667 ) ) ;
#930 = LINE ( 'NONE', #93, #6441 ) ;
#929 = CARTESIAN_POINT ( 'NONE',  ( 2.157866156935102531, 3.003817488687372528, 2.299999999999997602 ) ) ;
#931 = CARTESIAN_POINT ( 'NONE',  ( -5.322393957002300446, 3.200000000000000622, 5.618092213764226628 ) ) ;
#932 = VECTOR ( 'NONE', #5282, 1000.000000000000000 ) ;
#933 = LINE ( 'NONE', #1664, #9020 ) ;
#934 = CARTESIAN_POINT ( 'NONE',  ( -1.399999999999999245, 4.200000000000000178, 6.517713239141810000 ) ) ;
#935 = ORIENTED_EDGE ( 'NONE', *, *, #1891, .T. ) ;
#936 = AXIS2_PLACEMENT_3D ( 'NONE', #433, #3415, #6429 ) ;
#937 = CARTESIAN_POINT ( 'NONE',  ( 1.050000000000000044, 0.2999999999999999889, -5.400000000000000355 ) ) ;
#939 = DIRECTION ( 'NONE',  ( 0.000000000000000000, 0.000000000000000000, 1.000000000000000000 ) ) ;
#938 = DIRECTION ( 'NONE',  ( 0.9723699203976782224, 0.2334453638558989796, -0.000000000000000000 ) ) ;
#940 = DIRECTION ( 'NONE',  ( -0.000000000000000000, -0.000000000000000000, 1.000000000000000000 ) ) ;
#941 = VECTOR ( 'NONE', #6270, 1000.000000000000000 ) ;
#942 = CIRCLE ( 'NONE', #4718, 7.400000000000000355 ) ;
#943 = EDGE_CURVE ( 'NONE', #2348, #5039, #2134, .T. ) ;
#944 = CIRCLE ( 'NONE', #5818, 0.1000000000000002554 ) ;
#945 = EDGE_CURVE ( 'NONE', #2262, #126, #8827, .T. ) ;
#946 = ORIENTED_EDGE ( 'NONE', *, *, #1412, .T. ) ;
#947 = EDGE_CURVE ( 'NONE', #4599, #594, #5106, .T. ) ;
#948 = CARTESIAN_POINT ( 'NONE',  ( 0.000000000000000000, 0.000000000000000000, -0.000000000000000000 ) ) ;
#949 = LINE ( 'NONE', #6888, #4585 ) ;
#951 = ORIENTED_EDGE ( 'NONE', *, *, #1662, .T. ) ;
#950 = DIRECTION ( 'NONE',  ( -0.9081431738250895780, 0.000000000000000000, 0.4186597375374103702 ) ) ;
#952 = LINE ( 'NONE', #213, #6604 ) ;
#954 = EDGE_LOOP ( 'NONE', ( #7380, #1248, #7547, #2179 ) ) ;
#953 = LINE ( 'NONE', #67, #6307 ) ;
#955 = DIRECTION ( 'NONE',  ( 0.000000000000000000, 1.000000000000000000, -0.000000000000000000 ) ) ;
#956 = VECTOR ( 'NONE', #7899, 1000.000000000000000 ) ;
#957 = ORIENTED_EDGE ( 'NONE', *, *, #1903, .T. ) ;
#958 = VECTOR ( 'NONE', #7724, 1000.000000000000000 ) ;
#960 = CARTESIAN_POINT ( 'NONE',  ( -0.8749999999999995559, 0.4700298732486079545, -0.06011787616176798160 ) ) ;
#959 = VECTOR ( 'NONE', #4431, 1000.000000000000000 ) ;
#961 = ORIENTED_EDGE ( 'NONE', *, *, #7194, .T. ) ;
#963 = ORIENTED_EDGE ( 'NONE', *, *, #49, .T. ) ;
#962 = FACE_OUTER_BOUND ( 'NONE', #5826, .T. ) ;
#964 = DIRECTION ( 'NONE',  ( 0.000000000000000000, -0.000000000000000000, 1.000000000000000000 ) ) ;
#965 = CARTESIAN_POINT ( 'NONE',  ( 0.3750000000000000000, 0.5999999999999999778, -0.7999999999999988232 ) ) ;
#967 = ORIENTED_EDGE ( 'NONE', *, *, #7672, .F. ) ;
#966 = CARTESIAN_POINT ( 'NONE',  ( 0.000000000000000000, 4.200000000000000178, 0.000000000000000000 ) ) ;
#968 = ORIENTED_EDGE ( 'NONE', *, *, #9395, .F. ) ;
#969 = AXIS2_PLACEMENT_3D ( 'NONE', #3549, #7809, #1080 ) ;
#970 = VECTOR ( 'NONE', #5374, 1000.000000000000000 ) ;
#971 = EDGE_CURVE ( 'NONE', #833, #7417, #4271, .T. ) ;
#972 = EDGE_LOOP ( 'NONE', ( #1118, #2056, #8599, #1869 ) ) ;
#973 = EDGE_CURVE ( 'NONE', #3411, #9327, #6620, .T. ) ;
#975 = ORIENTED_EDGE ( 'NONE', *, *, #9416, .F. ) ;
#974 = CARTESIAN_POINT ( 'NONE',  ( -1.649999999999997913, 0.5999999999999999778, 4.050000000000000711 ) ) ;
#976 = VECTOR ( 'NONE', #2907, 1000.000000000000000 ) ;
#977 = AXIS2_PLACEMENT_3D ( 'NONE', #1051, #4043, #4841 ) ;
#978 = CARTESIAN_POINT ( 'NONE',  ( -1.999999999999999112, 4.200000000000000178, -1.324999999999999512 ) ) ;
#979 = PLANE ( 'NONE',  #4087 ) ;
#980 = VERTEX_POINT ( 'NONE', #7555 ) ;
#981 = LINE ( 'NONE', #882, #9442 ) ;
#983 = CARTESIAN_POINT ( 'NONE',  ( 6.700000000000000178, 4.200000000000000178, 6.149999999999997691 ) ) ;
#982 = PLANE ( 'NONE',  #9604 ) ;
#984 = LINE ( 'NONE', #8402, #849 ) ;
#985 = EDGE_CURVE ( 'NONE', #5941, #716, #3860, .T. ) ;
#986 = EDGE_CURVE ( 'NONE', #4860, #8676, #7604, .T. ) ;
#987 = AXIS2_PLACEMENT_3D ( 'NONE', #5561, #9199, #3194 ) ;
#988 = ADVANCED_FACE ( 'NONE', ( #3069 ), #872, .T. ) ;
#989 = CARTESIAN_POINT ( 'NONE',  ( 0.000000000000000000, 4.200000000000000178, 0.000000000000000000 ) ) ;
#990 = LINE ( 'NONE', #8357, #9608 ) ;
#991 = ORIENTED_EDGE ( 'NONE', *, *, #6954, .F. ) ;
#992 = VECTOR ( 'NONE', #3184, 999.9999999999998863 ) ;
#993 = CARTESIAN_POINT ( 'NONE',  ( -5.674999999999997158, 3.200000000000000622, 5.599999999999997868 ) ) ;
#995 = CARTESIAN_POINT ( 'NONE',  ( 0.000000000000000000, 0.000000000000000000, 0.000000000000000000 ) ) ;
#994 = DIRECTION ( 'NONE',  ( 0.000000000000000000, 0.000000000000000000, 1.000000000000000000 ) ) ;
#996 = DIRECTION ( 'NONE',  ( 0.000000000000000000, 1.000000000000000000, -0.000000000000000000 ) ) ;
#997 = EDGE_CURVE ( 'NONE', #2575, #6900, #5305, .T. ) ;
#998 = ORIENTED_EDGE ( 'NONE', *, *, #6649, .T. ) ;
#999 = FACE_OUTER_BOUND ( 'NONE', #2954, .T. ) ;
#1000 = CARTESIAN_POINT ( 'NONE',  ( -1.050000000000000044, 0.000000000000000000, -7.325127985230018623 ) ) ;
#1002 = ORIENTED_EDGE ( 'NONE', *, *, #1471, .F. ) ;
#1001 = CARTESIAN_POINT ( 'NONE',  ( -1.999999999999999112, 0.2999999999999999889, -4.957007724752754640 ) ) ;
#1003 = DIRECTION ( 'NONE',  ( 0.000000000000000000, 0.000000000000000000, -1.000000000000000000 ) ) ;
#1005 = ORIENTED_EDGE ( 'NONE', *, *, #5151, .F. ) ;
#1004 = DIRECTION ( 'NONE',  ( -1.000000000000000000, 0.000000000000000000, 1.758787277686376500E-16 ) ) ;
#1006 = LINE ( 'NONE', #1830, #6884 ) ;
#1007 = VECTOR ( 'NONE', #9038, 1000.000000000000114 ) ;
#1008 = EDGE_CURVE ( 'NONE', #8393, #871, #6862, .T. ) ;
#1009 = EDGE_CURVE ( 'NONE', #8616, #6877, #3812, .T. ) ;
#1010 = EDGE_CURVE ( 'NONE', #2524, #423, #6082, .T. ) ;
#1011 = AXIS2_PLACEMENT_3D ( 'NONE', #7419, #679, #6775 ) ;
#1012 = EDGE_CURVE ( 'NONE', #1500, #8602, #5350, .T. ) ;
#1013 = CARTESIAN_POINT ( 'NONE',  ( 0.9000000000000017986, 0.3500000000000007550, -6.690000000000003055 ) ) ;
#1014 = VERTEX_POINT ( 'NONE', #9639 ) ;
#1016 = ORIENTED_EDGE ( 'NONE', *, *, #1088, .T. ) ;
#1015 = CARTESIAN_POINT ( 'NONE',  ( -4.549999999999998934, 4.200000000000000178, 8.049999999999998934 ) ) ;
#1017 = DIRECTION ( 'NONE',  ( -0.000000000000000000, -1.000000000000000000, -0.000000000000000000 ) ) ;
#1018 = LINE ( 'NONE', #7841, #8222 ) ;
#1020 = EDGE_LOOP ( 'NONE', ( #1885, #4277, #374, #6219 ) ) ;
#1019 = FACE_OUTER_BOUND ( 'NONE', #5313, .T. ) ;
#1021 = ORIENTED_EDGE ( 'NONE', *, *, #5880, .F. ) ;
#1022 = AXIS2_PLACEMENT_3D ( 'NONE', #6265, #8529, #5806 ) ;
#1023 = ORIENTED_EDGE ( 'NONE', *, *, #7215, .T. ) ;
#1024 = ORIENTED_EDGE ( 'NONE', *, *, #9174, .T. ) ;
#1026 = ORIENTED_EDGE ( 'NONE', *, *, #767, .F. ) ;
#1025 = CARTESIAN_POINT ( 'NONE',  ( -1.899999999999998801, 0.5999999999999999778, -1.224999999999999423 ) ) ;
#1027 = VECTOR ( 'NONE', #8891, 1000.000000000000227 ) ;
#1028 = DIRECTION ( 'NONE',  ( 0.9723699203976778893, 0.2334453638558999511, 0.000000000000000000 ) ) ;
#1029 = DIRECTION ( 'NONE',  ( -0.9271838545667896447, 0.000000000000000000, -0.3746065934159064637 ) ) ;
#1030 = EDGE_CURVE ( 'NONE', #4673, #2756, #7574, .T. ) ;
#1031 = ORIENTED_EDGE ( 'NONE', *, *, #1418, .T. ) ;
#1032 = LINE ( 'NONE', #5414, #1745 ) ;
#1034 = DIRECTION ( 'NONE',  ( -0.9676937674929103617, 0.000000000000000000, -0.2521284838239766235 ) ) ;
#1033 = DIRECTION ( 'NONE',  ( 0.2243753187149420680, -0.000000000000000000, 0.9745028046914838704 ) ) ;
#1035 = DIRECTION ( 'NONE',  ( 0.2656610736153537378, 0.000000000000000000, -0.9640664883531309126 ) ) ;
#1036 = VECTOR ( 'NONE', #8591, 1000.000000000000000 ) ;
#1037 = ORIENTED_EDGE ( 'NONE', *, *, #5036, .T. ) ;
#1038 = CYLINDRICAL_SURFACE ( 'NONE', #9651, 7.399999999999998579 ) ;
#1039 = PRODUCT_DEFINITION_CONTEXT ( 'detailed design', #1895, 'design' ) ;
#1040 = FACE_OUTER_BOUND ( 'NONE', #9163, .T. ) ;
#1041 = ORIENTED_EDGE ( 'NONE', *, *, #4927, .T. ) ;
#1042 = AXIS2_PLACEMENT_3D ( 'NONE', #1800, #6182, #7805 ) ;
#1043 = PLANE ( 'NONE',  #2359 ) ;
#1045 = CARTESIAN_POINT ( 'NONE',  ( -2.321277911634230584, 2.323158544409007042, 2.299999999999995826 ) ) ;
#1044 = PLANE ( 'NONE',  #7719 ) ;
#1046 = DIRECTION ( 'NONE',  ( 0.9832549075639538394, 0.000000000000000000, 0.1822355254921516898 ) ) ;
#1047 = ADVANCED_FACE ( 'NONE', ( #7484 ), #1529, .F. ) ;
#1048 = VECTOR ( 'NONE', #5978, 1000.000000000000000 ) ;
#1049 = ORIENTED_EDGE ( 'NONE', *, *, #3458, .T. ) ;
#1050 = PLANE ( 'NONE',  #1469 ) ;
#1051 = CARTESIAN_POINT ( 'NONE',  ( -1.649999999999997913, 0.2999999999999999889, 4.050000000000000711 ) ) ;
#1053 = ORIENTED_EDGE ( 'NONE', *, *, #6672, .F. ) ;
#1052 = CARTESIAN_POINT ( 'NONE',  ( -2.133942768563686254, 0.000000000000000000, -5.281693692414842545 ) ) ;
#1054 = CARTESIAN_POINT ( 'NONE',  ( -2.319379539477044450, 0.000000000000000000, -5.206772373731661574 ) ) ;
#1056 = EDGE_LOOP ( 'NONE', ( #3566, #5929, #3619, #6994 ) ) ;
#1055 = DIRECTION ( 'NONE',  ( -1.000000000000000000, 0.000000000000000000, -2.710505431213760099E-16 ) ) ;
#1057 = VERTEX_POINT ( 'NONE', #6744 ) ;
#1058 = ADVANCED_FACE ( 'NONE', ( #5132 ), #5, .T. ) ;
#1059 = CARTESIAN_POINT ( 'NONE',  ( 0.000000000000000000, 0.000000000000000000, 4.899999999999999467 ) ) ;
#1060 = ORIENTED_EDGE ( 'NONE', *, *, #3336, .T. ) ;
#1061 = ORIENTED_EDGE ( 'NONE', *, *, #5785, .F. ) ;
#1062 = ORIENTED_EDGE ( 'NONE', *, *, #755, .F. ) ;
#1064 = EDGE_LOOP ( 'NONE', ( #8769, #6080, #9275, #9034 ) ) ;
#1063 = DIRECTION ( 'NONE',  ( 0.000000000000000000, 0.000000000000000000, -1.000000000000000000 ) ) ;
#1066 = EDGE_CURVE ( 'NONE', #2581, #2938, #3586, .T. ) ;
#1065 = DIRECTION ( 'NONE',  ( 1.000000000000000000, 0.000000000000000000, 2.710505431213760592E-16 ) ) ;
#1067 = DIRECTION ( 'NONE',  ( 0.000000000000000000, 0.000000000000000000, 1.000000000000000000 ) ) ;
#1069 = ORIENTED_EDGE ( 'NONE', *, *, #4457, .T. ) ;
#1068 = DIRECTION ( 'NONE',  ( 0.000000000000000000, 0.000000000000000000, -1.000000000000000000 ) ) ;
#1070 = VERTEX_POINT ( 'NONE', #8901 ) ;
#1071 = EDGE_CURVE ( 'NONE', #1410, #1553, #9685, .T. ) ;
#1072 = ADVANCED_FACE ( 'NONE', ( #800 ), #1487, .T. ) ;
#1073 = EDGE_CURVE ( 'NONE', #8179, #7804, #7442, .T. ) ;
#1075 = ORIENTED_EDGE ( 'NONE', *, *, #5577, .T. ) ;
#1074 = FACE_OUTER_BOUND ( 'NONE', #6693, .T. ) ;
#1076 = EDGE_CURVE ( 'NONE', #3326, #8835, #1337, .T. ) ;
#1077 = DIRECTION ( 'NONE',  ( 0.000000000000000000, 0.000000000000000000, 1.000000000000000000 ) ) ;
#1078 = ORIENTED_EDGE ( 'NONE', *, *, #2062, .T. ) ;
#1079 = ORIENTED_EDGE ( 'NONE', *, *, #538, .T. ) ;
#1080 = DIRECTION ( 'NONE',  ( 0.000000000000000000, 0.000000000000000000, 1.000000000000000000 ) ) ;
#1082 = LINE ( 'NONE', #8550, #6902 ) ;
#1081 = CARTESIAN_POINT ( 'NONE',  ( 5.284855240766553222E-15, 0.000000000000000000, 6.550000000000001599 ) ) ;
#1083 = CARTESIAN_POINT ( 'NONE',  ( -2.887143597233360559, 3.178901511579296901, 5.599999999999997868 ) ) ;
#1084 = EDGE_LOOP ( 'NONE', ( #1153, #921, #2079, #4254 ) ) ;
#1085 = FACE_OUTER_BOUND ( 'NONE', #3505, .T. ) ;
#1086 = DIRECTION ( 'NONE',  ( 0.3420201433256625512, -0.000000000000000000, -0.9396926207859105373 ) ) ;
#1087 = ORIENTED_EDGE ( 'NONE', *, *, #4838, .T. ) ;
#1088 = EDGE_CURVE ( 'NONE', #8547, #843, #8272, .T. ) ;
#1089 = CARTESIAN_POINT ( 'NONE',  ( 4.590942030465839707, 1.599999999999997868, 5.565065611077387508 ) ) ;
#1091 = DIRECTION ( 'NONE',  ( 0.000000000000000000, 0.000000000000000000, -1.000000000000000000 ) ) ;
#1090 = DIRECTION ( 'NONE',  ( 0.2334453638558998123, -0.9723699203976778893, 1.294063557718329797E-17 ) ) ;
#1092 = VECTOR ( 'NONE', #107, 1000.000000000000000 ) ;
#1093 = LINE ( 'NONE', #3140, #6806 ) ;
#1094 = AXIS2_PLACEMENT_3D ( 'NONE', #3268, #6281, #1028 ) ;
#1095 = ORIENTED_EDGE ( 'NONE', *, *, #9540, .F. ) ;
#1096 = CARTESIAN_POINT ( 'NONE',  ( -1.050000000000000044, 4.200000000000000178, -5.400000000000000355 ) ) ;
#1097 = DIRECTION ( 'NONE',  ( -0.4924235601034704368, 0.000000000000000000, -0.8703556959398977000 ) ) ;
#1099 = ORIENTED_EDGE ( 'NONE', *, *, #1591, .T. ) ;
#1098 = DIRECTION ( 'NONE',  ( 0.000000000000000000, -1.000000000000000000, 0.000000000000000000 ) ) ;
#1100 = CARTESIAN_POINT ( 'NONE',  ( -0.8999999999999999112, 0.3500000000000007550, -6.690000000000003944 ) ) ;
#1102 = VERTEX_POINT ( 'NONE', #4384 ) ;
#1101 = CARTESIAN_POINT ( 'NONE',  ( -1.566274348783027515, 2.141898225938619227, 5.197777478867206646 ) ) ;
#1103 = CIRCLE ( 'NONE', #2335, 3.000000000000001332 ) ;
#1104 = FACE_OUTER_BOUND ( 'NONE', #8817, .T. ) ;
#1105 = STYLED_ITEM ( 'NONE', ( #7124 ), #1661 ) ;
#1106 = AXIS2_PLACEMENT_3D ( 'NONE', #9487, #1186, #4083 ) ;
#1107 = EDGE_CURVE ( 'NONE', #2975, #2739, #2112, .T. ) ;
#1108 = EDGE_CURVE ( 'NONE', #3682, #4111, #5963, .T. ) ;
#1109 = VERTEX_POINT ( 'NONE', #61 ) ;
#1111 = ORIENTED_EDGE ( 'NONE', *, *, #4861, .F. ) ;
#1110 = FACE_OUTER_BOUND ( 'NONE', #3076, .T. ) ;
#1112 = AXIS2_PLACEMENT_3D ( 'NONE', #9117, #5980, #4602 ) ;
#1113 = AXIS2_PLACEMENT_3D ( 'NONE', #7762, #3119, #3324 ) ;
#1114 = CARTESIAN_POINT ( 'NONE',  ( 3.813246603095878928, 0.000000000000000000, -4.236643759389941977 ) ) ;
#1115 = DIRECTION ( 'NONE',  ( 1.000000000000000000, 0.000000000000000000, -0.000000000000000000 ) ) ;
#1117 = ORIENTED_EDGE ( 'NONE', *, *, #986, .T. ) ;
#1116 = LINE ( 'NONE', #377, #2979 ) ;
#1118 = ORIENTED_EDGE ( 'NONE', *, *, #5809, .T. ) ;
#1119 = AXIS2_PLACEMENT_3D ( 'NONE', #368, #3351, #6315 ) ;
#1120 = VECTOR ( 'NONE', #5303, 1000.000000000000000 ) ;
#1122 = ORIENTED_EDGE ( 'NONE', *, *, #8575, .T. ) ;
#1121 = DIRECTION ( 'NONE',  ( -0.9723699203976782224, -0.2334453638558986188, -0.000000000000000000 ) ) ;
#1123 = DIRECTION ( 'NONE',  ( 0.000000000000000000, 0.000000000000000000, 1.000000000000000000 ) ) ;
#1124 = CARTESIAN_POINT ( 'NONE',  ( 0.000000000000000000, 3.700000000000000622, 0.000000000000000000 ) ) ;
#1125 = VECTOR ( 'NONE', #3046, 1000.000000000000000 ) ;
#1126 = ORIENTED_EDGE ( 'NONE', *, *, #8607, .T. ) ;
#1127 = VECTOR ( 'NONE', #8421, 1000.000000000000000 ) ;
#1129 = CARTESIAN_POINT ( 'NONE',  ( 0.000000000000000000, 4.200000000000000178, 0.000000000000000000 ) ) ;
#1128 = CARTESIAN_POINT ( 'NONE',  ( 7.100000000000000533, 4.200000000000000178, 5.299999999999998046 ) ) ;
#1130 = CYLINDRICAL_SURFACE ( 'NONE', #7606, 0.5000000000000002220 ) ;
#1131 = EDGE_CURVE ( 'NONE', #7417, #8547, #3689, .T. ) ;
#1132 = EDGE_CURVE ( 'NONE', #9051, #6268, #7629, .T. ) ;
#1133 = EDGE_CURVE ( 'NONE', #6408, #8977, #7337, .T. ) ;
#1134 = EDGE_CURVE ( 'NONE', #3136, #6906, #2997, .T. ) ;
#1135 = AXIS2_PLACEMENT_3D ( 'NONE', #2720, #8548, #1806 ) ;
#1136 = VECTOR ( 'NONE', #3884, 1000.000000000000000 ) ;
#1137 = ORIENTED_EDGE ( 'NONE', *, *, #2500, .F. ) ;
#1138 = CYLINDRICAL_SURFACE ( 'NONE', #545, 0.3000000000000036526 ) ;
#1139 = LINE ( 'NONE', #4129, #5075 ) ;
#1140 = ORIENTED_EDGE ( 'NONE', *, *, #3433, .T. ) ;
#1141 = LINE ( 'NONE', #4131, #7878 ) ;
#1143 = DIRECTION ( 'NONE',  ( -0.000000000000000000, -1.000000000000000000, -0.000000000000000000 ) ) ;
#1142 = DIRECTION ( 'NONE',  ( -0.2334453638558993405, -0.9723699203976780003, 0.000000000000000000 ) ) ;
#1144 = CARTESIAN_POINT ( 'NONE',  ( 2.840461957126082737, 3.373344536385590509, 5.299999999999998046 ) ) ;
#1145 = VECTOR ( 'NONE', #8641, 1000.000000000000000 ) ;
#1146 = LINE ( 'NONE', #4138, #194 ) ;
#1147 = CARTESIAN_POINT ( 'NONE',  ( 2.274999999999999467, 0.2999999999999999889, -0.7999999999999988232 ) ) ;
#1149 = VERTEX_POINT ( 'NONE', #9002 ) ;
#1148 = LINE ( 'NONE', #7882, #2123 ) ;
#1150 = ADVANCED_FACE ( 'NONE', ( #2259 ), #5287, .F. ) ;
#1151 = LINE ( 'NONE', #3581, #1879 ) ;
#1153 = ORIENTED_EDGE ( 'NONE', *, *, #4483, .F. ) ;
#1152 = LINE ( 'NONE', #9402, #3615 ) ;
#1154 = ORIENTED_EDGE ( 'NONE', *, *, #5987, .T. ) ;
#1155 = CARTESIAN_POINT ( 'NONE',  ( -3.097236992039768211, 2.303799542494627595, 5.599999999999997868 ) ) ;
#1157 = EDGE_LOOP ( 'NONE', ( #5938, #569, #1024, #7171 ) ) ;
#1156 = PLANE ( 'NONE',  #5448 ) ;
#1158 = CARTESIAN_POINT ( 'NONE',  ( 5.674999999999998046, 3.199999999999997957, 5.599999999999997868 ) ) ;
#1159 = CARTESIAN_POINT ( 'NONE',  ( -3.023344536385590420, 2.183218014069269852, 5.599999999999997868 ) ) ;
#1160 = EDGE_CURVE ( 'NONE', #2615, #4103, #2896, .T. ) ;
#1162 = ORIENTED_EDGE ( 'NONE', *, *, #9677, .T. ) ;
#1161 = CARTESIAN_POINT ( 'NONE',  ( -7.099999999999997868, 4.200000000000000178, 6.149999999999999467 ) ) ;
#1163 = VERTEX_POINT ( 'NONE', #4738 ) ;
#1164 = ORIENTED_EDGE ( 'NONE', *, *, #8245, .T. ) ;
#1165 = AXIS2_PLACEMENT_3D ( 'NONE', #6832, #2934, #784 ) ;
#1166 = STYLED_ITEM ( 'NONE', ( #4298 ), #3680 ) ;
#1167 = ORIENTED_EDGE ( 'NONE', *, *, #3829, .T. ) ;
#1169 = ORIENTED_EDGE ( 'NONE', *, *, #2184, .T. ) ;
#1168 = PLANE ( 'NONE',  #8564 ) ;
#1170 = CARTESIAN_POINT ( 'NONE',  ( 2.470092451470720096, 0.5999999999999998668, -5.358044725568029243 ) ) ;
#1171 = CYLINDRICAL_SURFACE ( 'NONE', #164, 0.4000000000000001887 ) ;
#1172 = AXIS2_PLACEMENT_3D ( 'NONE', #5510, #3924, #8500 ) ;
#1173 = VERTEX_POINT ( 'NONE', #266 ) ;
#1174 = CARTESIAN_POINT ( 'NONE',  ( 2.274999999999999467, 0.2999999999999999889, 0.3000000000000003775 ) ) ;
#1175 = CARTESIAN_POINT ( 'NONE',  ( -5.219787914004601070, 1.599999999999999867, 5.336184427528452012 ) ) ;
#1176 = CIRCLE ( 'NONE', #1942, 7.399999999999998579 ) ;
#1177 = EDGE_LOOP ( 'NONE', ( #7554, #3782, #2899, #6092 ) ) ;
#1178 = CARTESIAN_POINT ( 'NONE',  ( -0.2125042906920111274, 2.048280208886990472, 5.149785371212445284 ) ) ;
#1179 = EDGE_CURVE ( 'NONE', #7458, #8199, #3097, .T. ) ;
#1180 = EDGE_CURVE ( 'NONE', #4356, #3235, #3144, .T. ) ;
#1181 = DIRECTION ( 'NONE',  ( -0.000000000000000000, -0.000000000000000000, 1.000000000000000000 ) ) ;
#1182 = EDGE_LOOP ( 'NONE', ( #923, #1698, #4839, #5422 ) ) ;
#1183 = CARTESIAN_POINT ( 'NONE',  ( -5.674999999999997158, 1.349999999999999645, 5.299999999999998046 ) ) ;
#1184 = EDGE_CURVE ( 'NONE', #7120, #8089, #3293, .T. ) ;
#1186 = DIRECTION ( 'NONE',  ( -5.782411586589365527E-16, -1.000000000000000000, -0.000000000000000000 ) ) ;
#1185 = FACE_OUTER_BOUND ( 'NONE', #2891, .T. ) ;
#1187 = CARTESIAN_POINT ( 'NONE',  ( -0.6000000000000000888, 1.147632372710734927, 2.468729079166618767 ) ) ;
#1188 = VECTOR ( 'NONE', #3612, 1000.000000000000114 ) ;
#1189 = DIRECTION ( 'NONE',  ( 0.000000000000000000, 0.9659258262890699775, -0.2588190451025145777 ) ) ;
#1190 = VECTOR ( 'NONE', #2433, 1000.000000000000000 ) ;
#1191 = EDGE_CURVE ( 'NONE', #3267, #7272, #3244, .T. ) ;
#1192 = EDGE_CURVE ( 'NONE', #980, #8736, #96, .T. ) ;
#1193 = LINE ( 'NONE', #4939, #3009 ) ;
#1194 = DIRECTION ( 'NONE',  ( -1.000000000000000000, 0.000000000000000000, 0.000000000000000000 ) ) ;
#1196 = ORIENTED_EDGE ( 'NONE', *, *, #7441, .T. ) ;
#1195 = LINE ( 'NONE', #4091, #627 ) ;
#1197 = FACE_BOUND ( 'NONE', #9329, .T. ) ;
#1199 = ORIENTED_EDGE ( 'NONE', *, *, #8449, .F. ) ;
#1198 = CARTESIAN_POINT ( 'NONE',  ( 0.9000000000000015765, 0.2499999999999999445, -6.190000000000002167 ) ) ;
#1200 = DIRECTION ( 'NONE',  ( 0.000000000000000000, -1.000000000000000000, 0.000000000000000000 ) ) ;
#1201 = VERTEX_POINT ( 'NONE', #7782 ) ;
#1202 = CIRCLE ( 'NONE', #7166, 0.3499999999999996447 ) ;
#1204 = ORIENTED_EDGE ( 'NONE', *, *, #8454, .T. ) ;
#1203 = CARTESIAN_POINT ( 'NONE',  ( 4.445813570937528603, 0.5999999999999999778, -4.603774722167421452 ) ) ;
#1205 = DIRECTION ( 'NONE',  ( -0.6368791512607744343, -0.2588190451025205729, -0.7262214872761442175 ) ) ;
#1206 =( NAMED_UNIT ( * ) PLANE_ANGLE_UNIT ( ) SI_UNIT ( $, .RADIAN. ) );
#1208 = ORIENTED_EDGE ( 'NONE', *, *, #5496, .F. ) ;
#1207 = DIRECTION ( 'NONE',  ( -1.000000000000000000, -0.000000000000000000, -0.000000000000000000 ) ) ;
#1209 = ORIENTED_EDGE ( 'NONE', *, *, #3482, .F. ) ;
#1210 = ORIENTED_EDGE ( 'NONE', *, *, #6952, .T. ) ;
#1212 = ORIENTED_EDGE ( 'NONE', *, *, #7194, .F. ) ;
#1211 = DIRECTION ( 'NONE',  ( 0.6593458151000700651, 0.000000000000000000, 0.7518398074789762742 ) ) ;
#1213 = CYLINDRICAL_SURFACE ( 'NONE', #1862, 7.399999999999999467 ) ;
#1214 = CARTESIAN_POINT ( 'NONE',  ( 0.9000000000000000222, 0.2999999999999996558, 8.959999999999995524 ) ) ;
#1215 = ORIENTED_EDGE ( 'NONE', *, *, #894, .F. ) ;
#1216 = VERTEX_POINT ( 'NONE', #9198 ) ;
#1217 = CARTESIAN_POINT ( 'NONE',  ( 2.319379539477045338, 0.000000000000000000, -5.206772373731661574 ) ) ;
#1218 = CARTESIAN_POINT ( 'NONE',  ( -2.679422320239425837, 4.200000000000000178, -5.812116312480574365 ) ) ;
#1219 = EDGE_CURVE ( 'NONE', #7943, #5593, #9100, .T. ) ;
#1220 = LINE ( 'NONE', #4215, #5278 ) ;
#1221 = CYLINDRICAL_SURFACE ( 'NONE', #47, 0.4500000000000007327 ) ;
#1222 = VERTEX_POINT ( 'NONE', #3992 ) ;
#1223 = CARTESIAN_POINT ( 'NONE',  ( 2.679422320239426725, 4.200000000000000178, -5.812116312480574365 ) ) ;
#1225 = CARTESIAN_POINT ( 'NONE',  ( 0.000000000000000000, 4.200000000000000178, 0.000000000000000000 ) ) ;
#1224 = FACE_OUTER_BOUND ( 'NONE', #8931, .T. ) ;
#1226 = FACE_OUTER_BOUND ( 'NONE', #1582, .T. ) ;
#1227 = LINE ( 'NONE', #1790, #1798 ) ;
#1228 = CARTESIAN_POINT ( 'NONE',  ( -1.490773992497906208, 2.123772194091580801, 5.487555226753929816 ) ) ;
#1229 = LINE ( 'NONE', #8795, #201 ) ;
#1231 = ORIENTED_EDGE ( 'NONE', *, *, #1237, .F. ) ;
#1230 = DIRECTION ( 'NONE',  ( -0.000000000000000000, -0.000000000000000000, -1.000000000000000000 ) ) ;
#1232 = LINE ( 'NONE', #9452, #2191 ) ;
#1234 = PLANE ( 'NONE',  #5351 ) ;
#1233 = DIRECTION ( 'NONE',  ( 0.2334453638558998956, 0.9723699203976778893, 6.253477354094557345E-18 ) ) ;
#1235 = DIRECTION ( 'NONE',  ( -0.000000000000000000, -1.000000000000000000, -0.000000000000000000 ) ) ;
#1236 = EDGE_CURVE ( 'NONE', #6968, #336, #5579, .T. ) ;
#1237 = EDGE_CURVE ( 'NONE', #9615, #5494, #901, .T. ) ;
#1238 = VECTOR ( 'NONE', #7054, 1000.000000000000000 ) ;
#1239 = EDGE_CURVE ( 'NONE', #1793, #6674, #4635, .T. ) ;
#1240 = AXIS2_PLACEMENT_3D ( 'NONE', #4677, #7674, #939 ) ;
#1242 = ORIENTED_EDGE ( 'NONE', *, *, #7939, .F. ) ;
#1241 = DIRECTION ( 'NONE',  ( 1.000000000000000000, 0.000000000000000000, -8.068481283613056781E-16 ) ) ;
#1243 = LINE ( 'NONE', #7936, #4880 ) ;
#1245 = ORIENTED_EDGE ( 'NONE', *, *, #4899, .F. ) ;
#1244 = CARTESIAN_POINT ( 'NONE',  ( 1.424999999999999156, 0.5999999999999999778, -4.499999999999999112 ) ) ;
#1246 = AXIS2_PLACEMENT_3D ( 'NONE', #3555, #4353, #4964 ) ;
#1247 = LINE ( 'NONE', #513, #1278 ) ;
#1248 = ORIENTED_EDGE ( 'NONE', *, *, #2075, .F. ) ;
#1249 = AXIS2_PLACEMENT_3D ( 'NONE', #846, #8219, #4381 ) ;
#1250 = AXIS2_PLACEMENT_3D ( 'NONE', #6466, #8717, #3406 ) ;
#1251 = VECTOR ( 'NONE', #5947, 1000.000000000000000 ) ;
#1252 = ORIENTED_EDGE ( 'NONE', *, *, #2307, .F. ) ;
#1253 = AXIS2_PLACEMENT_3D ( 'NONE', #9279, #1029, #9131 ) ;
#1255 = ORIENTED_EDGE ( 'NONE', *, *, #2199, .T. ) ;
#1254 = LINE ( 'NONE', #6475, #5750 ) ;
#1256 = DIRECTION ( 'NONE',  ( 0.000000000000000000, 0.000000000000000000, 1.000000000000000000 ) ) ;
#1257 = CARTESIAN_POINT ( 'NONE',  ( -3.050555351932489945, 2.498242567300921646, 5.599999999999997868 ) ) ;
#1258 = ORIENTED_EDGE ( 'NONE', *, *, #19, .F. ) ;
#1259 = ADVANCED_FACE ( 'NONE', ( #7733 ), #1050, .T. ) ;
#1260 = CARTESIAN_POINT ( 'NONE',  ( 7.340836627629894195, 4.200000000000000178, -0.9338723716051098300 ) ) ;
#1261 = VECTOR ( 'NONE', #3248, 999.9999999999998863 ) ;
#1262 = CYLINDRICAL_SURFACE ( 'NONE', #6980, 0.2999999999999999334 ) ;
#1263 = VECTOR ( 'NONE', #9371, 1000.000000000000000 ) ;
#1264 = EDGE_CURVE ( 'NONE', #4316, #4393, #109, .T. ) ;
#1266 = ORIENTED_EDGE ( 'NONE', *, *, #5236, .T. ) ;
#1265 = FACE_OUTER_BOUND ( 'NONE', #7979, .T. ) ;
#1267 = VECTOR ( 'NONE', #6101, 1000.000000000000000 ) ;
#1268 = AXIS2_PLACEMENT_3D ( 'NONE', #4390, #7448, #6021 ) ;
#1269 = EDGE_LOOP ( 'NONE', ( #9055, #3822, #5737, #5548 ) ) ;
#1270 = LINE ( 'NONE', #1908, #514 ) ;
#1271 = ORIENTED_EDGE ( 'NONE', *, *, #9554, .F. ) ;
#1272 = CARTESIAN_POINT ( 'NONE',  ( 0.000000000000000000, 0.000000000000000000, 0.000000000000000000 ) ) ;
#1274 = CYLINDRICAL_SURFACE ( 'NONE', #2495, 7.399999999999998579 ) ;
#1273 = CARTESIAN_POINT ( 'NONE',  ( -3.813246603095878928, 0.5999999999999999778, -4.236643759389941977 ) ) ;
#1275 = ADVANCED_FACE ( 'NONE', ( #999 ), #208, .F. ) ;
#1276 = ADVANCED_FACE ( 'NONE', ( #2453 ), #155, .T. ) ;
#1277 = DIRECTION ( 'NONE',  ( 0.4226182617406956665, 0.000000000000000000, -0.9063077870366517130 ) ) ;
#1278 = VECTOR ( 'NONE', #8866, 1000.000000000000000 ) ;
#1279 = CIRCLE ( 'NONE', #185, 0.4000000000000001887 ) ;
#1280 = FACE_OUTER_BOUND ( 'NONE', #244, .T. ) ;
#1281 = LINE ( 'NONE', #3347, #7892 ) ;
#1282 = CARTESIAN_POINT ( 'NONE',  ( 1.899999999999999245, 0.5999999999999999778, -4.923692341845005593 ) ) ;
#1284 = ORIENTED_EDGE ( 'NONE', *, *, #5103, .T. ) ;
#1283 = LINE ( 'NONE', #3535, #2812 ) ;
#1285 = VECTOR ( 'NONE', #8567, 1000.000000000000000 ) ;
#1286 = ORIENTED_EDGE ( 'NONE', *, *, #9052, .F. ) ;
#1287 = VECTOR ( 'NONE', #28, 999.9999999999998863 ) ;
#1288 = FACE_BOUND ( 'NONE', #9322, .T. ) ;
#1290 = EDGE_LOOP ( 'NONE', ( #3052, #9089, #9116, #1990 ) ) ;
#1289 = SURFACE_SIDE_STYLE ('',( #8071 ) ) ;
#1291 = CARTESIAN_POINT ( 'NONE',  ( -3.100000000000000533, 2.280455006109038507, 5.299999999999998046 ) ) ;
#1293 = ORIENTED_EDGE ( 'NONE', *, *, #3220, .F. ) ;
#1292 = DIRECTION ( 'NONE',  ( 0.000000000000000000, 0.9063077870366536004, -0.4226182617406915587 ) ) ;
#1294 = CARTESIAN_POINT ( 'NONE',  ( 3.023344536385590420, 2.183218014069270296, 5.599999999999997868 ) ) ;
#1296 = ORIENTED_EDGE ( 'NONE', *, *, #4223, .T. ) ;
#1295 = LINE ( 'NONE', #3408, #4246 ) ;
#1297 = EDGE_CURVE ( 'NONE', #4393, #5693, #8416, .T. ) ;
#1298 = EDGE_CURVE ( 'NONE', #6823, #1353, #9626, .T. ) ;
#1299 = DIRECTION ( 'NONE',  ( 0.000000000000000000, 1.000000000000000000, 0.000000000000000000 ) ) ;
#1300 = CIRCLE ( 'NONE', #6794, 0.3999999999999997446 ) ;
#1301 = VERTEX_POINT ( 'NONE', #6887 ) ;
#1302 = EDGE_CURVE ( 'NONE', #2570, #5813, #6651, .T. ) ;
#1303 = ORIENTED_EDGE ( 'NONE', *, *, #4985, .T. ) ;
#1305 = ORIENTED_EDGE ( 'NONE', *, *, #9174, .F. ) ;
#1304 = DIRECTION ( 'NONE',  ( -0.9676937674929102506, 0.000000000000000000, 0.2521284838239766235 ) ) ;
#1306 = DIRECTION ( 'NONE',  ( 0.000000000000000000, 1.000000000000000000, 0.000000000000000000 ) ) ;
#1307 = PLANE ( 'NONE',  #4887 ) ;
#1308 = ORIENTED_EDGE ( 'NONE', *, *, #1219, .F. ) ;
#1309 = DIRECTION ( 'NONE',  ( 0.000000000000000000, 1.000000000000000000, 0.000000000000000000 ) ) ;
#1310 = DIRECTION ( 'NONE',  ( 0.000000000000000000, -0.9659258262890699775, 0.2588190451025144667 ) ) ;
#1311 = VECTOR ( 'NONE', #4885, 1000.000000000000114 ) ;
#1312 = COLOUR_RGB ( '',0.7921568627450980005, 0.8196078431372548767, 0.9333333333333333481 ) ;
#1313 = ORIENTED_EDGE ( 'NONE', *, *, #4674, .F. ) ;
#1315 = ORIENTED_EDGE ( 'NONE', *, *, #5037, .F. ) ;
#1314 = DIRECTION ( 'NONE',  ( 0.000000000000000000, 1.000000000000000000, -0.000000000000000000 ) ) ;
#1316 = VECTOR ( 'NONE', #2588, 1000.000000000000000 ) ;
#1317 = ORIENTED_EDGE ( 'NONE', *, *, #468, .F. ) ;
#1318 = CARTESIAN_POINT ( 'NONE',  ( -3.813246603095878928, 0.5999999999999999778, -4.236643759389941977 ) ) ;
#1319 = EDGE_LOOP ( 'NONE', ( #7063, #2641, #7023, #3613 ) ) ;
#1320 = DIRECTION ( 'NONE',  ( 0.9271838545667896447, 0.000000000000000000, -0.3746065934159064637 ) ) ;
#1322 = PLANE ( 'NONE',  #2650 ) ;
#1321 = DIRECTION ( 'NONE',  ( 1.000000000000000000, -0.000000000000000000, 0.000000000000000000 ) ) ;
#1323 = CARTESIAN_POINT ( 'NONE',  ( -1.327362237798777045, 2.804431138369956056, 5.487555226753929816 ) ) ;
#1324 = CIRCLE ( 'NONE', #4311, 0.1000000000000002554 ) ;
#1325 = CARTESIAN_POINT ( 'NONE',  ( -1.782100968893421067, 4.200000000000000178, 6.840201765403919332 ) ) ;
#1326 = DIRECTION ( 'NONE',  ( 0.9920049496797155308, 0.000000000000000000, 0.1261989691358254839 ) ) ;
#1327 = DIRECTION ( 'NONE',  ( 0.000000000000000000, 0.2588190451025145777, 0.9659258262890699775 ) ) ;
#1329 = ORIENTED_EDGE ( 'NONE', *, *, #9550, .F. ) ;
#1328 = DIRECTION ( 'NONE',  ( -0.000000000000000000, 0.000000000000000000, 1.000000000000000000 ) ) ;
#1330 = AXIS2_PLACEMENT_3D ( 'NONE', #528, #8694, #9385 ) ;
#1331 = ORIENTED_EDGE ( 'NONE', *, *, #2910, .F. ) ;
#1332 = DIRECTION ( 'NONE',  ( 0.000000000000000000, 1.000000000000000000, 1.084202172485504828E-15 ) ) ;
#1334 = ORIENTED_EDGE ( 'NONE', *, *, #1634, .T. ) ;
#1333 = PRESENTATION_STYLE_ASSIGNMENT (( #6550 ) ) ;
#1335 = CARTESIAN_POINT ( 'NONE',  ( -5.674999999999997158, 1.349999999999999645, 5.599999999999997868 ) ) ;
#1336 = AXIS2_PLACEMENT_3D ( 'NONE', #239, #7904, #1979 ) ;
#1337 = LINE ( 'NONE', #2946, #1754 ) ;
#1339 = VERTEX_POINT ( 'NONE', #6208 ) ;
#1338 = CYLINDRICAL_SURFACE ( 'NONE', #3852, 0.2250000000000000888 ) ;
#1340 = EDGE_CURVE ( 'NONE', #3950, #7123, #5476, .T. ) ;
#1341 = DIRECTION ( 'NONE',  ( 0.000000000000000000, 0.9659258262890699775, -0.2588190451025145777 ) ) ;
#1343 = VERTEX_POINT ( 'NONE', #3533 ) ;
#1342 = FACE_OUTER_BOUND ( 'NONE', #4231, .T. ) ;
#1344 = FACE_OUTER_BOUND ( 'NONE', #2082, .T. ) ;
#1345 = CIRCLE ( 'NONE', #3532, 0.1000000000000002554 ) ;
#1346 = VERTEX_POINT ( 'NONE', #1228 ) ;
#1347 = CIRCLE ( 'NONE', #4829, 7.399999999999999467 ) ;
#1348 = EDGE_CURVE ( 'NONE', #4906, #7577, #1193, .T. ) ;
#1350 = VERTEX_POINT ( 'NONE', #6451 ) ;
#1349 = CARTESIAN_POINT ( 'NONE',  ( -2.274999999999999467, 0.5999999999999999778, 3.794707603699265519E-16 ) ) ;
#1351 = FACE_OUTER_BOUND ( 'NONE', #773, .T. ) ;
#1352 = CARTESIAN_POINT ( 'NONE',  ( 1.899999999999998135, 0.2999999999999999889, 4.049999999999998934 ) ) ;
#1353 = VERTEX_POINT ( 'NONE', #6544 ) ;
#1354 = DIRECTION ( 'NONE',  ( -0.000000000000000000, 1.000000000000000000, 1.240100524084728157E-16 ) ) ;
#1355 = DIRECTION ( 'NONE',  ( 0.000000000000000000, 0.000000000000000000, 1.000000000000000000 ) ) ;
#1356 = ADVANCED_FACE ( 'NONE', ( #7146 ), #449, .F. ) ;
#1357 = EDGE_CURVE ( 'NONE', #3261, #1977, #3484, .T. ) ;
#1358 = EDGE_CURVE ( 'NONE', #7398, #3168, #2053, .T. ) ;
#1360 = ORIENTED_EDGE ( 'NONE', *, *, #7251, .T. ) ;
#1359 = DIRECTION ( 'NONE',  ( 2.302730277845320112E-16, 0.000000000000000000, 1.000000000000000000 ) ) ;
#1361 = EDGE_LOOP ( 'NONE', ( #6534, #1021, #6407, #1993 ) ) ;
#1362 = DIRECTION ( 'NONE',  ( -1.000000000000000000, 0.000000000000000000, 1.314184451497581013E-16 ) ) ;
#1363 = ORIENTED_EDGE ( 'NONE', *, *, #8210, .T. ) ;
#1364 = LINE ( 'NONE', #5897, #7563 ) ;
#1366 = FACE_OUTER_BOUND ( 'NONE', #6071, .T. ) ;
#1365 = DIRECTION ( 'NONE',  ( -0.000000000000000000, -0.000000000000000000, 1.000000000000000000 ) ) ;
#1367 = LINE ( 'NONE', #4370, #6494 ) ;
#1368 = DIRECTION ( 'NONE',  ( 0.9723699203976783334, -0.2334453638558981192, 0.000000000000000000 ) ) ;
#1369 = DIRECTION ( 'NONE',  ( 0.000000000000000000, 1.000000000000000000, 0.000000000000000000 ) ) ;
#1370 = CARTESIAN_POINT ( 'NONE',  ( -1.424999999999999156, 0.5999999999999999778, 2.949999999999997513 ) ) ;
#1372 = ORIENTED_EDGE ( 'NONE', *, *, #4137, .T. ) ;
#1371 = FACE_OUTER_BOUND ( 'NONE', #1056, .T. ) ;
#1373 = ORIENTED_EDGE ( 'NONE', *, *, #7668, .F. ) ;
#1374 = LINE ( 'NONE', #8944, #1125 ) ;
#1376 = LINE ( 'NONE', #7384, #4085 ) ;
#1375 = LINE ( 'NONE', #5169, #3937 ) ;
#1377 = DIRECTION ( 'NONE',  ( 0.000000000000000000, 0.000000000000000000, -1.000000000000000000 ) ) ;
#1378 = DIRECTION ( 'NONE',  ( 1.758787277686376500E-16, 0.000000000000000000, 1.000000000000000000 ) ) ;
#1379 = DIRECTION ( 'NONE',  ( 0.000000000000000000, 0.000000000000000000, -1.000000000000000000 ) ) ;
#1381 = ORIENTED_EDGE ( 'NONE', *, *, #2616, .T. ) ;
#1380 = CARTESIAN_POINT ( 'NONE',  ( 0.000000000000000000, 1.147632372710735815, 2.468729079166620100 ) ) ;
#1382 = LINE ( 'NONE', #857, #797 ) ;
#1384 = VERTEX_POINT ( 'NONE', #9532 ) ;
#1383 = LINE ( 'NONE', #5968, #8804 ) ;
#1385 = LINE ( 'NONE', #7074, #6144 ) ;
#1386 = ORIENTED_EDGE ( 'NONE', *, *, #3154, .F. ) ;
#1387 = EDGE_CURVE ( 'NONE', #8724, #8386, #1281, .T. ) ;
#1388 = ADVANCED_FACE ( 'NONE', ( #2790 ), #3393, .F. ) ;
#1389 = ADVANCED_FACE ( 'NONE', ( #6360 ), #4285, .T. ) ;
#1390 = ORIENTED_EDGE ( 'NONE', *, *, #1663, .T. ) ;
#1392 = ORIENTED_EDGE ( 'NONE', *, *, #3736, .F. ) ;
#1391 = DIRECTION ( 'NONE',  ( 1.020425574104005182E-15, 0.000000000000000000, 1.000000000000000000 ) ) ;
#1393 = AXIS2_PLACEMENT_3D ( 'NONE', #4565, #1369, #924 ) ;
#1394 = DIRECTION ( 'NONE',  ( 0.000000000000000000, -0.000000000000000000, 1.000000000000000000 ) ) ;
#1395 = FACE_OUTER_BOUND ( 'NONE', #3292, .T. ) ;
#1396 = ORIENTED_EDGE ( 'NONE', *, *, #270, .F. ) ;
#1397 = CARTESIAN_POINT ( 'NONE',  ( -3.050555351932489945, 2.498242567300921646, 5.599999999999997868 ) ) ;
#1398 = VECTOR ( 'NONE', #1771, 1000.000000000000000 ) ;
#1399 = CARTESIAN_POINT ( 'NONE',  ( 4.174999999999999822, 1.349999999999997868, 5.299999999999998046 ) ) ;
#1400 = VECTOR ( 'NONE', #2667, 1000.000000000000000 ) ;
#1401 = VECTOR ( 'NONE', #6683, 1000.000000000000000 ) ;
#1402 = VECTOR ( 'NONE', #4890, 1000.000000000000000 ) ;
#1403 = VECTOR ( 'NONE', #2604, 1000.000000000000000 ) ;
#1404 = ORIENTED_EDGE ( 'NONE', *, *, #1387, .F. ) ;
#1406 = ORIENTED_EDGE ( 'NONE', *, *, #7651, .T. ) ;
#1405 = CARTESIAN_POINT ( 'NONE',  ( -6.359607445110737167, 0.000000000000000000, -3.783568836970202742 ) ) ;
#1407 = ORIENTED_EDGE ( 'NONE', *, *, #8672, .T. ) ;
#1408 = CARTESIAN_POINT ( 'NONE',  ( -0.9000000000000000222, 0.2880988236554654636, -6.222380235268910376 ) ) ;
#1409 = VERTEX_POINT ( 'NONE', #495 ) ;
#1410 = VERTEX_POINT ( 'NONE', #5722 ) ;
#1411 = VECTOR ( 'NONE', #8420, 1000.000000000000114 ) ;
#1412 = EDGE_CURVE ( 'NONE', #5429, #577, #2750, .T. ) ;
#1413 = AXIS2_PLACEMENT_3D ( 'NONE', #4263, #6565, #7950 ) ;
#1414 = DIRECTION ( 'NONE',  ( -1.000000000000000000, 0.000000000000000000, -2.710505431213760099E-16 ) ) ;
#1416 = LINE ( 'NONE', #4417, #1401 ) ;
#1415 = CARTESIAN_POINT ( 'NONE',  ( 0.000000000000000000, 0.000000000000000000, 0.000000000000000000 ) ) ;
#1417 = EDGE_CURVE ( 'NONE', #5113, #1561, #2146, .T. ) ;
#1418 = EDGE_CURVE ( 'NONE', #6024, #2689, #7283, .T. ) ;
#1419 = DIRECTION ( 'NONE',  ( 0.000000000000000000, 0.000000000000000000, -1.000000000000000000 ) ) ;
#1420 = EDGE_CURVE ( 'NONE', #9403, #3105, #8015, .T. ) ;
#1421 = VECTOR ( 'NONE', #4728, 1000.000000000000000 ) ;
#1422 = VECTOR ( 'NONE', #7552, 1000.000000000000000 ) ;
#1423 = CARTESIAN_POINT ( 'NONE',  ( -3.050555351932489945, 2.498242567300921646, 5.599999999999997868 ) ) ;
#1424 = CARTESIAN_POINT ( 'NONE',  ( -4.213437021927586734, 4.200000000000000178, 6.588245792962772462 ) ) ;
#1426 = ORIENTED_EDGE ( 'NONE', *, *, #6718, .T. ) ;
#1425 = LINE ( 'NONE', #2841, #5034 ) ;
#1427 = VERTEX_POINT ( 'NONE', #8610 ) ;
#1428 = CARTESIAN_POINT ( 'NONE',  ( 2.133942768563685810, 0.000000000000000000, -5.281693692414843433 ) ) ;
#1430 = FACE_OUTER_BOUND ( 'NONE', #8374, .T. ) ;
#1429 = CARTESIAN_POINT ( 'NONE',  ( 4.174999999999999822, 4.200000000000000178, 5.299999999999998046 ) ) ;
#1431 = CARTESIAN_POINT ( 'NONE',  ( 0.3750000000000000000, 0.3102222521132789734, -0.6565280376755482372 ) ) ;
#1432 = VECTOR ( 'NONE', #4538, 1000.000000000000114 ) ;
#1434 = DIRECTION ( 'NONE',  ( -1.000000000000000000, 0.000000000000000000, -1.636531581110195409E-16 ) ) ;
#1433 = PRESENTATION_LAYER_ASSIGNMENT (  '', '', ( #4266 ) ) ;
#1435 = DIRECTION ( 'NONE',  ( -1.000000000000000000, 0.000000000000000000, -0.000000000000000000 ) ) ;
#1437 = ORIENTED_EDGE ( 'NONE', *, *, #1134, .T. ) ;
#1436 = CARTESIAN_POINT ( 'NONE',  ( -7.241636132661928293, 4.200000000000000178, -0.9212524746915267126 ) ) ;
#1438 = EDGE_CURVE ( 'NONE', #4466, #5833, #8201, .T. ) ;
#1439 = DIRECTION ( 'NONE',  ( -0.000000000000000000, 0.000000000000000000, -1.000000000000000000 ) ) ;
#1441 = EDGE_LOOP ( 'NONE', ( #1781, #8886, #3794, #8102, #5356, #4921, #6756, #8953, #7344, #3845, #4119, #7505, #9102, #7596, #123, #7020, #8250, #7660, #5348 ) ) ;
#1440 = CARTESIAN_POINT ( 'NONE',  ( -4.693548073463539971, 3.200000000000000622, 5.846973397313160348 ) ) ;
#1442 = DIRECTION ( 'NONE',  ( 0.000000000000000000, 0.000000000000000000, 1.000000000000000000 ) ) ;
#1443 = ORIENTED_EDGE ( 'NONE', *, *, #9580, .F. ) ;
#1444 = VECTOR ( 'NONE', #1321, 1000.000000000000000 ) ;
#1445 = EDGE_CURVE ( 'NONE', #7908, #3168, #1146, .T. ) ;
#1446 = ORIENTED_EDGE ( 'NONE', *, *, #4979, .T. ) ;
#1448 = ORIENTED_EDGE ( 'NONE', *, *, #4986, .F. ) ;
#1447 = DIRECTION ( 'NONE',  ( 0.000000000000000000, 1.000000000000000000, 0.000000000000000000 ) ) ;
#1449 = CIRCLE ( 'NONE', #6168, 0.6000000000000041966 ) ;
#1450 = LINE ( 'NONE', #4449, #4080 ) ;
#1451 = LINE ( 'NONE', #3017, #1422 ) ;
#1452 = ORIENTED_EDGE ( 'NONE', *, *, #9216, .F. ) ;
#1453 = CARTESIAN_POINT ( 'NONE',  ( 0.000000000000000000, 0.000000000000000000, 0.000000000000000000 ) ) ;
#1454 = CARTESIAN_POINT ( 'NONE',  ( 0.9000000000000000222, -3.252606517456512809E-16, 8.959999999999995524 ) ) ;
#1455 = VERTEX_POINT ( 'NONE', #9397 ) ;
#1457 = VERTEX_POINT ( 'NONE', #2651 ) ;
#1456 = DIRECTION ( 'NONE',  ( 0.000000000000000000, -1.000000000000000000, 0.000000000000000000 ) ) ;
#1458 = ORIENTED_EDGE ( 'NONE', *, *, #8826, .F. ) ;
#1459 = LINE ( 'NONE', #4365, #5249 ) ;
#1460 = ORIENTED_EDGE ( 'NONE', *, *, #5319, .F. ) ;
#1461 = EDGE_CURVE ( 'NONE', #2715, #7120, #9446, .T. ) ;
#1462 = CIRCLE ( 'NONE', #1783, 0.3999999999999997446 ) ;
#1463 = VERTEX_POINT ( 'NONE', #4987 ) ;
#1464 = CARTESIAN_POINT ( 'NONE',  ( -2.237997801249778984, 0.5999999999999999778, -5.024078606232306399 ) ) ;
#1466 = CARTESIAN_POINT ( 'NONE',  ( -0.9000000000000000222, 0.08330823441174238508, -6.463338353117657142 ) ) ;
#1465 = LINE ( 'NONE', #8058, #1444 ) ;
#1467 = LINE ( 'NONE', #7471, #7280 ) ;
#1468 =( BOUNDED_CURVE ( )  B_SPLINE_CURVE ( 3, ( #7260, #9423, #6382, #7067 ),
 .UNSPECIFIED., .F., .F. ) 
 B_SPLINE_CURVE_WITH_KNOTS ( ( 4, 4 ),
 ( 0.000000000000000000, 1.570796326794897890 ),
 .UNSPECIFIED. ) 
 CURVE ( )  GEOMETRIC_REPRESENTATION_ITEM ( )  RATIONAL_B_SPLINE_CURVE ( ( 1.000000000000000000, 0.8047378541243646044, 0.8047378541243646044, 1.000000000000000000 ) ) 
 REPRESENTATION_ITEM ( '' )  );
#1469 = AXIS2_PLACEMENT_3D ( 'NONE', #8566, #8518, #853 ) ;
#1470 = VECTOR ( 'NONE', #8702, 1000.000000000000000 ) ;
#1471 = EDGE_CURVE ( 'NONE', #2141, #8297, #7969, .T. ) ;
#1472 = CARTESIAN_POINT ( 'NONE',  ( 6.174999999999999822, 0.5999999999999999778, 5.599999999999997868 ) ) ;
#1473 = EDGE_CURVE ( 'NONE', #4966, #6266, #7377, .T. ) ;
#1474 = EDGE_CURVE ( 'NONE', #3907, #5768, #7528, .T. ) ;
#1475 = DIRECTION ( 'NONE',  ( 0.000000000000000000, 1.000000000000000000, -0.000000000000000000 ) ) ;
#1477 = ORIENTED_EDGE ( 'NONE', *, *, #5404, .T. ) ;
#1476 = CARTESIAN_POINT ( 'NONE',  ( 0.000000000000000000, 0.5999999999999999778, -1.049999999999998934 ) ) ;
#1478 = DIRECTION ( 'NONE',  ( 0.000000000000000000, 0.000000000000000000, 1.000000000000000000 ) ) ;
#1480 = CARTESIAN_POINT ( 'NONE',  ( -6.699999999999997513, 0.000000000000000000, 4.899999999999999467 ) ) ;
#1479 = CARTESIAN_POINT ( 'NONE',  ( 5.674999999999997158, 1.349999999999996980, 5.599999999999997868 ) ) ;
#1481 = DIRECTION ( 'NONE',  ( -0.000000000000000000, 1.000000000000000000, -0.000000000000000000 ) ) ;
#1482 = CIRCLE ( 'NONE', #2728, 0.4499999999999999001 ) ;
#1483 = ADVANCED_FACE ( 'NONE', ( #3118 ), #6774, .F. ) ;
#1484 = ADVANCED_FACE ( 'NONE', ( #7566 ), #2289, .T. ) ;
#1485 = EDGE_CURVE ( 'NONE', #6551, #1532, #8295, .T. ) ;
#1486 = AXIS2_PLACEMENT_3D ( 'NONE', #1013, #3434, #1955 ) ;
#1487 = PLANE ( 'NONE',  #651 ) ;
#1488 = PLANE ( 'NONE',  #7293 ) ;
#1490 = VERTEX_POINT ( 'NONE', #1556 ) ;
#1489 = DIRECTION ( 'NONE',  ( -0.000000000000000000, -1.000000000000000000, -0.000000000000000000 ) ) ;
#1491 = DIRECTION ( 'NONE',  ( -0.9723699203976781114, -0.2334453638558991462, 0.000000000000000000 ) ) ;
#1493 = ORIENTED_EDGE ( 'NONE', *, *, #7028, .T. ) ;
#1492 = CARTESIAN_POINT ( 'NONE',  ( 0.000000000000000000, 0.000000000000000000, 0.000000000000000000 ) ) ;
#1494 = EDGE_LOOP ( 'NONE', ( #6515, #2860, #7208, #1061 ) ) ;
#1495 = LINE ( 'NONE', #5389, #184 ) ;
#1496 = ORIENTED_EDGE ( 'NONE', *, *, #4457, .F. ) ;
#1497 = VECTOR ( 'NONE', #3713, 1000.000000000000000 ) ;
#1498 = ORIENTED_EDGE ( 'NONE', *, *, #4029, .T. ) ;
#1500 = VERTEX_POINT ( 'NONE', #6043 ) ;
#1499 = LINE ( 'NONE', #8235, #4028 ) ;
#1501 = EDGE_CURVE ( 'NONE', #5194, #2857, #5076, .T. ) ;
#1502 = CIRCLE ( 'NONE', #1648, 0.1999999999999996503 ) ;
#1503 = CARTESIAN_POINT ( 'NONE',  ( 0.000000000000000000, 4.200000000000000178, 0.000000000000000000 ) ) ;
#1504 = CARTESIAN_POINT ( 'NONE',  ( 5.674999999999998934, 3.449999999999998401, 5.599999999999997868 ) ) ;
#1505 = ORIENTED_EDGE ( 'NONE', *, *, #8864, .T. ) ;
#1506 = DIRECTION ( 'NONE',  ( -0.000000000000000000, 1.000000000000000000, -0.000000000000000000 ) ) ;
#1507 = DIRECTION ( 'NONE',  ( 0.000000000000000000, 0.000000000000000000, 1.000000000000000000 ) ) ;
#1508 = ORIENTED_EDGE ( 'NONE', *, *, #116, .F. ) ;
#1509 = CIRCLE ( 'NONE', #7944, 0.3000000000000000444 ) ;
#1511 = ORIENTED_EDGE ( 'NONE', *, *, #4986, .T. ) ;
#1510 = CARTESIAN_POINT ( 'NONE',  ( 0.000000000000000000, 0.000000000000000000, 0.000000000000000000 ) ) ;
#1512 = EDGE_LOOP ( 'NONE', ( #284, #5552, #2706, #3810 ) ) ;
#1513 = CARTESIAN_POINT ( 'NONE',  ( 6.699999999999999289, 0.000000000000000000, 4.899999999999997691 ) ) ;
#1514 = ORIENTED_EDGE ( 'NONE', *, *, #3879, .F. ) ;
#1515 = ORIENTED_EDGE ( 'NONE', *, *, #5404, .F. ) ;
#1516 = ORIENTED_EDGE ( 'NONE', *, *, #947, .T. ) ;
#1517 = DIRECTION ( 'NONE',  ( 0.2516678542837350041, -0.06042010615679306584, 0.9659258262890699775 ) ) ;
#1519 = DIRECTION ( 'NONE',  ( -0.000000000000000000, -1.000000000000000000, -0.000000000000000000 ) ) ;
#1518 = DIRECTION ( 'NONE',  ( -0.9153114791194485456, 0.000000000000000000, 0.4027466898587341859 ) ) ;
#1520 = LINE ( 'NONE', #5318, #1007 ) ;
#1521 = EDGE_CURVE ( 'NONE', #7137, #6761, #9719, .T. ) ;
#1522 = CARTESIAN_POINT ( 'NONE',  ( -0.8749999999999995559, 1.100000000000000311, -0.7999999999999988232 ) ) ;
#1523 = DIRECTION ( 'NONE',  ( 0.000000000000000000, 0.000000000000000000, 1.000000000000000000 ) ) ;
#1524 = ORIENTED_EDGE ( 'NONE', *, *, #6984, .T. ) ;
#1525 = DIRECTION ( 'NONE',  ( -0.2516678542837350041, -0.06042010615679305890, 0.9659258262890699775 ) ) ;
#1527 = DIRECTION ( 'NONE',  ( -0.000000000000000000, -1.000000000000000000, -0.000000000000000000 ) ) ;
#1526 = DIRECTION ( 'NONE',  ( -0.2516678542837350596, -0.06042010615679303809, 0.9659258262890699775 ) ) ;
#1528 = DIRECTION ( 'NONE',  ( 6.360652745248294783E-15, 0.000000000000000000, 1.000000000000000000 ) ) ;
#1529 = PLANE ( 'NONE',  #6007 ) ;
#1530 = CARTESIAN_POINT ( 'NONE',  ( 2.133942768563687586, 0.000000000000000000, -5.281693692414842545 ) ) ;
#1532 = VERTEX_POINT ( 'NONE', #832 ) ;
#1531 = CARTESIAN_POINT ( 'NONE',  ( 1.652671250527564029, 4.200000000000000178, 7.177851726723113224 ) ) ;
#1533 = DIRECTION ( 'NONE',  ( 0.000000000000000000, 1.000000000000000000, -0.000000000000000000 ) ) ;
#1535 = VERTEX_POINT ( 'NONE', #4659 ) ;
#1534 = CARTESIAN_POINT ( 'NONE',  ( 6.744320587332403250, 4.200000000000000178, 2.793589056265138648 ) ) ;
#1536 = CARTESIAN_POINT ( 'NONE',  ( -1.899999999999998135, 0.2999999999999999889, 4.049999999999998934 ) ) ;
#1537 = EDGE_CURVE ( 'NONE', #7972, #5458, #2385, .T. ) ;
#1538 = ORIENTED_EDGE ( 'NONE', *, *, #5012, .F. ) ;
#1539 = EDGE_CURVE ( 'NONE', #4655, #7398, #7997, .T. ) ;
#1540 = EDGE_CURVE ( 'NONE', #7056, #1457, #88, .T. ) ;
#1541 = EDGE_CURVE ( 'NONE', #2456, #7272, #7329, .T. ) ;
#1542 = DIRECTION ( 'NONE',  ( -1.000000000000000000, 0.000000000000000000, 0.000000000000000000 ) ) ;
#1544 = ORIENTED_EDGE ( 'NONE', *, *, #6055, .F. ) ;
#1543 = CARTESIAN_POINT ( 'NONE',  ( 3.594691988755335466, 4.200000000000000178, -6.353596580361256407 ) ) ;
#1545 = CARTESIAN_POINT ( 'NONE',  ( -0.8749999999999998890, 1.449074627379628888, 2.524409288242017713 ) ) ;
#1546 = CARTESIAN_POINT ( 'NONE',  ( 3.918869757271530460E-16, 0.000000000000000000, 3.874999999999998224 ) ) ;
#1547 = ORIENTED_EDGE ( 'NONE', *, *, #573, .T. ) ;
#1548 = EDGE_LOOP ( 'NONE', ( #3018, #4057, #5982, #3044 ) ) ;
#1549 = DIRECTION ( 'NONE',  ( 1.000000000000000000, 0.000000000000000000, 0.000000000000000000 ) ) ;
#1550 = CARTESIAN_POINT ( 'NONE',  ( 0.3654713239622578436, 2.342108142830979567, 5.208019656360511007 ) ) ;
#1551 = AXIS2_PLACEMENT_3D ( 'NONE', #7740, #319, #2460 ) ;
#1553 = VERTEX_POINT ( 'NONE', #5408 ) ;
#1552 = CARTESIAN_POINT ( 'NONE',  ( -7.177760825216869200, 4.200000000000000178, 1.330319336092709248 ) ) ;
#1554 = EDGE_CURVE ( 'NONE', #2241, #4794, #3078, .T. ) ;
#1555 = VERTEX_POINT ( 'NONE', #3174 ) ;
#1556 = CARTESIAN_POINT ( 'NONE',  ( 3.957114563163610654, 0.5999999999999999778, -4.097712085298143236 ) ) ;
#1557 = AXIS2_PLACEMENT_3D ( 'NONE', #4787, #3934, #7776 ) ;
#1558 = CARTESIAN_POINT ( 'NONE',  ( -6.174999999999998046, 4.200000000000000178, 5.299999999999998046 ) ) ;
#1559 = VERTEX_POINT ( 'NONE', #9075 ) ;
#1560 = ORIENTED_EDGE ( 'NONE', *, *, #9578, .F. ) ;
#1561 = VERTEX_POINT ( 'NONE', #2334 ) ;
#1562 = DIRECTION ( 'NONE',  ( -0.000000000000000000, 1.000000000000000000, -0.000000000000000000 ) ) ;
#1564 = LINE ( 'NONE', #1760, #1720 ) ;
#1563 = FACE_OUTER_BOUND ( 'NONE', #4477, .T. ) ;
#1565 = CARTESIAN_POINT ( 'NONE',  ( 1.050000000000000044, 0.5999999999999999778, 0.000000000000000000 ) ) ;
#1566 = EDGE_CURVE ( 'NONE', #6024, #6848, #6589, .T. ) ;
#1567 = DIRECTION ( 'NONE',  ( 0.000000000000000000, 0.2588190451025147998, 0.9659258262890698665 ) ) ;
#1568 = AXIS2_PLACEMENT_3D ( 'NONE', #4770, #2480, #3269 ) ;
#1569 = EDGE_CURVE ( 'NONE', #6284, #2939, #588, .T. ) ;
#1570 = LINE ( 'NONE', #5225, #2541 ) ;
#1571 = ORIENTED_EDGE ( 'NONE', *, *, #5709, .T. ) ;
#1572 = ADVANCED_FACE ( 'NONE', ( #9130 ), #8395, .F. ) ;
#1573 = DIRECTION ( 'NONE',  ( 1.000000000000000000, -0.000000000000000000, -0.000000000000000000 ) ) ;
#1575 = CARTESIAN_POINT ( 'NONE',  ( 0.000000000000000000, 0.000000000000000000, 0.000000000000000000 ) ) ;
#1574 = CARTESIAN_POINT ( 'NONE',  ( -0.3749999999999998890, 0.2999999999999999889, 3.794707603699265519E-16 ) ) ;
#1576 = DIRECTION ( 'NONE',  ( 0.000000000000000000, 0.000000000000000000, 1.000000000000000000 ) ) ;
#1577 = AXIS2_PLACEMENT_3D ( 'NONE', #3198, #6891, #271 ) ;
#1578 = VECTOR ( 'NONE', #2718, 1000.000000000000000 ) ;
#1579 = ORIENTED_EDGE ( 'NONE', *, *, #8864, .F. ) ;
#1580 = LINE ( 'NONE', #4588, #4631 ) ;
#1582 = EDGE_LOOP ( 'NONE', ( #7656, #7237, #8287, #5816 ) ) ;
#1581 = DIRECTION ( 'NONE',  ( 0.000000000000000000, 0.000000000000000000, -1.000000000000000000 ) ) ;
#1583 = VECTOR ( 'NONE', #3137, 999.9999999999998863 ) ;
#1584 = VECTOR ( 'NONE', #454, 1000.000000000000000 ) ;
#1585 = DIRECTION ( 'NONE',  ( 0.000000000000000000, 0.000000000000000000, 1.000000000000000000 ) ) ;
#1587 = ORIENTED_EDGE ( 'NONE', *, *, #1358, .T. ) ;
#1586 = CARTESIAN_POINT ( 'NONE',  ( -0.6000000000000000888, 1.457322679224499540, 2.618684952224779039 ) ) ;
#1588 = EDGE_LOOP ( 'NONE', ( #3523, #6425, #5361, #4412 ) ) ;
#1589 = DIRECTION ( 'NONE',  ( 0.000000000000000000, 1.000000000000000000, -0.000000000000000000 ) ) ;
#1590 = VECTOR ( 'NONE', #6140, 1000.000000000000000 ) ;
#1591 = EDGE_CURVE ( 'NONE', #9010, #8724, #7611, .T. ) ;
#1592 = DIRECTION ( 'NONE',  ( -0.9063077870366508249, 0.000000000000000000, 0.4226182617406975539 ) ) ;
#1593 = EDGE_CURVE ( 'NONE', #8619, #7873, #7761, .T. ) ;
#1594 = EDGE_CURVE ( 'NONE', #7463, #3136, #2649, .T. ) ;
#1595 = ORIENTED_EDGE ( 'NONE', *, *, #828, .F. ) ;
#1597 = EDGE_LOOP ( 'NONE', ( #668, #5767, #363, #8731 ) ) ;
#1596 = DIRECTION ( 'NONE',  ( 1.000000000000000000, 0.000000000000000000, -5.337610695313253357E-16 ) ) ;
#1599 = ADVANCED_FACE ( 'NONE', ( #9377 ), #2630, .F. ) ;
#1598 = DIRECTION ( 'NONE',  ( 0.000000000000000000, -0.000000000000000000, 1.000000000000000000 ) ) ;
#1600 = CARTESIAN_POINT ( 'NONE',  ( -2.274999999999999467, 0.2999999999999999889, -0.2999999999999996558 ) ) ;
#1601 = ORIENTED_EDGE ( 'NONE', *, *, #4060, .F. ) ;
#1602 = VECTOR ( 'NONE', #9036, 1000.000000000000114 ) ;
#1603 = AXIS2_PLACEMENT_3D ( 'NONE', #8122, #8856, #5233 ) ;
#1604 = VERTEX_POINT ( 'NONE', #4021 ) ;
#1605 = DIRECTION ( 'NONE',  ( -1.000000000000000000, 0.000000000000000000, 0.000000000000000000 ) ) ;
#1606 = DIRECTION ( 'NONE',  ( -0.000000000000000000, -1.000000000000000000, -0.000000000000000000 ) ) ;
#1607 = ADVANCED_FACE ( 'NONE', ( #293 ), #5456, .T. ) ;
#1608 = EDGE_CURVE ( 'NONE', #1675, #1490, #7065, .T. ) ;
#1610 = ORIENTED_EDGE ( 'NONE', *, *, #573, .F. ) ;
#1609 = DIRECTION ( 'NONE',  ( 0.7343225094356882199, 0.000000000000000000, -0.6788007455329388984 ) ) ;
#1611 = DIRECTION ( 'NONE',  ( 1.000000000000000000, 0.000000000000000000, -1.020425574104005182E-15 ) ) ;
#1612 = VERTEX_POINT ( 'NONE', #242 ) ;
#1613 = ORIENTED_EDGE ( 'NONE', *, *, #4900, .T. ) ;
#1614 = LINE ( 'NONE', #835, #5991 ) ;
#1616 = CARTESIAN_POINT ( 'NONE',  ( 4.549999999999999822, 0.5999999999999999778, 5.299999999999998046 ) ) ;
#1615 = CARTESIAN_POINT ( 'NONE',  ( -6.174999999999998046, 4.200000000000000178, 5.599999999999997868 ) ) ;
#1617 = DIRECTION ( 'NONE',  ( 0.000000000000000000, 0.000000000000000000, 1.000000000000000000 ) ) ;
#1618 = DIRECTION ( 'NONE',  ( 0.000000000000000000, 0.9659258262890699775, -0.2588190451025145777 ) ) ;
#1619 = DIRECTION ( 'NONE',  ( 0.000000000000000000, 0.000000000000000000, -1.000000000000000000 ) ) ;
#1620 = ORIENTED_EDGE ( 'NONE', *, *, #7028, .F. ) ;
#1621 = DIRECTION ( 'NONE',  ( -0.2249510543438678067, 0.000000000000000000, 0.9743700647852346908 ) ) ;
#1623 = DIRECTION ( 'NONE',  ( -3.428548309156925888E-16, 0.6476047053781389673, 0.7619764731093039423 ) ) ;
#1622 = CARTESIAN_POINT ( 'NONE',  ( 0.4238326649262327273, 2.099015662731559484, 5.208019656360511007 ) ) ;
#1624 = CARTESIAN_POINT ( 'NONE',  ( 1.899999999999998801, 0.2999999999999999889, -1.224999999999999423 ) ) ;
#1625 = AXIS2_PLACEMENT_3D ( 'NONE', #2835, #8606, #447 ) ;
#1626 = ORIENTED_EDGE ( 'NONE', *, *, #4862, .F. ) ;
#1627 = DIRECTION ( 'NONE',  ( -0.000000000000000000, 0.000000000000000000, -1.000000000000000000 ) ) ;
#1629 = ORIENTED_EDGE ( 'NONE', *, *, #6625, .F. ) ;
#1628 = DIRECTION ( 'NONE',  ( -0.000000000000000000, -0.000000000000000000, 1.000000000000000000 ) ) ;
#1630 = VECTOR ( 'NONE', #7313, 1000.000000000000000 ) ;
#1631 = FACE_OUTER_BOUND ( 'NONE', #7631, .T. ) ;
#1633 = VERTEX_POINT ( 'NONE', #9278 ) ;
#1632 = LINE ( 'NONE', #1534, #2360 ) ;
#1634 = EDGE_CURVE ( 'NONE', #3164, #2844, #1844, .T. ) ;
#1635 = LINE ( 'NONE', #6116, #3159 ) ;
#1636 = VECTOR ( 'NONE', #4807, 1000.000000000000000 ) ;
#1637 = DIRECTION ( 'NONE',  ( 0.000000000000000000, 0.000000000000000000, 1.000000000000000000 ) ) ;
#1638 = VERTEX_POINT ( 'NONE', #5650 ) ;
#1640 = VERTEX_POINT ( 'NONE', #4117 ) ;
#1639 = DIRECTION ( 'NONE',  ( -0.9723699203976781114, -0.2334453638558993960, 0.000000000000000000 ) ) ;
#1641 = DIRECTION ( 'NONE',  ( -0.9676937674929103617, 0.000000000000000000, -0.2521284838239766235 ) ) ;
#1642 = CYLINDRICAL_SURFACE ( 'NONE', #7870, 6.400000000000001243 ) ;
#1643 = AXIS2_PLACEMENT_3D ( 'NONE', #9340, #2593, #5614 ) ;
#1644 = EDGE_LOOP ( 'NONE', ( #7699, #9161, #8051, #5532 ) ) ;
#1645 = ORIENTED_EDGE ( 'NONE', *, *, #5782, .F. ) ;
#1646 = CARTESIAN_POINT ( 'NONE',  ( 0.000000000000000000, 4.200000000000000178, 0.000000000000000000 ) ) ;
#1647 = ORIENTED_EDGE ( 'NONE', *, *, #2944, .T. ) ;
#1648 = AXIS2_PLACEMENT_3D ( 'NONE', #7359, #8247, #5308 ) ;
#1650 = ORIENTED_EDGE ( 'NONE', *, *, #411, .F. ) ;
#1649 = DIRECTION ( 'NONE',  ( 0.2656610736153537378, 0.000000000000000000, 0.9640664883531310236 ) ) ;
#1651 = DIRECTION ( 'NONE',  ( -0.2334453638558993405, 0.9723699203976780003, -0.000000000000000000 ) ) ;
#1652 = CARTESIAN_POINT ( 'NONE',  ( 2.274999999999999467, 0.2999999999999999889, -1.224999999999999201 ) ) ;
#1653 = VERTEX_POINT ( 'NONE', #4867 ) ;
#1654 = ORIENTED_EDGE ( 'NONE', *, *, #8517, .T. ) ;
#1655 = VECTOR ( 'NONE', #6253, 1000.000000000000114 ) ;
#1656 = LINE ( 'NONE', #3919, #5533 ) ;
#1658 = DIRECTION ( 'NONE',  ( 0.000000000000000000, -1.000000000000000000, 0.000000000000000000 ) ) ;
#1657 = DIRECTION ( 'NONE',  ( 0.000000000000000000, -1.000000000000000000, 0.000000000000000000 ) ) ;
#1659 = CARTESIAN_POINT ( 'NONE',  ( 1.424999999999999156, 0.2999999999999999889, 3.794707603699265519E-16 ) ) ;
#1660 = VECTOR ( 'NONE', #4498, 1000.000000000000114 ) ;
#1661 = MANIFOLD_SOLID_BREP ( 'Chamfer2', #2809 ) ;
#1662 = EDGE_CURVE ( 'NONE', #1694, #6674, #2583, .T. ) ;
#1663 = EDGE_CURVE ( 'NONE', #3509, #3102, #3224, .T. ) ;
#1664 = CARTESIAN_POINT ( 'NONE',  ( 1.024999999999996358, 0.5999999999999999778, 3.350000000000000089 ) ) ;
#1665 = DIRECTION ( 'NONE',  ( -3.428548309156925888E-16, 0.6476047053781389673, 0.7619764731093039423 ) ) ;
#1666 = ORIENTED_EDGE ( 'NONE', *, *, #4112, .F. ) ;
#1667 = PLANE ( 'NONE',  #7093 ) ;
#1669 = CARTESIAN_POINT ( 'NONE',  ( -1.486584783323322334, 4.200000000000000178, -7.147031949137462092 ) ) ;
#1668 = DIRECTION ( 'NONE',  ( -1.000000000000000000, 0.000000000000000000, 0.000000000000000000 ) ) ;
#1670 = DIRECTION ( 'NONE',  ( 0.000000000000000000, 0.000000000000000000, 1.000000000000000000 ) ) ;
#1671 = VERTEX_POINT ( 'NONE', #8593 ) ;
#1672 = CARTESIAN_POINT ( 'NONE',  ( -4.174999999999998934, 4.200000000000000178, 5.299999999999998046 ) ) ;
#1673 = CARTESIAN_POINT ( 'NONE',  ( 1.400000000000000799, 4.200000000000000178, 6.517713239141811776 ) ) ;
#1675 = VERTEX_POINT ( 'NONE', #3373 ) ;
#1674 = PLANE ( 'NONE',  #2602 ) ;
#1676 = CARTESIAN_POINT ( 'NONE',  ( -0.3750000000000000000, 1.100000000000000311, -0.7999999999999988232 ) ) ;
#1678 = ORIENTED_EDGE ( 'NONE', *, *, #6531, .T. ) ;
#1677 = DIRECTION ( 'NONE',  ( -0.9723699203976781114, 0.2334453638558991462, -0.000000000000000000 ) ) ;
#1679 = CARTESIAN_POINT ( 'NONE',  ( 0.8999999999999999112, 0.3000000000000004885, -6.190000000000002167 ) ) ;
#1680 = DIRECTION ( 'NONE',  ( 0.2516678542837351151, 0.06042010615679308666, -0.9659258262890700886 ) ) ;
#1681 = ORIENTED_EDGE ( 'NONE', *, *, #2612, .T. ) ;
#1683 = ORIENTED_EDGE ( 'NONE', *, *, #6560, .T. ) ;
#1682 = DIRECTION ( 'NONE',  ( 1.000000000000000000, -0.000000000000000000, 4.251773225433351640E-17 ) ) ;
#1684 = LINE ( 'NONE', #4853, #2659 ) ;
#1685 = EDGE_CURVE ( 'NONE', #1070, #2581, #9221, .T. ) ;
#1686 = CARTESIAN_POINT ( 'NONE',  ( 0.000000000000000000, 4.200000000000000178, 0.000000000000000000 ) ) ;
#1687 = ADVANCED_FACE ( 'NONE', ( #7169 ), #2435, .F. ) ;
#1688 = ORIENTED_EDGE ( 'NONE', *, *, #8425, .F. ) ;
#1689 = ORIENTED_EDGE ( 'NONE', *, *, #2366, .T. ) ;
#1690 = DIRECTION ( 'NONE',  ( 3.097720492815722728E-16, 0.000000000000000000, -1.000000000000000000 ) ) ;
#1691 = EDGE_CURVE ( 'NONE', #3217, #2069, #5503, .T. ) ;
#1692 = ORIENTED_EDGE ( 'NONE', *, *, #5621, .T. ) ;
#1694 = VERTEX_POINT ( 'NONE', #9555 ) ;
#1693 = CARTESIAN_POINT ( 'NONE',  ( 4.623041666781258351E-16, -0.5999999999999980904, 2.724999999999998312 ) ) ;
#1695 = CARTESIAN_POINT ( 'NONE',  ( -1.899999999999999023, 0.2999999999999999889, 3.794707603699265519E-16 ) ) ;
#1696 = FACE_OUTER_BOUND ( 'NONE', #7473, .T. ) ;
#1697 = EDGE_LOOP ( 'NONE', ( #9713, #5979, #3801, #7072 ) ) ;
#1698 = ORIENTED_EDGE ( 'NONE', *, *, #971, .F. ) ;
#1699 = CARTESIAN_POINT ( 'NONE',  ( 4.590942030465837931, -4.977509323186070378E-15, 5.565065611077388397 ) ) ;
#1701 = PLANE ( 'NONE',  #5971 ) ;
#1700 = CARTESIAN_POINT ( 'NONE',  ( -6.466838485689897276, 4.200000000000000178, 4.899999999999999467 ) ) ;
#1702 = CARTESIAN_POINT ( 'NONE',  ( 0.3501680457838485805, 1.541445119403483499, 5.599999999999997868 ) ) ;
#1703 = EDGE_CURVE ( 'NONE', #7549, #3618, #665, .T. ) ;
#1704 = CIRCLE ( 'NONE', #6570, 0.3000000000000000444 ) ;
#1705 = ORIENTED_EDGE ( 'NONE', *, *, #3183, .T. ) ;
#1706 = VECTOR ( 'NONE', #9194, 1000.000000000000000 ) ;
#1707 = DIRECTION ( 'NONE',  ( 0.000000000000000000, 1.000000000000000000, -0.000000000000000000 ) ) ;
#1708 = EDGE_CURVE ( 'NONE', #710, #1906, #5144, .T. ) ;
#1709 = EDGE_CURVE ( 'NONE', #1353, #4111, #3653, .T. ) ;
#1710 = EDGE_CURVE ( 'NONE', #6911, #7900, #8044, .T. ) ;
#1711 = CARTESIAN_POINT ( 'NONE',  ( 4.219813216640448950, 3.700000000000000622, -4.811774767865449220 ) ) ;
#1712 = VERTEX_POINT ( 'NONE', #5101 ) ;
#1713 = AXIS2_PLACEMENT_3D ( 'NONE', #5744, #4400, #5884 ) ;
#1714 = DIRECTION ( 'NONE',  ( 1.000000000000000000, 0.000000000000000000, 2.710505431213760592E-16 ) ) ;
#1715 = EDGE_CURVE ( 'NONE', #9155, #3261, #1936, .T. ) ;
#1717 = CARTESIAN_POINT ( 'NONE',  ( 0.9000000000000017986, 0.3119011763445350693, -6.657619764731096623 ) ) ;
#1716 = CARTESIAN_POINT ( 'NONE',  ( -6.699999999999997513, 0.000000000000000000, 5.299999999999999822 ) ) ;
#1718 = LINE ( 'NONE', #7728, #2401 ) ;
#1719 = AXIS2_PLACEMENT_3D ( 'NONE', #5195, #2960, #2373 ) ;
#1720 = VECTOR ( 'NONE', #7716, 1000.000000000000000 ) ;
#1721 = AXIS2_PLACEMENT_3D ( 'NONE', #2006, #4711, #1077 ) ;
#1722 = ORIENTED_EDGE ( 'NONE', *, *, #9006, .T. ) ;
#1723 = CARTESIAN_POINT ( 'NONE',  ( 0.000000000000000000, 0.5999999999999999778, -1.324999999999999512 ) ) ;
#1724 = FACE_OUTER_BOUND ( 'NONE', #5143, .T. ) ;
#1726 = ORIENTED_EDGE ( 'NONE', *, *, #985, .F. ) ;
#1725 = FACE_OUTER_BOUND ( 'NONE', #207, .T. ) ;
#1727 = LINE ( 'NONE', #6999, #1261 ) ;
#1729 = VERTEX_POINT ( 'NONE', #7308 ) ;
#1728 = CARTESIAN_POINT ( 'NONE',  ( 1.999999999999999112, 4.200000000000000178, 1.325000000000000178 ) ) ;
#1730 = VECTOR ( 'NONE', #6748, 1000.000000000000000 ) ;
#1731 = DIRECTION ( 'NONE',  ( 0.000000000000000000, -0.000000000000000000, 1.000000000000000000 ) ) ;
#1732 = AXIS2_PLACEMENT_3D ( 'NONE', #7842, #1972, #7249 ) ;
#1733 = ORIENTED_EDGE ( 'NONE', *, *, #677, .F. ) ;
#1734 = CIRCLE ( 'NONE', #2039, 7.300000000000003375 ) ;
#1735 = EDGE_CURVE ( 'NONE', #8619, #6010, #8685, .T. ) ;
#1737 = FACE_OUTER_BOUND ( 'NONE', #7311, .T. ) ;
#1736 = VECTOR ( 'NONE', #6070, 1000.000000000000000 ) ;
#1738 = ORIENTED_EDGE ( 'NONE', *, *, #1438, .F. ) ;
#1740 = ORIENTED_EDGE ( 'NONE', *, *, #1340, .F. ) ;
#1739 = LINE ( 'NONE', #4754, #9039 ) ;
#1741 = CARTESIAN_POINT ( 'NONE',  ( 0.9000000000000000222, 0.5999999999999999778, 5.599999999999997868 ) ) ;
#1743 = VERTEX_POINT ( 'NONE', #5786 ) ;
#1742 = CARTESIAN_POINT ( 'NONE',  ( 0.000000000000000000, 4.200000000000000178, 0.000000000000000000 ) ) ;
#1744 = VERTEX_POINT ( 'NONE', #7949 ) ;
#1745 = VECTOR ( 'NONE', #6239, 1000.000000000000000 ) ;
#1746 = AXIS2_PLACEMENT_3D ( 'NONE', #6988, #2990, #3047 ) ;
#1747 = VECTOR ( 'NONE', #1378, 1000.000000000000000 ) ;
#1748 = ORIENTED_EDGE ( 'NONE', *, *, #8961, .F. ) ;
#1749 = EDGE_CURVE ( 'NONE', #9244, #6245, #7529, .T. ) ;
#1751 = ORIENTED_EDGE ( 'NONE', *, *, #6795, .F. ) ;
#1750 = CARTESIAN_POINT ( 'NONE',  ( 3.918869757271534404E-16, -0.6999999999999999556, -3.850000000000001865 ) ) ;
#1752 = VECTOR ( 'NONE', #7833, 1000.000000000000000 ) ;
#1753 = CIRCLE ( 'NONE', #3471, 7.399999999999999467 ) ;
#1754 = VECTOR ( 'NONE', #5085, 1000.000000000000000 ) ;
#1755 = DIRECTION ( 'NONE',  ( 0.000000000000000000, 0.000000000000000000, -1.000000000000000000 ) ) ;
#1756 = ORIENTED_EDGE ( 'NONE', *, *, #1387, .T. ) ;
#1757 = LINE ( 'NONE', #1699, #1590 ) ;
#1758 = EDGE_CURVE ( 'NONE', #3442, #7900, #6564, .T. ) ;
#1760 = CARTESIAN_POINT ( 'NONE',  ( 3.890140309090413862, 4.066025403784439440, -4.435854864125960972 ) ) ;
#1759 = DIRECTION ( 'NONE',  ( 2.710505431213760099E-16, 0.000000000000000000, -1.000000000000000000 ) ) ;
#1761 = ADVANCED_FACE ( 'NONE', ( #1351 ), #1213, .T. ) ;
#1762 = DIRECTION ( 'NONE',  ( -0.000000000000000000, -1.000000000000000000, 0.000000000000000000 ) ) ;
#1763 = ORIENTED_EDGE ( 'NONE', *, *, #1888, .T. ) ;
#1764 = DIRECTION ( 'NONE',  ( 0.000000000000000000, 1.000000000000000000, 0.000000000000000000 ) ) ;
#1765 = EDGE_CURVE ( 'NONE', #3325, #7602, #8134, .T. ) ;
#1766 = LINE ( 'NONE', #5421, #5232 ) ;
#1767 = ORIENTED_EDGE ( 'NONE', *, *, #8068, .T. ) ;
#1768 = CIRCLE ( 'NONE', #3015, 0.1999999999999996503 ) ;
#1769 = DIRECTION ( 'NONE',  ( -4.251773225433351640E-17, 0.000000000000000000, 1.000000000000000000 ) ) ;
#1771 = DIRECTION ( 'NONE',  ( -0.000000000000000000, 1.000000000000000000, -0.000000000000000000 ) ) ;
#1770 = DIRECTION ( 'NONE',  ( -0.000000000000000000, 0.000000000000000000, 1.000000000000000000 ) ) ;
#1772 = PLANE ( 'NONE',  #9405 ) ;
#1773 = ADVANCED_FACE ( 'NONE', ( #7351 ), #475, .T. ) ;
#1774 = ORIENTED_EDGE ( 'NONE', *, *, #9052, .T. ) ;
#1775 = DIRECTION ( 'NONE',  ( -0.000000000000000000, -1.000000000000000000, -0.000000000000000000 ) ) ;
#1776 = CARTESIAN_POINT ( 'NONE',  ( 4.903388356796438252, 0.000000000000000000, -5.542272333838630161 ) ) ;
#1778 = ORIENTED_EDGE ( 'NONE', *, *, #9527, .F. ) ;
#1777 = CARTESIAN_POINT ( 'NONE',  ( 2.397482197861802167, 0.5999999999999999778, -5.933976669227455147 ) ) ;
#1779 = PLANE ( 'NONE',  #8791 ) ;
#1781 = ORIENTED_EDGE ( 'NONE', *, *, #4679, .F. ) ;
#1780 = CARTESIAN_POINT ( 'NONE',  ( -3.249999999999999556, 0.2999999999999999889, -1.224999999999999201 ) ) ;
#1782 = DIRECTION ( 'NONE',  ( -0.000000000000000000, -1.000000000000000000, -0.000000000000000000 ) ) ;
#1783 = AXIS2_PLACEMENT_3D ( 'NONE', #5854, #2884, #8109 ) ;
#1784 = ORIENTED_EDGE ( 'NONE', *, *, #7651, .F. ) ;
#1785 = ADVANCED_FACE ( 'NONE', ( #6615 ), #2029, .F. ) ;
#1786 = EDGE_CURVE ( 'NONE', #3235, #7577, #9470, .T. ) ;
#1787 = ADVANCED_FACE ( 'NONE', ( #9609 ), #5807, .T. ) ;
#1788 = ADVANCED_FACE ( 'NONE', ( #8873 ), #8729, .T. ) ;
#1789 = VECTOR ( 'NONE', #6483, 1000.000000000000000 ) ;
#1790 = CARTESIAN_POINT ( 'NONE',  ( 1.424999999999999156, 0.5999999999999999778, 2.949999999999997957 ) ) ;
#1791 = ORIENTED_EDGE ( 'NONE', *, *, #2823, .T. ) ;
#1793 = VERTEX_POINT ( 'NONE', #4262 ) ;
#1792 = PLANE ( 'NONE',  #421 ) ;
#1794 = CARTESIAN_POINT ( 'NONE',  ( 1.649999999999997913, 0.5999999999999999778, 4.050000000000000711 ) ) ;
#1795 = CARTESIAN_POINT ( 'NONE',  ( -0.3501680457838487470, 1.541445119403483055, 5.599999999999997868 ) ) ;
#1797 = ORIENTED_EDGE ( 'NONE', *, *, #2589, .T. ) ;
#1796 = CARTESIAN_POINT ( 'NONE',  ( -0.9749999999999999778, 0.2999999999999999889, -4.500000000000000000 ) ) ;
#1798 = VECTOR ( 'NONE', #8793, 1000.000000000000000 ) ;
#1799 = ORIENTED_EDGE ( 'NONE', *, *, #2675, .T. ) ;
#1801 = ORIENTED_EDGE ( 'NONE', *, *, #383, .F. ) ;
#1800 = CARTESIAN_POINT ( 'NONE',  ( 4.549999999999999822, 0.000000000000000000, 8.049999999999998934 ) ) ;
#1802 = AXIS2_PLACEMENT_3D ( 'NONE', #1853, #398, #4931 ) ;
#1803 = SURFACE_STYLE_USAGE ( .BOTH. , #8544 ) ;
#1804 = DIRECTION ( 'NONE',  ( -1.000000000000000000, -0.000000000000000000, 0.000000000000000000 ) ) ;
#1805 = EDGE_LOOP ( 'NONE', ( #4539, #3752, #1078, #2671 ) ) ;
#1806 = DIRECTION ( 'NONE',  ( 0.000000000000000000, 0.000000000000000000, -1.000000000000000000 ) ) ;
#1808 = CARTESIAN_POINT ( 'NONE',  ( 0.000000000000000000, 4.200000000000000178, 0.000000000000000000 ) ) ;
#1807 = CARTESIAN_POINT ( 'NONE',  ( -0.9750000000000007550, 0.5999999999999999778, -4.599999999999999645 ) ) ;
#1809 = DIRECTION ( 'NONE',  ( 0.000000000000000000, 1.000000000000000000, 0.000000000000000000 ) ) ;
#1810 = CIRCLE ( 'NONE', #4815, 7.399999999999998579 ) ;
#1811 = EDGE_LOOP ( 'NONE', ( #4399, #516, #6676, #4144 ) ) ;
#1812 = LINE ( 'NONE', #5513, #4963 ) ;
#1813 = PLANE ( 'NONE',  #8975 ) ;
#1814 = EDGE_LOOP ( 'NONE', ( #9236, #4685, #7562, #3227 ) ) ;
#1815 = VECTOR ( 'NONE', #2217, 1000.000000000000000 ) ;
#1816 = DIRECTION ( 'NONE',  ( -0.2334453638558991462, -0.9723699203976781114, -0.000000000000000000 ) ) ;
#1818 = DIRECTION ( 'NONE',  ( 0.9723699203976781114, -0.2334453638558993960, 0.000000000000000000 ) ) ;
#1817 = FACE_OUTER_BOUND ( 'NONE', #2073, .T. ) ;
#1819 = ADVANCED_FACE ( 'NONE', ( #7264 ), #521, .T. ) ;
#1820 = DIRECTION ( 'NONE',  ( 0.2243753187149424289, 0.000000000000000000, 0.9745028046914836484 ) ) ;
#1821 = CIRCLE ( 'NONE', #3074, 0.1000000000000002554 ) ;
#1822 = ORIENTED_EDGE ( 'NONE', *, *, #2270, .T. ) ;
#1823 = DIRECTION ( 'NONE',  ( -0.000000000000000000, -0.000000000000000000, 1.000000000000000000 ) ) ;
#1824 = DIRECTION ( 'NONE',  ( -0.9745028046914839814, 0.000000000000000000, -0.2243753187149407913 ) ) ;
#1826 = ORIENTED_EDGE ( 'NONE', *, *, #8991, .T. ) ;
#1825 = LINE ( 'NONE', #5531, #2661 ) ;
#1827 = PLANE ( 'NONE',  #8326 ) ;
#1829 = ORIENTED_EDGE ( 'NONE', *, *, #4305, .T. ) ;
#1828 = CARTESIAN_POINT ( 'NONE',  ( 0.000000000000000000, 0.5999999999999999778, 0.000000000000000000 ) ) ;
#1830 = CARTESIAN_POINT ( 'NONE',  ( -3.549999999999998490, 0.2999999999999999889, 3.794707603699265519E-16 ) ) ;
#1831 = VERTEX_POINT ( 'NONE', #7498 ) ;
#1832 = ORIENTED_EDGE ( 'NONE', *, *, #4187, .F. ) ;
#1834 = ORIENTED_EDGE ( 'NONE', *, *, #8754, .T. ) ;
#1833 = DIRECTION ( 'NONE',  ( 0.000000000000000000, 0.000000000000000000, 1.000000000000000000 ) ) ;
#1835 = PLANE ( 'NONE',  #9567 ) ;
#1836 = DIRECTION ( 'NONE',  ( -0.000000000000000000, -1.000000000000000000, -0.000000000000000000 ) ) ;
#1838 = ORIENTED_EDGE ( 'NONE', *, *, #1179, .F. ) ;
#1837 = CARTESIAN_POINT ( 'NONE',  ( 3.890140309090413862, 3.833974596215561803, -4.435854864125960972 ) ) ;
#1839 = EDGE_CURVE ( 'NONE', #5227, #6268, #6078, .T. ) ;
#1840 = EDGE_CURVE ( 'NONE', #5206, #4590, #466, .T. ) ;
#1841 = ORIENTED_EDGE ( 'NONE', *, *, #2277, .T. ) ;
#1843 = ORIENTED_EDGE ( 'NONE', *, *, #6743, .F. ) ;
#1842 = DIRECTION ( 'NONE',  ( 0.000000000000000000, 0.7071067811865471286, 0.7071067811865479058 ) ) ;
#1844 = LINE ( 'NONE', #1695, #7369 ) ;
#1845 = CARTESIAN_POINT ( 'NONE',  ( 3.023344536385590420, 2.183218014069269852, 5.299999999999998046 ) ) ;
#1846 = ORIENTED_EDGE ( 'NONE', *, *, #2062, .F. ) ;
#1847 = ORIENTED_EDGE ( 'NONE', *, *, #986, .F. ) ;
#1849 = DIRECTION ( 'NONE',  ( -1.000000000000000000, -0.000000000000000000, -2.710505431213760592E-16 ) ) ;
#1848 = CARTESIAN_POINT ( 'NONE',  ( -0.8999999999999999112, 0.3500000000000007550, -6.690000000000003944 ) ) ;
#1850 = DIRECTION ( 'NONE',  ( -0.4027466898587339084, 0.000000000000000000, 0.9153114791194485456 ) ) ;
#1851 = EDGE_CURVE ( 'NONE', #7510, #5648, #1450, .T. ) ;
#1852 = ORIENTED_EDGE ( 'NONE', *, *, #2758, .T. ) ;
#1853 = CARTESIAN_POINT ( 'NONE',  ( -0.8999999999999989120, 1.246832498358330099E-15, -10.49000000000000199 ) ) ;
#1854 = PLANE ( 'NONE',  #6331 ) ;
#1855 = ORIENTED_EDGE ( 'NONE', *, *, #1297, .F. ) ;
#1856 = DIRECTION ( 'NONE',  ( 0.000000000000000000, 0.000000000000000000, -1.000000000000000000 ) ) ;
#1858 = DIRECTION ( 'NONE',  ( -0.000000000000000000, -1.000000000000000000, -0.000000000000000000 ) ) ;
#1857 = CARTESIAN_POINT ( 'NONE',  ( 4.549999999999999822, 0.5999999999999999778, 5.849999999999999645 ) ) ;
#1859 = VECTOR ( 'NONE', #940, 1000.000000000000000 ) ;
#1860 = DIRECTION ( 'NONE',  ( 0.000000000000000000, 1.000000000000000000, 0.000000000000000000 ) ) ;
#1861 = EDGE_CURVE ( 'NONE', #9327, #3661, #5345, .T. ) ;
#1862 = AXIS2_PLACEMENT_3D ( 'NONE', #4207, #7206, #1982 ) ;
#1863 = DIRECTION ( 'NONE',  ( 0.9745028046914839814, 0.000000000000000000, 0.2243753187149409856 ) ) ;
#1864 = LINE ( 'NONE', #4988, #9143 ) ;
#1866 = ORIENTED_EDGE ( 'NONE', *, *, #5518, .T. ) ;
#1865 = PLANE ( 'NONE',  #9422 ) ;
#1867 = DIRECTION ( 'NONE',  ( -0.000000000000000000, 1.000000000000000000, -0.000000000000000000 ) ) ;
#1869 = ORIENTED_EDGE ( 'NONE', *, *, #1999, .T. ) ;
#1868 = CARTESIAN_POINT ( 'NONE',  ( -0.6658733778779116763, 0.1598620542654101140, 5.149785371212445284 ) ) ;
#1870 = CIRCLE ( 'NONE', #3443, 6.400000000000001243 ) ;
#1871 = ORIENTED_EDGE ( 'NONE', *, *, #7854, .T. ) ;
#1872 = DIRECTION ( 'NONE',  ( 1.000000000000000000, -0.000000000000000000, 0.000000000000000000 ) ) ;
#1873 = ORIENTED_EDGE ( 'NONE', *, *, #6060, .F. ) ;
#1874 = ORIENTED_EDGE ( 'NONE', *, *, #6176, .F. ) ;
#1875 = AXIS2_PLACEMENT_3D ( 'NONE', #1794, #4811, #4054 ) ;
#1876 = VECTOR ( 'NONE', #3273, 1000.000000000000000 ) ;
#1878 = EDGE_LOOP ( 'NONE', ( #6815, #557, #2769, #6432 ) ) ;
#1877 = DIRECTION ( 'NONE',  ( 1.000000000000000000, 0.000000000000000000, 2.710505431213760592E-16 ) ) ;
#1879 = VECTOR ( 'NONE', #1332, 1000.000000000000000 ) ;
#1880 = VECTOR ( 'NONE', #568, 1000.000000000000000 ) ;
#1881 = DIRECTION ( 'NONE',  ( 0.000000000000000000, 0.6476047053781389673, 0.7619764731093040533 ) ) ;
#1882 = CARTESIAN_POINT ( 'NONE',  ( -4.056374298827127411, 4.200000000000000178, 5.906093829678736640 ) ) ;
#1884 = ORIENTED_EDGE ( 'NONE', *, *, #4866, .T. ) ;
#1883 = LINE ( 'NONE', #7937, #956 ) ;
#1885 = ORIENTED_EDGE ( 'NONE', *, *, #9550, .T. ) ;
#1886 = AXIS2_PLACEMENT_3D ( 'NONE', #6789, #7382, #642 ) ;
#1887 = CIRCLE ( 'NONE', #3610, 0.1000000000000002554 ) ;
#1888 = EDGE_CURVE ( 'NONE', #7497, #5747, #9419, .T. ) ;
#1889 = ADVANCED_FACE ( 'NONE', ( #6666 ), #3108, .T. ) ;
#1890 = EDGE_LOOP ( 'NONE', ( #2337, #6986, #1654, #1448 ) ) ;
#1891 = EDGE_CURVE ( 'NONE', #4041, #2348, #5302, .T. ) ;
#1893 = VERTEX_POINT ( 'NONE', #2322 ) ;
#1892 = CARTESIAN_POINT ( 'NONE',  ( 0.000000000000000000, 0.000000000000000000, 0.000000000000000000 ) ) ;
#1894 = CARTESIAN_POINT ( 'NONE',  ( 3.000000000000000000, 2.280455006109038507, 5.299999999999998046 ) ) ;
#1895 = APPLICATION_CONTEXT ( 'automotive_design' ) ;
#1896 = AXIS2_PLACEMENT_3D ( 'NONE', #6072, #1442, #4540 ) ;
#1897 = EDGE_LOOP ( 'NONE', ( #2803, #3816, #9171, #9351 ) ) ;
#1898 = AXIS2_PLACEMENT_3D ( 'NONE', #6163, #5435, #417 ) ;
#1900 = DIRECTION ( 'NONE',  ( -0.000000000000000000, 1.000000000000000000, -0.000000000000000000 ) ) ;
#1899 = CARTESIAN_POINT ( 'NONE',  ( 3.918869757271530460E-16, 0.000000000000000000, 3.299999999999998046 ) ) ;
#1901 = DIRECTION ( 'NONE',  ( -0.000000000000000000, -1.000000000000000000, -0.000000000000000000 ) ) ;
#1902 = EDGE_CURVE ( 'NONE', #2525, #9603, #7851, .T. ) ;
#1903 = EDGE_CURVE ( 'NONE', #3991, #125, #2173, .T. ) ;
#1904 = VECTOR ( 'NONE', #7253, 1000.000000000000000 ) ;
#1905 = VECTOR ( 'NONE', #5863, 1000.000000000000000 ) ;
#1906 = VERTEX_POINT ( 'NONE', #3853 ) ;
#1907 = DIRECTION ( 'NONE',  ( -0.000000000000000000, -0.000000000000000000, 1.000000000000000000 ) ) ;
#1908 = CARTESIAN_POINT ( 'NONE',  ( -0.8999999999999998002, 0.5999999999999999778, 5.599999999999997868 ) ) ;
#1909 = ORIENTED_EDGE ( 'NONE', *, *, #6628, .F. ) ;
#1910 = LINE ( 'NONE', #444, #3778 ) ;
#1912 = PLANE ( 'NONE',  #8313 ) ;
#1911 = LINE ( 'NONE', #9299, #2526 ) ;
#1913 = DIRECTION ( 'NONE',  ( 0.000000000000000000, 0.000000000000000000, -1.000000000000000000 ) ) ;
#1914 = CIRCLE ( 'NONE', #8038, 0.2999999999999999334 ) ;
#1915 = DIRECTION ( 'NONE',  ( -0.3420201433256625512, 3.708189824274865886E-16, -0.9396926207859105373 ) ) ;
#1916 = DIRECTION ( 'NONE',  ( -1.000000000000000000, -0.000000000000000000, 0.000000000000000000 ) ) ;
#1918 = VERTEX_POINT ( 'NONE', #714 ) ;
#1917 = FACE_OUTER_BOUND ( 'NONE', #8248, .T. ) ;
#1919 = DIRECTION ( 'NONE',  ( 1.000000000000000000, -0.000000000000000000, -0.000000000000000000 ) ) ;
#1921 = VERTEX_POINT ( 'NONE', #3016 ) ;
#1920 = CARTESIAN_POINT ( 'NONE',  ( -0.3129461170946804538, 2.560891374920457597, 5.208019656360511007 ) ) ;
#1922 = CARTESIAN_POINT ( 'NONE',  ( 0.9000000000000000222, 0.5999999999999999778, -6.190000000000002167 ) ) ;
#1923 = EDGE_LOOP ( 'NONE', ( #1212, #5091, #1722, #1871 ) ) ;
#1925 = ORIENTED_EDGE ( 'NONE', *, *, #409, .F. ) ;
#1924 = DIRECTION ( 'NONE',  ( 1.000000000000000000, 0.000000000000000000, -0.000000000000000000 ) ) ;
#1926 = CARTESIAN_POINT ( 'NONE',  ( -0.8749999999999995559, 1.147632372710735371, 2.468729079166619655 ) ) ;
#1927 = DIRECTION ( 'NONE',  ( 0.000000000000000000, 1.000000000000000000, 0.000000000000000000 ) ) ;
#1929 = EDGE_LOOP ( 'NONE', ( #2251, #7421, #8099, #8232 ) ) ;
#1928 = DIRECTION ( 'NONE',  ( -1.000000000000000000, 0.000000000000000000, 1.314184451497581013E-16 ) ) ;
#1930 = VECTOR ( 'NONE', #3960, 1000.000000000000000 ) ;
#1931 = EDGE_CURVE ( 'NONE', #1455, #8528, #8333, .T. ) ;
#1932 = VECTOR ( 'NONE', #249, 1000.000000000000000 ) ;
#1933 = ORIENTED_EDGE ( 'NONE', *, *, #1236, .T. ) ;
#1935 = ORIENTED_EDGE ( 'NONE', *, *, #8388, .F. ) ;
#1934 = FACE_OUTER_BOUND ( 'NONE', #1980, .T. ) ;
#1936 = LINE ( 'NONE', #9514, #8935 ) ;
#1937 = LINE ( 'NONE', #8874, #6295 ) ;
#1938 = CIRCLE ( 'NONE', #8853, 7.399999999999999467 ) ;
#1939 = EDGE_LOOP ( 'NONE', ( #4817, #9280, #8926, #2724 ) ) ;
#1940 = CARTESIAN_POINT ( 'NONE',  ( 2.840461957126082737, 3.373344536385590509, 5.599999999999997868 ) ) ;
#1941 = DIRECTION ( 'NONE',  ( 0.2516678542837350041, -0.06042010615679305197, 0.9659258262890699775 ) ) ;
#1942 = AXIS2_PLACEMENT_3D ( 'NONE', #4436, #7443, #6700 ) ;
#1943 = ORIENTED_EDGE ( 'NONE', *, *, #640, .F. ) ;
#1944 = CARTESIAN_POINT ( 'NONE',  ( 0.000000000000000000, 0.000000000000000000, 0.000000000000000000 ) ) ;
#1945 = ORIENTED_EDGE ( 'NONE', *, *, #4135, .T. ) ;
#1946 = CARTESIAN_POINT ( 'NONE',  ( -2.321277911634230584, 2.323158544409007042, 2.299999999999995826 ) ) ;
#1947 = ORIENTED_EDGE ( 'NONE', *, *, #9568, .T. ) ;
#1948 = DIRECTION ( 'NONE',  ( 0.000000000000000000, 0.000000000000000000, -1.000000000000000000 ) ) ;
#1950 = FACE_OUTER_BOUND ( 'NONE', #5328, .T. ) ;
#1949 = DIRECTION ( 'NONE',  ( 1.000000000000000000, -0.000000000000000000, 0.000000000000000000 ) ) ;
#1951 = ADVANCED_FACE ( 'NONE', ( #9700 ), #4650, .T. ) ;
#1952 = CARTESIAN_POINT ( 'NONE',  ( 0.000000000000000000, 4.200000000000000178, 0.000000000000000000 ) ) ;
#1953 = AXIS2_PLACEMENT_3D ( 'NONE', #2776, #4876, #3521 ) ;
#1954 = EDGE_CURVE ( 'NONE', #2562, #7392, #7692, .T. ) ;
#1955 = DIRECTION ( 'NONE',  ( 0.000000000000000000, 0.000000000000000000, -1.000000000000000000 ) ) ;
#1956 = VECTOR ( 'NONE', #662, 1000.000000000000000 ) ;
#1957 = DIRECTION ( 'NONE',  ( -0.000000000000000000, -1.000000000000000000, -0.000000000000000000 ) ) ;
#1958 = CARTESIAN_POINT ( 'NONE',  ( -3.749999999999999112, 4.200000000000000178, 1.325000000000000400 ) ) ;
#1960 = ORIENTED_EDGE ( 'NONE', *, *, #4157, .T. ) ;
#1959 = DIRECTION ( 'NONE',  ( -0.000000000000000000, -1.000000000000000000, -0.000000000000000000 ) ) ;
#1961 = EDGE_CURVE ( 'NONE', #1653, #7119, #3445, .T. ) ;
#1962 = CARTESIAN_POINT ( 'NONE',  ( 0.000000000000000000, 4.200000000000000178, 0.000000000000000000 ) ) ;
#1964 = FACE_OUTER_BOUND ( 'NONE', #639, .T. ) ;
#1963 = LINE ( 'NONE', #7190, #2684 ) ;
#1965 = CARTESIAN_POINT ( 'NONE',  ( -1.424999999999999156, 0.2999999999999999889, 2.949999999999997513 ) ) ;
#1966 = ORIENTED_EDGE ( 'NONE', *, *, #3687, .F. ) ;
#1967 = AXIS2_PLACEMENT_3D ( 'NONE', #1380, #1292, #8029 ) ;
#1968 = ADVANCED_FACE ( 'NONE', ( #8967 ), #2228, .F. ) ;
#1970 = ORIENTED_EDGE ( 'NONE', *, *, #8553, .F. ) ;
#1969 = DIRECTION ( 'NONE',  ( -1.172110456741085828E-16, 0.000000000000000000, 1.000000000000000000 ) ) ;
#1971 = DIRECTION ( 'NONE',  ( -0.000000000000000000, 1.000000000000000000, -0.000000000000000000 ) ) ;
#1973 = ORIENTED_EDGE ( 'NONE', *, *, #5274, .T. ) ;
#1972 = DIRECTION ( 'NONE',  ( -0.3420201433256628287, 0.000000000000000000, 0.9396926207859105373 ) ) ;
#1974 = DIRECTION ( 'NONE',  ( -0.000000000000000000, -1.000000000000000000, -0.000000000000000000 ) ) ;
#1975 = ORIENTED_EDGE ( 'NONE', *, *, #4134, .F. ) ;
#1976 = EDGE_CURVE ( 'NONE', #663, #3077, #3763, .T. ) ;
#1977 = VERTEX_POINT ( 'NONE', #24 ) ;
#1978 = EDGE_CURVE ( 'NONE', #2938, #5322, #3922, .T. ) ;
#1980 = EDGE_LOOP ( 'NONE', ( #8913, #5331, #7466, #9074 ) ) ;
#1979 = DIRECTION ( 'NONE',  ( 0.9965655024977615462, 0.000000000000000000, 0.08280820751220148435 ) ) ;
#1981 = EDGE_CURVE ( 'NONE', #6319, #8314, #4907, .T. ) ;
#1982 = DIRECTION ( 'NONE',  ( 0.000000000000000000, 0.000000000000000000, -1.000000000000000000 ) ) ;
#1983 = DIRECTION ( 'NONE',  ( 0.9723699203976782224, 0.2334453638558989796, -0.000000000000000000 ) ) ;
#1984 = EDGE_CURVE ( 'NONE', #1384, #6776, #6324, .T. ) ;
#1985 = VERTEX_POINT ( 'NONE', #3959 ) ;
#1986 = DIRECTION ( 'NONE',  ( 0.000000000000000000, 0.000000000000000000, 1.000000000000000000 ) ) ;
#1987 = DIRECTION ( 'NONE',  ( 0.000000000000000000, 0.000000000000000000, 1.000000000000000000 ) ) ;
#1989 = EDGE_LOOP ( 'NONE', ( #6207, #5111, #3024, #3948 ) ) ;
#1988 = FACE_OUTER_BOUND ( 'NONE', #5677, .T. ) ;
#1990 = ORIENTED_EDGE ( 'NONE', *, *, #1539, .F. ) ;
#1991 = FACE_OUTER_BOUND ( 'NONE', #9124, .T. ) ;
#1992 = ORIENTED_EDGE ( 'NONE', *, *, #1931, .F. ) ;
#1993 = ORIENTED_EDGE ( 'NONE', *, *, #8805, .F. ) ;
#1994 = DIRECTION ( 'NONE',  ( 0.000000000000000000, 0.000000000000000000, -1.000000000000000000 ) ) ;
#1996 = DIRECTION ( 'NONE',  ( 1.084202172485503645E-15, 1.000000000000000000, -0.000000000000000000 ) ) ;
#1995 = CARTESIAN_POINT ( 'NONE',  ( -3.813246603095878928, 0.000000000000000000, -4.236643759389941977 ) ) ;
#1997 = CARTESIAN_POINT ( 'NONE',  ( -1.050000000000000044, 4.200000000000000178, -6.313279654822841813 ) ) ;
#1998 = VECTOR ( 'NONE', #7267, 1000.000000000000000 ) ;
#1999 = EDGE_CURVE ( 'NONE', #1555, #4755, #9369, .T. ) ;
#2000 = EDGE_CURVE ( 'NONE', #9372, #7602, #7696, .T. ) ;
#2001 = EDGE_CURVE ( 'NONE', #7120, #5194, #1684, .T. ) ;
#2002 = CARTESIAN_POINT ( 'NONE',  ( 0.1771180991455789389, 2.528281952922925679, 4.860007623325723891 ) ) ;
#2003 = ADVANCED_FACE ( 'NONE', ( #9319 ), #6222, .F. ) ;
#2004 = CARTESIAN_POINT ( 'NONE',  ( 4.590942030465841484, 3.199999999999999289, 5.565065611077387508 ) ) ;
#2005 = CYLINDRICAL_SURFACE ( 'NONE', #4928, 7.399999999999998579 ) ;
#2007 = ORIENTED_EDGE ( 'NONE', *, *, #8364, .T. ) ;
#2006 = CARTESIAN_POINT ( 'NONE',  ( -3.813246603095878928, 0.000000000000000000, -4.236643759389941977 ) ) ;
#2008 = CARTESIAN_POINT ( 'NONE',  ( 0.000000000000000000, 0.000000000000000000, 0.000000000000000000 ) ) ;
#2010 = VERTEX_POINT ( 'NONE', #5638 ) ;
#2009 = FILL_AREA_STYLE_COLOUR ( '', #2202 ) ;
#2011 = DIRECTION ( 'NONE',  ( 1.000000000000000000, 0.000000000000000000, 0.000000000000000000 ) ) ;
#2012 = VECTOR ( 'NONE', #2710, 1000.000000000000000 ) ;
#2013 = ADVANCED_FACE ( 'NONE', ( #3209 ), #5596, .T. ) ;
#2014 = AXIS2_PLACEMENT_3D ( 'NONE', #8654, #2047, #1091 ) ;
#2016 = ORIENTED_EDGE ( 'NONE', *, *, #3335, .F. ) ;
#2015 = DIRECTION ( 'NONE',  ( 0.9396926207859105373, 0.000000000000000000, -0.3420201433256628287 ) ) ;
#2017 = DIRECTION ( 'NONE',  ( 0.000000000000000000, 1.000000000000000000, 0.000000000000000000 ) ) ;
#2018 = CARTESIAN_POINT ( 'NONE',  ( 0.000000000000000000, 0.000000000000000000, 0.000000000000000000 ) ) ;
#2020 = ORIENTED_EDGE ( 'NONE', *, *, #947, .F. ) ;
#2019 = LINE ( 'NONE', #5000, #8949 ) ;
#2021 = FACE_OUTER_BOUND ( 'NONE', #7164, .T. ) ;
#2022 = ORIENTED_EDGE ( 'NONE', *, *, #8391, .F. ) ;
#2023 = AXIS2_PLACEMENT_3D ( 'NONE', #5325, #8310, #9681 ) ;
#2024 = AXIS2_PLACEMENT_3D ( 'NONE', #5397, #3706, #1641 ) ;
#2025 = VERTEX_POINT ( 'NONE', #2468 ) ;
#2026 = VECTOR ( 'NONE', #1804, 1000.000000000000000 ) ;
#2028 = ORIENTED_EDGE ( 'NONE', *, *, #7055, .T. ) ;
#2027 = CARTESIAN_POINT ( 'NONE',  ( 0.000000000000000000, 4.200000000000000178, 0.000000000000000000 ) ) ;
#2029 = CYLINDRICAL_SURFACE ( 'NONE', #3283, 0.4500000000000007327 ) ;
#2030 = FACE_OUTER_BOUND ( 'NONE', #5977, .T. ) ;
#2031 = ORIENTED_EDGE ( 'NONE', *, *, #9049, .T. ) ;
#2032 = PLANE ( 'NONE',  #6264 ) ;
#2033 = VECTOR ( 'NONE', #4389, 1000.000000000000000 ) ;
#2034 = CARTESIAN_POINT ( 'NONE',  ( 0.9000000000000000222, 0.6000000000000000888, 5.299999999999998046 ) ) ;
#2035 = CIRCLE ( 'NONE', #4725, 0.3500000000000004774 ) ;
#2036 = EDGE_LOOP ( 'NONE', ( #6329, #915, #7027, #2873 ) ) ;
#2038 = ORIENTED_EDGE ( 'NONE', *, *, #150, .F. ) ;
#2037 = CARTESIAN_POINT ( 'NONE',  ( 2.278905617951799023, 3.200000000000002398, 6.406578045772098662 ) ) ;
#2039 = AXIS2_PLACEMENT_3D ( 'NONE', #6839, #8409, #5373 ) ;
#2040 = VECTOR ( 'NONE', #7738, 1000.000000000000000 ) ;
#2041 = ORIENTED_EDGE ( 'NONE', *, *, #258, .F. ) ;
#2042 = CARTESIAN_POINT ( 'NONE',  ( 3.549999999999998490, 0.2999999999999999889, 3.794707603699265519E-16 ) ) ;
#2043 = ORIENTED_EDGE ( 'NONE', *, *, #6229, .F. ) ;
#2044 = ADVANCED_FACE ( 'NONE', ( #8585 ), #1835, .T. ) ;
#2045 = LINE ( 'NONE', #2642, #8175 ) ;
#2047 = DIRECTION ( 'NONE',  ( -0.000000000000000000, -1.000000000000000000, -0.000000000000000000 ) ) ;
#2046 = DIRECTION ( 'NONE',  ( 0.000000000000000000, 0.000000000000000000, 1.000000000000000000 ) ) ;
#2048 = CARTESIAN_POINT ( 'NONE',  ( -4.837126351974867511, 0.000000000000000000, -5.467376761759734194 ) ) ;
#2049 = AXIS2_PLACEMENT_3D ( 'NONE', #6578, #5851, #8837 ) ;
#2050 = AXIS2_PLACEMENT_3D ( 'NONE', #1415, #8838, #9668 ) ;
#2051 = ADVANCED_FACE ( 'NONE', ( #2423 ), #7840, .F. ) ;
#2052 = LINE ( 'NONE', #9579, #8233 ) ;
#2053 = LINE ( 'NONE', #7233, #4430 ) ;
#2054 = CARTESIAN_POINT ( 'NONE',  ( -4.549999999999998934, 4.200000000000000178, 8.049999999999998934 ) ) ;
#2056 = ORIENTED_EDGE ( 'NONE', *, *, #4011, .F. ) ;
#2055 = CARTESIAN_POINT ( 'NONE',  ( 4.213437021927587622, 4.200000000000000178, 6.588245792962771574 ) ) ;
#2057 = VERTEX_POINT ( 'NONE', #3902 ) ;
#2058 = DIRECTION ( 'NONE',  ( 0.2516678542837350596, -0.06042010615679307278, 0.9659258262890699775 ) ) ;
#2060 = ORIENTED_EDGE ( 'NONE', *, *, #3446, .T. ) ;
#2059 = CYLINDRICAL_SURFACE ( 'NONE', #3626, 0.1000000000000002554 ) ;
#2061 = CARTESIAN_POINT ( 'NONE',  ( 0.000000000000000000, 3.833974596215561803, 0.000000000000000000 ) ) ;
#2062 = EDGE_CURVE ( 'NONE', #8379, #9519, #5449, .T. ) ;
#2063 = VECTOR ( 'NONE', #2395, 1000.000000000000000 ) ;
#2064 = DIRECTION ( 'NONE',  ( -0.000000000000000000, -1.000000000000000000, -0.000000000000000000 ) ) ;
#2066 = ORIENTED_EDGE ( 'NONE', *, *, #2733, .F. ) ;
#2065 = CARTESIAN_POINT ( 'NONE',  ( -2.274999999999999467, 0.5999999999999999778, 0.3000000000000004330 ) ) ;
#2067 = DIRECTION ( 'NONE',  ( -0.000000000000000000, -1.000000000000000000, -0.000000000000000000 ) ) ;
#2069 = VERTEX_POINT ( 'NONE', #375 ) ;
#2068 = LINE ( 'NONE', #2163, #4411 ) ;
#2070 = LINE ( 'NONE', #3327, #6462 ) ;
#2071 = AXIS2_PLACEMENT_3D ( 'NONE', #8601, #531, #8738 ) ;
#2072 = EDGE_CURVE ( 'NONE', #7174, #9051, #6904, .T. ) ;
#2073 = EDGE_LOOP ( 'NONE', ( #4594, #1496, #7609, #7781 ) ) ;
#2074 = EDGE_CURVE ( 'NONE', #5186, #2554, #3362, .T. ) ;
#2075 = EDGE_CURVE ( 'NONE', #6057, #1977, #6173, .T. ) ;
#2076 = EDGE_CURVE ( 'NONE', #3120, #4230, #5353, .T. ) ;
#2077 = ORIENTED_EDGE ( 'NONE', *, *, #7316, .T. ) ;
#2079 = ORIENTED_EDGE ( 'NONE', *, *, #9414, .T. ) ;
#2078 = DIRECTION ( 'NONE',  ( 0.000000000000000000, 0.000000000000000000, -1.000000000000000000 ) ) ;
#2080 = DIRECTION ( 'NONE',  ( -0.000000000000000000, -1.000000000000000000, -0.000000000000000000 ) ) ;
#2081 = DIRECTION ( 'NONE',  ( 0.000000000000000000, -1.000000000000000000, -1.442810774098246915E-15 ) ) ;
#2082 = EDGE_LOOP ( 'NONE', ( #8739, #8895, #3252, #1799 ) ) ;
#2083 = DIRECTION ( 'NONE',  ( -0.8594064115014511396, 0.000000000000000000, 0.5112930860770545927 ) ) ;
#2084 = DIRECTION ( 'NONE',  ( -0.000000000000000000, 1.000000000000000000, -0.000000000000000000 ) ) ;
#2085 = AXIS2_PLACEMENT_3D ( 'NONE', #206, #5525, #309 ) ;
#2086 = VECTOR ( 'NONE', #4106, 1000.000000000000000 ) ;
#2088 = EDGE_LOOP ( 'NONE', ( #467, #580, #5001, #4160 ) ) ;
#2087 = DIRECTION ( 'NONE',  ( 0.2334453638558993682, -0.9723699203976780003, -1.079569610683076831E-16 ) ) ;
#2089 = ORIENTED_EDGE ( 'NONE', *, *, #5698, .F. ) ;
#2090 = DIRECTION ( 'NONE',  ( -0.000000000000000000, -0.000000000000000000, 1.000000000000000000 ) ) ;
#2091 = ORIENTED_EDGE ( 'NONE', *, *, #9033, .F. ) ;
#2092 = ORIENTED_EDGE ( 'NONE', *, *, #2253, .F. ) ;
#2093 = LINE ( 'NONE', #628, #2836 ) ;
#2095 = DIRECTION ( 'NONE',  ( 1.000000000000000000, 0.000000000000000000, 2.710505431213760592E-16 ) ) ;
#2094 = DIRECTION ( 'NONE',  ( -0.9745028046914836484, 0.000000000000000000, 0.2243753187149420403 ) ) ;
#2096 = CARTESIAN_POINT ( 'NONE',  ( 0.9000000000000000222, 5.421010862427522170E-17, 5.899999999999997691 ) ) ;
#2097 = VECTOR ( 'NONE', #3061, 999.9999999999998863 ) ;
#2098 = CYLINDRICAL_SURFACE ( 'NONE', #8075, 0.1000000000000002554 ) ;
#2099 = ADVANCED_FACE ( 'NONE', ( #280 ), #2520, .F. ) ;
#2100 = DIRECTION ( 'NONE',  ( 0.4924235601034704368, 0.000000000000000000, -0.8703556959398978110 ) ) ;
#2101 = LINE ( 'NONE', #9043, #7118 ) ;
#2103 = ORIENTED_EDGE ( 'NONE', *, *, #3883, .F. ) ;
#2102 = FACE_OUTER_BOUND ( 'NONE', #323, .T. ) ;
#2104 = EDGE_CURVE ( 'NONE', #6692, #5407, #4717, .T. ) ;
#2105 = CIRCLE ( 'NONE', #7619, 0.2000000000000005107 ) ;
#2106 = CARTESIAN_POINT ( 'NONE',  ( -5.424999999999998046, 1.599999999999999867, 5.899999999999997691 ) ) ;
#2107 = LINE ( 'NONE', #9635, #4235 ) ;
#2108 = EDGE_CURVE ( 'NONE', #7853, #8370, #327, .T. ) ;
#2109 = PLANE ( 'NONE',  #7989 ) ;
#2110 = ADVANCED_FACE ( 'NONE', ( #2116, #9504, #9543, #6415 ), #9461, .T. ) ;
#2111 = AXIS2_PLACEMENT_3D ( 'NONE', #621, #7416, #675 ) ;
#2112 = LINE ( 'NONE', #6600, #1747 ) ;
#2113 = CARTESIAN_POINT ( 'NONE',  ( 0.4681980515339462801, 1.244188384379824042, 2.675794114407787028 ) ) ;
#2115 = VERTEX_POINT ( 'NONE', #2858 ) ;
#2114 = DIRECTION ( 'NONE',  ( -0.000000000000000000, 0.9659258262890699775, -0.2588190451025145777 ) ) ;
#2116 = FACE_BOUND ( 'NONE', #9180, .T. ) ;
#2117 = FILL_AREA_STYLE_COLOUR ( '', #1312 ) ;
#2119 = ORIENTED_EDGE ( 'NONE', *, *, #1160, .T. ) ;
#2118 = DIRECTION ( 'NONE',  ( -0.000000000000000000, 1.000000000000000000, -0.000000000000000000 ) ) ;
#2120 = CARTESIAN_POINT ( 'NONE',  ( 3.549999999999998934, 0.5999999999999999778, -0.2999999999999996003 ) ) ;
#2121 = AXIS2_PLACEMENT_3D ( 'NONE', #9597, #8858, #5432 ) ;
#2122 = VERTEX_POINT ( 'NONE', #7980 ) ;
#2123 = VECTOR ( 'NONE', #4989, 1000.000000000000000 ) ;
#2124 = ADVANCED_FACE ( 'NONE', ( #2717 ), #8762, .T. ) ;
#2125 = EDGE_CURVE ( 'NONE', #1535, #4445, #510, .T. ) ;
#2126 = EDGE_CURVE ( 'NONE', #2057, #6761, #3545, .T. ) ;
#2128 = ORIENTED_EDGE ( 'NONE', *, *, #3571, .F. ) ;
#2127 = DIRECTION ( 'NONE',  ( 0.000000000000000000, 1.000000000000000000, 0.000000000000000000 ) ) ;
#2130 = EDGE_CURVE ( 'NONE', #2562, #6692, #1243, .T. ) ;
#2129 = DIRECTION ( 'NONE',  ( 9.099742417682791484E-16, 1.000000000000000000, 6.341378075886267095E-17 ) ) ;
#2131 = CARTESIAN_POINT ( 'NONE',  ( 0.8749999999999995559, 1.147632372710735371, 2.468729079166618323 ) ) ;
#2132 = VERTEX_POINT ( 'NONE', #1294 ) ;
#2133 = ORIENTED_EDGE ( 'NONE', *, *, #4974, .T. ) ;
#2134 = LINE ( 'NONE', #2818, #7885 ) ;
#2135 = CARTESIAN_POINT ( 'NONE',  ( 3.122502256758254348E-15, 4.200000000000000178, 5.850000000000002309 ) ) ;
#2136 = EDGE_LOOP ( 'NONE', ( #6393, #1538, #3353, #292 ) ) ;
#2138 = ORIENTED_EDGE ( 'NONE', *, *, #7777, .F. ) ;
#2137 = LINE ( 'NONE', #34, #256 ) ;
#2139 = ORIENTED_EDGE ( 'NONE', *, *, #6357, .T. ) ;
#2140 = CARTESIAN_POINT ( 'NONE',  ( 1.489750127485976794, 4.200000000000000178, 6.907514361018399995 ) ) ;
#2141 = VERTEX_POINT ( 'NONE', #4248 ) ;
#2142 = PLANE ( 'NONE',  #7884 ) ;
#2144 = LINE ( 'NONE', #6581, #2967 ) ;
#2143 = CARTESIAN_POINT ( 'NONE',  ( 1.999999999999999112, 0.5999999999999999778, 0.000000000000000000 ) ) ;
#2145 = DIRECTION ( 'NONE',  ( -0.000000000000000000, -1.000000000000000000, -0.000000000000000000 ) ) ;
#2146 =( BOUNDED_CURVE ( )  B_SPLINE_CURVE ( 3, ( #5810, #5764, #7185, #541 ),
 .UNSPECIFIED., .F., .T. ) 
 B_SPLINE_CURVE_WITH_KNOTS ( ( 4, 4 ),
 ( 4.712388980384687898, 6.283185307179586232 ),
 .UNSPECIFIED. ) 
 CURVE ( )  GEOMETRIC_REPRESENTATION_ITEM ( )  RATIONAL_B_SPLINE_CURVE ( ( 1.000000000000000000, 0.8047378541243646044, 0.8047378541243646044, 1.000000000000000000 ) ) 
 REPRESENTATION_ITEM ( '' )  );
#2147 = LINE ( 'NONE', #5162, #4315 ) ;
#2148 = DIRECTION ( 'NONE',  ( 1.000000000000000000, -0.000000000000000000, -0.000000000000000000 ) ) ;
#2150 = ORIENTED_EDGE ( 'NONE', *, *, #4161, .T. ) ;
#2149 = DIRECTION ( 'NONE',  ( 1.000000000000000000, 0.000000000000000000, 0.000000000000000000 ) ) ;
#2151 = ORIENTED_EDGE ( 'NONE', *, *, #9677, .F. ) ;
#2152 = DIRECTION ( 'NONE',  ( 0.000000000000000000, 0.000000000000000000, -1.000000000000000000 ) ) ;
#2154 = DIRECTION ( 'NONE',  ( 1.755336071207035045E-16, 0.7619764731093032761, -0.6476047053781397445 ) ) ;
#2153 = LINE ( 'NONE', #1479, #8955 ) ;
#2155 = DIRECTION ( 'NONE',  ( 0.9063077870366518241, 0.000000000000000000, 0.4226182617406956665 ) ) ;
#2156 = ADVANCED_FACE ( 'NONE', ( #5136 ), #3591, .T. ) ;
#2157 = CARTESIAN_POINT ( 'NONE',  ( -6.174999999999998046, 0.5999999999999999778, 5.599999999999997868 ) ) ;
#2158 = DIRECTION ( 'NONE',  ( -1.000000000000000000, -0.000000000000000000, 0.000000000000000000 ) ) ;
#2160 = ORIENTED_EDGE ( 'NONE', *, *, #2775, .F. ) ;
#2159 = CARTESIAN_POINT ( 'NONE',  ( -0.09560852742710927721, 0.000000000000000000, 0.02201347570273589835 ) ) ;
#2161 = EDGE_CURVE ( 'NONE', #9449, #5484, #3453, .T. ) ;
#2162 = CARTESIAN_POINT ( 'NONE',  ( -6.174999999999998046, 0.5999999999999998668, 5.849999999999998757 ) ) ;
#2164 = ORIENTED_EDGE ( 'NONE', *, *, #2376, .T. ) ;
#2163 = CARTESIAN_POINT ( 'NONE',  ( -3.890140309090414306, 3.833974596215561803, -4.435854864125960084 ) ) ;
#2165 = CARTESIAN_POINT ( 'NONE',  ( -6.699999999999998401, 0.000000000000000000, 6.549999999999998934 ) ) ;
#2166 = ORIENTED_EDGE ( 'NONE', *, *, #755, .T. ) ;
#2167 = VECTOR ( 'NONE', #8852, 1000.000000000000000 ) ;
#2168 = EDGE_CURVE ( 'NONE', #8199, #7004, #7863, .T. ) ;
#2169 = VERTEX_POINT ( 'NONE', #8079 ) ;
#2171 = EDGE_LOOP ( 'NONE', ( #6480, #723, #4525, #2956 ) ) ;
#2170 = CARTESIAN_POINT ( 'NONE',  ( -7.374584718483435886, 0.000000000000000000, 0.6127807355902926689 ) ) ;
#2172 = VECTOR ( 'NONE', #2129, 1000.000000000000000 ) ;
#2173 = LINE ( 'NONE', #817, #6288 ) ;
#2174 = CARTESIAN_POINT ( 'NONE',  ( 0.6000000000000000888, 1.457322679224499540, 2.618684952224779039 ) ) ;
#2175 = ORIENTED_EDGE ( 'NONE', *, *, #5589, .F. ) ;
#2176 = DIRECTION ( 'NONE',  ( -0.000000000000000000, -1.000000000000000000, -0.000000000000000000 ) ) ;
#2177 = CARTESIAN_POINT ( 'NONE',  ( 0.000000000000000000, 0.000000000000000000, -0.000000000000000000 ) ) ;
#2178 = EDGE_CURVE ( 'NONE', #1409, #2188, #2341, .T. ) ;
#2179 = ORIENTED_EDGE ( 'NONE', *, *, #1715, .T. ) ;
#2180 = VECTOR ( 'NONE', #7600, 1000.000000000000000 ) ;
#2181 = AXIS2_PLACEMENT_3D ( 'NONE', #4122, #7172, #9382 ) ;
#2182 = CIRCLE ( 'NONE', #7694, 6.400000000000000355 ) ;
#2183 = EDGE_CURVE ( 'NONE', #1014, #7911, #4152, .T. ) ;
#2184 = EDGE_CURVE ( 'NONE', #1301, #9333, #8813, .T. ) ;
#2185 = ORIENTED_EDGE ( 'NONE', *, *, #8198, .T. ) ;
#2187 = ORIENTED_EDGE ( 'NONE', *, *, #1608, .T. ) ;
#2186 = DIRECTION ( 'NONE',  ( -0.000000000000000000, -1.000000000000000000, -0.000000000000000000 ) ) ;
#2188 = VERTEX_POINT ( 'NONE', #7297 ) ;
#2189 = DIRECTION ( 'NONE',  ( 0.9063077870366518241, 0.000000000000000000, -0.4226182617406955555 ) ) ;
#2190 = ORIENTED_EDGE ( 'NONE', *, *, #6767, .F. ) ;
#2191 = VECTOR ( 'NONE', #6456, 1000.000000000000114 ) ;
#2192 = ORIENTED_EDGE ( 'NONE', *, *, #8087, .F. ) ;
#2193 = CIRCLE ( 'NONE', #7704, 0.1999999999999996503 ) ;
#2194 = CARTESIAN_POINT ( 'NONE',  ( 0.000000000000000000, 0.000000000000000000, 0.000000000000000000 ) ) ;
#2196 = LINE ( 'NONE', #7326, #9091 ) ;
#2195 = DIRECTION ( 'NONE',  ( 0.000000000000000000, 0.000000000000000000, 1.000000000000000000 ) ) ;
#2197 = DIRECTION ( 'NONE',  ( 0.000000000000000000, 0.6476047053781388563, 0.7619764731093039423 ) ) ;
#2198 = EDGE_CURVE ( 'NONE', #7602, #8616, #6440, .T. ) ;
#2199 = EDGE_CURVE ( 'NONE', #6333, #1500, #7077, .T. ) ;
#2200 = EDGE_CURVE ( 'NONE', #5394, #7753, #5042, .T. ) ;
#2201 = VECTOR ( 'NONE', #4278, 1000.000000000000000 ) ;
#2202 = COLOUR_RGB ( '',1.000000000000000000, 0.8117647058823529438, 0.5019607843137254832 ) ;
#2203 = CARTESIAN_POINT ( 'NONE',  ( 5.674999999999997158, 1.349999999999996980, 5.599999999999997868 ) ) ;
#2204 = DIRECTION ( 'NONE',  ( 0.000000000000000000, 0.000000000000000000, 1.000000000000000000 ) ) ;
#2206 = ORIENTED_EDGE ( 'NONE', *, *, #6687, .T. ) ;
#2205 = DIRECTION ( 'NONE',  ( -0.000000000000000000, 1.000000000000000000, 0.000000000000000000 ) ) ;
#2207 = ORIENTED_EDGE ( 'NONE', *, *, #2432, .F. ) ;
#2208 = DIRECTION ( 'NONE',  ( 0.000000000000000000, 1.000000000000000000, -0.000000000000000000 ) ) ;
#2210 = DIRECTION ( 'NONE',  ( -0.4226182617406976094, 0.000000000000000000, -0.9063077870366509359 ) ) ;
#2209 =( LENGTH_UNIT ( ) NAMED_UNIT ( * ) SI_UNIT ( .MILLI., .METRE. ) );
#2211 = DIRECTION ( 'NONE',  ( -0.000000000000000000, 0.000000000000000000, -1.000000000000000000 ) ) ;
#2212 = CIRCLE ( 'NONE', #5378, 0.2250000000000000333 ) ;
#2213 = CIRCLE ( 'NONE', #3470, 1.499999999999999556 ) ;
#2215 = DIRECTION ( 'NONE',  ( -0.8594064115014511396, 0.000000000000000000, 0.5112930860770545927 ) ) ;
#2214 = AXIS2_PLACEMENT_3D ( 'NONE', #1273, #7277, #2195 ) ;
#2216 = DIRECTION ( 'NONE',  ( -0.000000000000000000, -0.000000000000000000, 1.000000000000000000 ) ) ;
#2218 = EDGE_LOOP ( 'NONE', ( #8696, #9388, #2016, #8503 ) ) ;
#2217 = DIRECTION ( 'NONE',  ( 0.000000000000000000, 1.000000000000000000, 0.000000000000000000 ) ) ;
#2219 = DIRECTION ( 'NONE',  ( -1.000000000000000000, -1.628108519144424427E-33, -2.567847250623563393E-16 ) ) ;
#2221 = ORIENTED_EDGE ( 'NONE', *, *, #3253, .T. ) ;
#2220 = CARTESIAN_POINT ( 'NONE',  ( 2.237997801249780316, 0.000000000000000000, -5.024078606232305511 ) ) ;
#2222 = LINE ( 'NONE', #3800, #7409 ) ;
#2223 = ORIENTED_EDGE ( 'NONE', *, *, #8459, .F. ) ;
#2224 = VECTOR ( 'NONE', #5675, 1000.000000000000000 ) ;
#2226 = ORIENTED_EDGE ( 'NONE', *, *, #7304, .F. ) ;
#2225 = DIRECTION ( 'NONE',  ( 1.000000000000000000, 0.000000000000000000, 0.000000000000000000 ) ) ;
#2227 = AXIS2_PLACEMENT_3D ( 'NONE', #7772, #9295, #4726 ) ;
#2228 = CYLINDRICAL_SURFACE ( 'NONE', #8322, 0.2999999999999981570 ) ;
#2229 = DIRECTION ( 'NONE',  ( -0.4043942529147875886, 0.2588190451025205174, 0.8771989455657764889 ) ) ;
#2230 = EDGE_CURVE ( 'NONE', #5113, #4590, #8031, .T. ) ;
#2231 = ORIENTED_EDGE ( 'NONE', *, *, #7893, .T. ) ;
#2232 = DIRECTION ( 'NONE',  ( 0.2243753187149425121, 0.000000000000000000, -0.9745028046914836484 ) ) ;
#2233 = CARTESIAN_POINT ( 'NONE',  ( 0.000000000000000000, 0.000000000000000000, 0.000000000000000000 ) ) ;
#2234 = VERTEX_POINT ( 'NONE', #555 ) ;
#2236 = ORIENTED_EDGE ( 'NONE', *, *, #6560, .F. ) ;
#2235 = CARTESIAN_POINT ( 'NONE',  ( -0.3750000000000000000, 0.6170370868554651000, -0.6705904774487415620 ) ) ;
#2237 = EDGE_LOOP ( 'NONE', ( #2319, #819, #2190, #7275, #9691 ) ) ;
#2238 = DIRECTION ( 'NONE',  ( -0.2334453638558991462, 0.9723699203976781114, 0.000000000000000000 ) ) ;
#2239 = ORIENTED_EDGE ( 'NONE', *, *, #4184, .T. ) ;
#2240 = AXIS2_PLACEMENT_3D ( 'NONE', #6051, #3827, #7516 ) ;
#2241 = VERTEX_POINT ( 'NONE', #6555 ) ;
#2242 = DIRECTION ( 'NONE',  ( 1.000000000000000000, 0.000000000000000000, -1.636531581110195409E-16 ) ) ;
#2244 = FACE_OUTER_BOUND ( 'NONE', #2434, .T. ) ;
#2243 = CARTESIAN_POINT ( 'NONE',  ( -2.470092451470720096, 4.066025403784439440, -5.358044725568028355 ) ) ;
#2245 = DIRECTION ( 'NONE',  ( 1.000000000000000000, -1.337524788659876994E-16, 1.136763899233650369E-16 ) ) ;
#2246 = AXIS2_PLACEMENT_3D ( 'NONE', #1550, #7413, #2919 ) ;
#2247 = CARTESIAN_POINT ( 'NONE',  ( 4.219813216640448950, 4.200000000000000178, -4.811774767865449220 ) ) ;
#2248 = ADVANCED_FACE ( 'NONE', ( #7535 ), #704, .T. ) ;
#2249 = ADVANCED_FACE ( 'NONE', ( #806 ), #6849, .F. ) ;
#2250 = CARTESIAN_POINT ( 'NONE',  ( 3.122502256758254348E-15, 4.200000000000000178, 5.850000000000002309 ) ) ;
#2251 = ORIENTED_EDGE ( 'NONE', *, *, #4137, .F. ) ;
#2252 = CARTESIAN_POINT ( 'NONE',  ( 5.433986569824091895, 0.000000000000000000, -5.023125516943746760 ) ) ;
#2253 = EDGE_CURVE ( 'NONE', #3578, #7497, #3645, .T. ) ;
#2255 = CYLINDRICAL_SURFACE ( 'NONE', #5964, 0.5749999999999999556 ) ;
#2254 = CARTESIAN_POINT ( 'NONE',  ( 0.000000000000000000, 0.4700298732486079545, -0.06011787616176798160 ) ) ;
#2256 = CARTESIAN_POINT ( 'NONE',  ( 0.000000000000000000, 4.200000000000000178, 0.000000000000000000 ) ) ;
#2257 = VECTOR ( 'NONE', #8378, 1000.000000000000227 ) ;
#2258 = CIRCLE ( 'NONE', #1330, 5.500000000000000000 ) ;
#2259 = FACE_OUTER_BOUND ( 'NONE', #5788, .T. ) ;
#2260 = CARTESIAN_POINT ( 'NONE',  ( -1.024999999999999245, 0.2999999999999999889, 2.950000000000000178 ) ) ;
#2262 = VERTEX_POINT ( 'NONE', #8319 ) ;
#2261 = DIRECTION ( 'NONE',  ( 0.000000000000000000, 0.000000000000000000, 1.000000000000000000 ) ) ;
#2263 = CARTESIAN_POINT ( 'NONE',  ( 2.274999999999999467, 0.2999999999999999889, -0.2999999999999996003 ) ) ;
#2265 = ORIENTED_EDGE ( 'NONE', *, *, #5960, .T. ) ;
#2264 = FACE_OUTER_BOUND ( 'NONE', #3455, .T. ) ;
#2266 = ORIENTED_EDGE ( 'NONE', *, *, #9554, .T. ) ;
#2267 = DIRECTION ( 'NONE',  ( -0.000000000000000000, -1.000000000000000000, -0.000000000000000000 ) ) ;
#2268 = ORIENTED_EDGE ( 'NONE', *, *, #9042, .T. ) ;
#2269 = AXIS2_PLACEMENT_3D ( 'NONE', #5454, #4019, #9175 ) ;
#2270 = EDGE_CURVE ( 'NONE', #9010, #663, #7395, .T. ) ;
#2271 = LINE ( 'NONE', #5486, #3203 ) ;
#2272 = ORIENTED_EDGE ( 'NONE', *, *, #8541, .F. ) ;
#2274 = VERTEX_POINT ( 'NONE', #2901 ) ;
#2273 = CARTESIAN_POINT ( 'NONE',  ( -1.849413564507905283, 4.200000000000000178, 7.132552606811363383 ) ) ;
#2275 = VECTOR ( 'NONE', #6602, 1000.000000000000114 ) ;
#2276 = DIRECTION ( 'NONE',  ( 0.3420201433256626067, 0.000000000000000000, -0.9396926207859106484 ) ) ;
#2277 = EDGE_CURVE ( 'NONE', #716, #6737, #7703, .T. ) ;
#2278 = LINE ( 'NONE', #5102, #1120 ) ;
#2279 = ORIENTED_EDGE ( 'NONE', *, *, #3628, .F. ) ;
#2280 = DIRECTION ( 'NONE',  ( 0.000000000000000000, -1.000000000000000000, 0.000000000000000000 ) ) ;
#2281 = CARTESIAN_POINT ( 'NONE',  ( 5.674999999999998046, 4.200000000000000178, 5.299999999999998046 ) ) ;
#2282 = ORIENTED_EDGE ( 'NONE', *, *, #3517, .F. ) ;
#2283 = VECTOR ( 'NONE', #7245, 1000.000000000000000 ) ;
#2284 = EDGE_CURVE ( 'NONE', #9494, #859, #9103, .T. ) ;
#2285 = ADVANCED_FACE ( 'NONE', ( #8905 ), #5292, .F. ) ;
#2287 = VERTEX_POINT ( 'NONE', #2162 ) ;
#2286 = CARTESIAN_POINT ( 'NONE',  ( 3.000000000000000000, 2.280455006109038507, 5.599999999999997868 ) ) ;
#2288 = ORIENTED_EDGE ( 'NONE', *, *, #2307, .T. ) ;
#2289 = PLANE ( 'NONE',  #4383 ) ;
#2290 = DIRECTION ( 'NONE',  ( 1.000000000000000000, 0.000000000000000000, 0.000000000000000000 ) ) ;
#2291 = ORIENTED_EDGE ( 'NONE', *, *, #8740, .T. ) ;
#2292 = VERTEX_POINT ( 'NONE', #3100 ) ;
#2293 = CARTESIAN_POINT ( 'NONE',  ( -1.698321014852356869, 2.893490461234854649, 5.589777747886719439 ) ) ;
#2295 = CARTESIAN_POINT ( 'NONE',  ( -0.3654713239622579546, 2.342108142830980011, 5.208019656360511007 ) ) ;
#2294 = DIRECTION ( 'NONE',  ( 0.000000000000000000, 0.000000000000000000, -1.000000000000000000 ) ) ;
#2296 = FACE_OUTER_BOUND ( 'NONE', #3307, .T. ) ;
#2297 = DIRECTION ( 'NONE',  ( -0.2334453638558981192, -0.9723699203976783334, 0.000000000000000000 ) ) ;
#2298 = CARTESIAN_POINT ( 'NONE',  ( -6.699999999999997513, 4.200000000000000178, 5.299999999999999822 ) ) ;
#2299 = ORIENTED_EDGE ( 'NONE', *, *, #7226, .T. ) ;
#2300 = CARTESIAN_POINT ( 'NONE',  ( 6.744320587332403250, 4.200000000000000178, 2.793589056265138648 ) ) ;
#2302 = CARTESIAN_POINT ( 'NONE',  ( 0.000000000000000000, 4.200000000000000178, 5.299999999999998046 ) ) ;
#2301 = LINE ( 'NONE', #1574, #1136 ) ;
#2303 = LINE ( 'NONE', #5231, #5327 ) ;
#2304 = ADVANCED_FACE ( 'NONE', ( #5178 ), #8276, .T. ) ;
#2305 = EDGE_CURVE ( 'NONE', #2772, #5893, #9056, .T. ) ;
#2306 = EDGE_CURVE ( 'NONE', #1384, #3745, #2312, .T. ) ;
#2307 = EDGE_CURVE ( 'NONE', #3981, #919, #1382, .T. ) ;
#2308 = ORIENTED_EDGE ( 'NONE', *, *, #4801, .F. ) ;
#2309 = CARTESIAN_POINT ( 'NONE',  ( -1.999999999999999112, 0.2999999999999999889, -1.324999999999999512 ) ) ;
#2311 = ORIENTED_EDGE ( 'NONE', *, *, #8085, .F. ) ;
#2310 = CARTESIAN_POINT ( 'NONE',  ( 3.122502256758250403E-15, 4.200000000000000178, 5.849999999999995204 ) ) ;
#2312 = LINE ( 'NONE', #2361, #9273 ) ;
#2314 = ORIENTED_EDGE ( 'NONE', *, *, #9050, .T. ) ;
#2313 = CARTESIAN_POINT ( 'NONE',  ( 0.000000000000000000, 0.000000000000000000, 8.673617379884035472E-15 ) ) ;
#2315 = DIRECTION ( 'NONE',  ( -0.000000000000000000, -1.000000000000000000, -0.000000000000000000 ) ) ;
#2316 = EDGE_CURVE ( 'NONE', #654, #9059, #235, .T. ) ;
#2317 = CIRCLE ( 'NONE', #3422, 6.400000000000001243 ) ;
#2318 = CARTESIAN_POINT ( 'NONE',  ( -3.023344536385590420, 2.183218014069269852, 5.299999999999998046 ) ) ;
#2319 = ORIENTED_EDGE ( 'NONE', *, *, #5856, .T. ) ;
#2321 = ORIENTED_EDGE ( 'NONE', *, *, #1735, .F. ) ;
#2320 = CYLINDRICAL_SURFACE ( 'NONE', #4495, 1.499999999999999556 ) ;
#2322 = CARTESIAN_POINT ( 'NONE',  ( 1.324999999999998401, 0.2999999999999999889, -4.599999999999999645 ) ) ;
#2323 = DIRECTION ( 'NONE',  ( 0.000000000000000000, 1.000000000000000000, -0.000000000000000000 ) ) ;
#2324 = VECTOR ( 'NONE', #2155, 999.9999999999998863 ) ;
#2325 = ORIENTED_EDGE ( 'NONE', *, *, #9694, .F. ) ;
#2326 = VERTEX_POINT ( 'NONE', #3741 ) ;
#2327 = DIRECTION ( 'NONE',  ( 8.659560562354924230E-17, 0.7071067811865483499, -0.7071067811865467956 ) ) ;
#2328 = CARTESIAN_POINT ( 'NONE',  ( 0.000000000000000000, 4.200000000000000178, 0.000000000000000000 ) ) ;
#2329 = VECTOR ( 'NONE', #8773, 1000.000000000000227 ) ;
#2330 = CONICAL_SURFACE ( 'NONE', #7845, 0.4499999999999999001, 0.7853981633974471688 ) ;
#2331 = ORIENTED_EDGE ( 'NONE', *, *, #3336, .F. ) ;
#2333 = ORIENTED_EDGE ( 'NONE', *, *, #6411, .F. ) ;
#2332 = CARTESIAN_POINT ( 'NONE',  ( 0.000000000000000000, 0.000000000000000000, 0.000000000000000000 ) ) ;
#2334 = CARTESIAN_POINT ( 'NONE',  ( -0.6499999999999995781, 1.244188384379823598, 2.675794114407785251 ) ) ;
#2335 = AXIS2_PLACEMENT_3D ( 'NONE', #1045, #7043, #1818 ) ;
#2336 = ORIENTED_EDGE ( 'NONE', *, *, #99, .F. ) ;
#2337 = ORIENTED_EDGE ( 'NONE', *, *, #7009, .F. ) ;
#2338 = CARTESIAN_POINT ( 'NONE',  ( -1.489750127485975462, 0.000000000000000000, 6.907514361018399995 ) ) ;
#2340 = DIRECTION ( 'NONE',  ( -0.000000000000000000, -1.000000000000000000, -0.000000000000000000 ) ) ;
#2339 = CARTESIAN_POINT ( 'NONE',  ( -0.8749999999999995559, 1.457322679224499540, 2.618684952224779039 ) ) ;
#2341 = CIRCLE ( 'NONE', #2966, 0.5749999999999999556 ) ;
#2342 = VECTOR ( 'NONE', #6445, 1000.000000000000000 ) ;
#2343 = FACE_OUTER_BOUND ( 'NONE', #131, .T. ) ;
#2344 = CARTESIAN_POINT ( 'NONE',  ( -1.999999999999999112, 4.200000000000000178, 4.299999999999999822 ) ) ;
#2345 = ADVANCED_FACE ( 'NONE', ( #7588 ), #2950, .T. ) ;
#2346 = AXIS2_PLACEMENT_3D ( 'NONE', #7807, #5457, #4067 ) ;
#2347 = CARTESIAN_POINT ( 'NONE',  ( -5.674999999999997158, 3.200000000000000622, 5.599999999999997868 ) ) ;
#2348 = VERTEX_POINT ( 'NONE', #4491 ) ;
#2349 = LINE ( 'NONE', #7625, #2672 ) ;
#2351 = LINE ( 'NONE', #7627, #9711 ) ;
#2350 = PLANE ( 'NONE',  #6772 ) ;
#2352 = CARTESIAN_POINT ( 'NONE',  ( 1.999999999999999112, 0.2999999999999999889, -1.324999999999999512 ) ) ;
#2353 = AXIS2_PLACEMENT_3D ( 'NONE', #6405, #2655, #5678 ) ;
#2354 = EDGE_CURVE ( 'NONE', #3834, #5039, #7488, .T. ) ;
#2355 = ORIENTED_EDGE ( 'NONE', *, *, #5339, .T. ) ;
#2356 = DIRECTION ( 'NONE',  ( 0.000000000000000000, 1.000000000000000000, 0.000000000000000000 ) ) ;
#2358 = ORIENTED_EDGE ( 'NONE', *, *, #6463, .T. ) ;
#2357 = CARTESIAN_POINT ( 'NONE',  ( -3.549999999999999378, 0.2999999999999999889, -1.224999999999999201 ) ) ;
#2359 = AXIS2_PLACEMENT_3D ( 'NONE', #4034, #1816, #5521 ) ;
#2360 = VECTOR ( 'NONE', #3796, 1000.000000000000000 ) ;
#2361 = CARTESIAN_POINT ( 'NONE',  ( -0.8749999999999994449, 0.2999999999999999889, 3.794707603699265519E-16 ) ) ;
#2363 = ORIENTED_EDGE ( 'NONE', *, *, #6106, .T. ) ;
#2362 = CARTESIAN_POINT ( 'NONE',  ( 2.157866156935102531, 3.003817488687372528, 2.299999999999997602 ) ) ;
#2364 = ORIENTED_EDGE ( 'NONE', *, *, #4767, .T. ) ;
#2365 = CARTESIAN_POINT ( 'NONE',  ( 0.000000000000000000, 4.200000000000000178, 0.000000000000000000 ) ) ;
#2366 = EDGE_CURVE ( 'NONE', #3950, #8617, #4245, .T. ) ;
#2367 = VECTOR ( 'NONE', #5029, 999.9999999999998863 ) ;
#2368 = LINE ( 'NONE', #3898, #7928 ) ;
#2369 = ORIENTED_EDGE ( 'NONE', *, *, #8826, .T. ) ;
#2371 = ORIENTED_EDGE ( 'NONE', *, *, #9396, .T. ) ;
#2370 = LINE ( 'NONE', #3957, #8880 ) ;
#2372 = ADVANCED_FACE ( 'NONE', ( #9008 ), #3150, .T. ) ;
#2373 = DIRECTION ( 'NONE',  ( 0.000000000000000000, 0.000000000000000000, -1.000000000000000000 ) ) ;
#2374 = DIRECTION ( 'NONE',  ( 0.000000000000000000, 1.000000000000000000, -0.000000000000000000 ) ) ;
#2375 = ADVANCED_FACE ( 'NONE', ( #3996 ), #4639, .T. ) ;
#2376 = EDGE_CURVE ( 'NONE', #6481, #7540, #6162, .T. ) ;
#2377 = ORIENTED_EDGE ( 'NONE', *, *, #8840, .T. ) ;
#2379 = EDGE_CURVE ( 'NONE', #3537, #6127, #9250, .T. ) ;
#2378 = CIRCLE ( 'NONE', #6624, 0.5749999999999999556 ) ;
#2380 = ORIENTED_EDGE ( 'NONE', *, *, #826, .F. ) ;
#2381 = FACE_OUTER_BOUND ( 'NONE', #6898, .T. ) ;
#2382 = VECTOR ( 'NONE', #2751, 1000.000000000000000 ) ;
#2384 = ORIENTED_EDGE ( 'NONE', *, *, #4134, .T. ) ;
#2383 = LINE ( 'NONE', #5406, #4018 ) ;
#2385 = LINE ( 'NONE', #3820, #9561 ) ;
#2386 = CARTESIAN_POINT ( 'NONE',  ( 0.000000000000000000, 4.200000000000000178, 4.899999999999999467 ) ) ;
#2387 = ORIENTED_EDGE ( 'NONE', *, *, #7263, .F. ) ;
#2388 = ORIENTED_EDGE ( 'NONE', *, *, #7495, .F. ) ;
#2389 = CARTESIAN_POINT ( 'NONE',  ( 0.000000000000000000, 0.000000000000000000, -0.000000000000000000 ) ) ;
#2391 = LINE ( 'NONE', #8499, #4239 ) ;
#2390 = CARTESIAN_POINT ( 'NONE',  ( -0.8999999999999999112, 0.3119011763445350693, -6.657619764731096623 ) ) ;
#2392 = LINE ( 'NONE', #6143, #2564 ) ;
#2393 = DIRECTION ( 'NONE',  ( 0.000000000000000000, 0.000000000000000000, 1.000000000000000000 ) ) ;
#2394 = ORIENTED_EDGE ( 'NONE', *, *, #8674, .T. ) ;
#2395 = DIRECTION ( 'NONE',  ( -0.000000000000000000, -1.000000000000000000, -0.000000000000000000 ) ) ;
#2396 = EDGE_LOOP ( 'NONE', ( #7670, #5555, #4502, #1111 ) ) ;
#2397 = CARTESIAN_POINT ( 'NONE',  ( 4.445813570937528603, 0.000000000000000000, -4.603774722167421452 ) ) ;
#2399 = CARTESIAN_POINT ( 'NONE',  ( 2.274999999999999467, 0.2999999999999999889, -4.599999999999999645 ) ) ;
#2398 = CARTESIAN_POINT ( 'NONE',  ( -6.616046845367560714, 4.200000000000000178, -3.085113310707079393 ) ) ;
#2400 = DIRECTION ( 'NONE',  ( 0.000000000000000000, 1.000000000000000000, 0.000000000000000000 ) ) ;
#2401 = VECTOR ( 'NONE', #3344, 1000.000000000000000 ) ;
#2402 = MECHANICAL_DESIGN_GEOMETRIC_PRESENTATION_REPRESENTATION (  '', ( #1166 ), #6966 ) ;
#2403 = ADVANCED_FACE ( 'NONE', ( #7830 ), #2560, .F. ) ;
#2404 = ADVANCED_FACE ( 'NONE', ( #5480 ), #1779, .F. ) ;
#2405 = ORIENTED_EDGE ( 'NONE', *, *, #8635, .F. ) ;
#2406 = ADVANCED_FACE ( 'NONE', ( #316 ), #9202, .T. ) ;
#2407 = CARTESIAN_POINT ( 'NONE',  ( 0.9000000000000000222, 0.5999999999999999778, 5.899999999999997691 ) ) ;
#2408 = DIRECTION ( 'NONE',  ( 0.000000000000000000, 0.000000000000000000, 1.000000000000000000 ) ) ;
#2410 = EDGE_LOOP ( 'NONE', ( #3067, #7534, #6819, #760 ) ) ;
#2409 = PLANE ( 'NONE',  #3542 ) ;
#2411 = EDGE_CURVE ( 'NONE', #3550, #7454, #7681, .T. ) ;
#2412 = AXIS2_PLACEMENT_3D ( 'NONE', #9430, #2731, #1987 ) ;
#2413 = CYLINDRICAL_SURFACE ( 'NONE', #6909, 0.05000000000000056483 ) ;
#2415 = EDGE_LOOP ( 'NONE', ( #3237, #240, #6297, #1647 ) ) ;
#2414 = DIRECTION ( 'NONE',  ( -0.000000000000000000, 1.000000000000000000, -0.000000000000000000 ) ) ;
#2416 = PLANE ( 'NONE',  #1551 ) ;
#2417 = EDGE_LOOP ( 'NONE', ( #6083, #3072, #4563, #8753 ) ) ;
#2418 = AXIS2_PLACEMENT_3D ( 'NONE', #8475, #6075, #3104 ) ;
#2419 = DIRECTION ( 'NONE',  ( -0.000000000000000000, 1.000000000000000000, -0.000000000000000000 ) ) ;
#2420 = ORIENTED_EDGE ( 'NONE', *, *, #7958, .T. ) ;
#2422 = ORIENTED_EDGE ( 'NONE', *, *, #7492, .T. ) ;
#2421 = DIRECTION ( 'NONE',  ( -0.000000000000000000, -0.000000000000000000, 1.000000000000000000 ) ) ;
#2423 = FACE_OUTER_BOUND ( 'NONE', #8920, .T. ) ;
#2424 = CARTESIAN_POINT ( 'NONE',  ( 0.8749999999999995559, 1.437410120597456098, 2.391083365635864322 ) ) ;
#2425 = ORIENTED_EDGE ( 'NONE', *, *, #6277, .T. ) ;
#2426 = LINE ( 'NONE', #6863, #5576 ) ;
#2427 = EDGE_LOOP ( 'NONE', ( #7941, #4391, #1331, #7066 ) ) ;
#2428 = ADVANCED_FACE ( 'NONE', ( #7786 ), #2413, .F. ) ;
#2429 = ADVANCED_FACE ( 'NONE', ( #1631 ), #2457, .F. ) ;
#2430 = EDGE_CURVE ( 'NONE', #3558, #7400, #7386, .T. ) ;
#2431 = VECTOR ( 'NONE', #4768, 1000.000000000000000 ) ;
#2432 = EDGE_CURVE ( 'NONE', #1633, #1350, #2665, .T. ) ;
#2434 = EDGE_LOOP ( 'NONE', ( #7764, #1874, #2007, #9611 ) ) ;
#2433 = DIRECTION ( 'NONE',  ( 8.659560562354937789E-17, 0.7071067811865471286, -0.7071067811865479058 ) ) ;
#2435 = PLANE ( 'NONE',  #936 ) ;
#2436 = CARTESIAN_POINT ( 'NONE',  ( -0.2296433060131563841, 2.309498720833448537, 4.860007623325723891 ) ) ;
#2437 = ORIENTED_EDGE ( 'NONE', *, *, #1758, .T. ) ;
#2438 = ORIENTED_EDGE ( 'NONE', *, *, #6883, .F. ) ;
#2439 = DIRECTION ( 'NONE',  ( 0.000000000000000000, 0.000000000000000000, 1.000000000000000000 ) ) ;
#2441 = DIRECTION ( 'NONE',  ( -0.000000000000000000, -1.000000000000000000, -0.000000000000000000 ) ) ;
#2440 = LINE ( 'NONE', #2390, #1602 ) ;
#2442 = CARTESIAN_POINT ( 'NONE',  ( 0.000000000000000000, 0.5999999999999999778, 0.000000000000000000 ) ) ;
#2443 = VECTOR ( 'NONE', #6664, 1000.000000000000114 ) ;
#2444 = CARTESIAN_POINT ( 'NONE',  ( 7.274928168233662618, 4.200000000000000178, 0.6044999148390709509 ) ) ;
#2445 = DIRECTION ( 'NONE',  ( -0.4043942529147875886, -0.2588190451025205174, -0.8771989455657764889 ) ) ;
#2446 = ORIENTED_EDGE ( 'NONE', *, *, #1931, .T. ) ;
#2447 = DIRECTION ( 'NONE',  ( -0.000000000000000000, 1.000000000000000000, 0.000000000000000000 ) ) ;
#2449 = PLANE ( 'NONE',  #8159 ) ;
#2448 = DIRECTION ( 'NONE',  ( -0.9723699203976780003, -0.2334453638558993682, 0.000000000000000000 ) ) ;
#2450 = LINE ( 'NONE', #4680, #1859 ) ;
#2451 = EDGE_CURVE ( 'NONE', #6848, #3023, #1727, .T. ) ;
#2452 = VERTEX_POINT ( 'NONE', #905 ) ;
#2453 = FACE_OUTER_BOUND ( 'NONE', #6454, .T. ) ;
#2454 = CYLINDRICAL_SURFACE ( 'NONE', #3481, 0.8000000000000000444 ) ;
#2456 = VERTEX_POINT ( 'NONE', #2509 ) ;
#2455 = FACE_OUTER_BOUND ( 'NONE', #8435, .T. ) ;
#2457 = CYLINDRICAL_SURFACE ( 'NONE', #4886, 0.2000000000000005107 ) ;
#2459 = ORIENTED_EDGE ( 'NONE', *, *, #9617, .F. ) ;
#2458 = PLANE ( 'NONE',  #3779 ) ;
#2460 = DIRECTION ( 'NONE',  ( -0.9920049496797155308, 0.000000000000000000, 0.1261989691358256505 ) ) ;
#2461 = EDGE_CURVE ( 'NONE', #4095, #2025, #2977, .T. ) ;
#2462 = CARTESIAN_POINT ( 'NONE',  ( 0.9749999999999999778, 0.2999999999999999889, -4.500000000000000000 ) ) ;
#2463 = EDGE_CURVE ( 'NONE', #464, #8466, #952, .T. ) ;
#2464 = VERTEX_POINT ( 'NONE', #3298 ) ;
#2466 = ORIENTED_EDGE ( 'NONE', *, *, #3315, .F. ) ;
#2465 = FACE_OUTER_BOUND ( 'NONE', #6640, .T. ) ;
#2467 = ADVANCED_FACE ( 'NONE', ( #8570 ), #1827, .F. ) ;
#2468 = CARTESIAN_POINT ( 'NONE',  ( 3.918869757271530460E-16, -0.6999999999999999556, 3.774999999999996358 ) ) ;
#2469 = DIRECTION ( 'NONE',  ( -0.000000000000000000, 0.000000000000000000, -1.000000000000000000 ) ) ;
#2471 = ORIENTED_EDGE ( 'NONE', *, *, #3708, .F. ) ;
#2470 = DIRECTION ( 'NONE',  ( 0.000000000000000000, 0.000000000000000000, 1.000000000000000000 ) ) ;
#2472 = ORIENTED_EDGE ( 'NONE', *, *, #407, .F. ) ;
#2473 = CIRCLE ( 'NONE', #7977, 0.4499999999999999001 ) ;
#2474 = ORIENTED_EDGE ( 'NONE', *, *, #4776, .F. ) ;
#2475 = EDGE_CURVE ( 'NONE', #3563, #3661, #1151, .T. ) ;
#2476 = ORIENTED_EDGE ( 'NONE', *, *, #5492, .T. ) ;
#2478 = ORIENTED_EDGE ( 'NONE', *, *, #8026, .T. ) ;
#2477 = PLANE ( 'NONE',  #6686 ) ;
#2479 = CARTESIAN_POINT ( 'NONE',  ( 3.813246603095878928, 0.5999999999999999778, -4.236643759389941977 ) ) ;
#2480 = DIRECTION ( 'NONE',  ( 4.251773225433351640E-17, -0.000000000000000000, 1.000000000000000000 ) ) ;
#2481 = ORIENTED_EDGE ( 'NONE', *, *, #4061, .T. ) ;
#2482 = CARTESIAN_POINT ( 'NONE',  ( -2.887143597233360559, 3.178901511579296901, 5.599999999999997868 ) ) ;
#2484 = DIRECTION ( 'NONE',  ( 1.000000000000000000, 0.000000000000000000, 0.000000000000000000 ) ) ;
#2483 = FACE_OUTER_BOUND ( 'NONE', #5848, .T. ) ;
#2485 = EDGE_CURVE ( 'NONE', #8318, #3000, #5726, .T. ) ;
#2486 = CARTESIAN_POINT ( 'NONE',  ( -6.174999999999998046, 4.200000000000000178, 5.599999999999997868 ) ) ;
#2487 = ADVANCED_FACE ( 'NONE', ( #1288, #7886, #9537, #3440, #1197 ), #4892, .F. ) ;
#2488 = EDGE_CURVE ( 'NONE', #7123, #786, #4991, .T. ) ;
#2489 = AXIS2_PLACEMENT_3D ( 'NONE', #3999, #1782, #4799 ) ;
#2490 = VECTOR ( 'NONE', #1996, 1000.000000000000000 ) ;
#2491 = CARTESIAN_POINT ( 'NONE',  ( -0.8999999999999998002, 0.5999999999999999778, 5.899999999999997691 ) ) ;
#2492 = CARTESIAN_POINT ( 'NONE',  ( -0.8999999999999999112, 0.3119011763445350693, -6.657619764731096623 ) ) ;
#2493 = ORIENTED_EDGE ( 'NONE', *, *, #1961, .F. ) ;
#2494 = VECTOR ( 'NONE', #3868, 1000.000000000000000 ) ;
#2495 = AXIS2_PLACEMENT_3D ( 'NONE', #1225, #4280, #3343 ) ;
#2496 = ADVANCED_FACE ( 'NONE', ( #8710 ), #7287, .T. ) ;
#2497 = CARTESIAN_POINT ( 'NONE',  ( -5.674999999999997158, 3.200000000000000622, 5.599999999999997868 ) ) ;
#2499 = DIRECTION ( 'NONE',  ( 1.000000000000000000, 0.000000000000000000, 0.000000000000000000 ) ) ;
#2498 = DIRECTION ( 'NONE',  ( 1.000000000000000000, 0.000000000000000000, -0.000000000000000000 ) ) ;
#2500 = EDGE_CURVE ( 'NONE', #4748, #803, #4096, .T. ) ;
#2501 = EDGE_CURVE ( 'NONE', #4197, #5646, #2707, .T. ) ;
#2502 = CARTESIAN_POINT ( 'NONE',  ( -3.249999999999998668, 0.5999999999999999778, 0.3000000000000003775 ) ) ;
#2503 = AXIS2_PLACEMENT_3D ( 'NONE', #4044, #7048, #1098 ) ;
#2504 = VERTEX_POINT ( 'NONE', #8799 ) ;
#2505 = DIRECTION ( 'NONE',  ( 0.000000000000000000, 0.000000000000000000, 1.000000000000000000 ) ) ;
#2506 = DIRECTION ( 'NONE',  ( 0.000000000000000000, 0.000000000000000000, -1.000000000000000000 ) ) ;
#2508 = ORIENTED_EDGE ( 'NONE', *, *, #8778, .F. ) ;
#2507 = CARTESIAN_POINT ( 'NONE',  ( -1.565587702646436874, -0.3758643528824366919, 4.534877215452723043 ) ) ;
#2509 = CARTESIAN_POINT ( 'NONE',  ( -3.594691988755337686, 4.200000000000000178, -6.353596580361259072 ) ) ;
#2511 = ORIENTED_EDGE ( 'NONE', *, *, #2198, .F. ) ;
#2510 = LINE ( 'NONE', #5536, #1432 ) ;
#2512 = ORIENTED_EDGE ( 'NONE', *, *, #7209, .F. ) ;
#2513 = AXIS2_PLACEMENT_3D ( 'NONE', #2106, #8849, #4380 ) ;
#2514 = DIRECTION ( 'NONE',  ( 0.9396926207859105373, 0.000000000000000000, 0.3420201433256628287 ) ) ;
#2516 = FACE_OUTER_BOUND ( 'NONE', #1269, .T. ) ;
#2515 = VECTOR ( 'NONE', #2561, 1000.000000000000114 ) ;
#2517 = EDGE_LOOP ( 'NONE', ( #8042, #2825, #6046, #8798 ) ) ;
#2519 = ORIENTED_EDGE ( 'NONE', *, *, #6708, .F. ) ;
#2518 = CARTESIAN_POINT ( 'NONE',  ( 3.890140309090413862, 4.066025403784439440, -4.435854864125960972 ) ) ;
#2520 = PLANE ( 'NONE',  #3125 ) ;
#2521 = CARTESIAN_POINT ( 'NONE',  ( -3.679448476671462132, 0.5999999999999999778, -4.087989592393803662 ) ) ;
#2523 = ORIENTED_EDGE ( 'NONE', *, *, #1073, .F. ) ;
#2522 = CARTESIAN_POINT ( 'NONE',  ( 6.706677624071221366, 0.000000000000000000, -3.127375136881146211 ) ) ;
#2524 = VERTEX_POINT ( 'NONE', #5028 ) ;
#2525 = VERTEX_POINT ( 'NONE', #8020 ) ;
#2526 = VECTOR ( 'NONE', #3389, 1000.000000000000000 ) ;
#2527 = ORIENTED_EDGE ( 'NONE', *, *, #1554, .T. ) ;
#2528 = ORIENTED_EDGE ( 'NONE', *, *, #9140, .T. ) ;
#2530 = ORIENTED_EDGE ( 'NONE', *, *, #8086, .T. ) ;
#2529 = CARTESIAN_POINT ( 'NONE',  ( 6.174999999999999822, 4.200000000000000178, 5.599999999999997868 ) ) ;
#2531 = EDGE_CURVE ( 'NONE', #5096, #1490, #4142, .T. ) ;
#2532 = AXIS2_PLACEMENT_3D ( 'NONE', #9353, #8417, #4792 ) ;
#2533 = VECTOR ( 'NONE', #8340, 1000.000000000000000 ) ;
#2534 = DIRECTION ( 'NONE',  ( -0.000000000000000000, 1.000000000000000000, -0.000000000000000000 ) ) ;
#2535 = FACE_OUTER_BOUND ( 'NONE', #1597, .T. ) ;
#2536 = ORIENTED_EDGE ( 'NONE', *, *, #7251, .F. ) ;
#2537 = FACE_OUTER_BOUND ( 'NONE', #1890, .T. ) ;
#2539 = CARTESIAN_POINT ( 'NONE',  ( 0.000000000000000000, 4.200000000000000178, 0.000000000000000000 ) ) ;
#2538 = PLANE ( 'NONE',  #4428 ) ;
#2540 = DIRECTION ( 'NONE',  ( -0.000000000000000000, 0.2588190451025145777, 0.9659258262890699775 ) ) ;
#2541 = VECTOR ( 'NONE', #101, 1000.000000000000000 ) ;
#2542 = EDGE_LOOP ( 'NONE', ( #4971, #3300, #7792, #3366 ) ) ;
#2543 = CARTESIAN_POINT ( 'NONE',  ( 5.284855240766553222E-15, 4.200000000000000178, 6.550000000000001599 ) ) ;
#2544 = ORIENTED_EDGE ( 'NONE', *, *, #1981, .F. ) ;
#2545 = CARTESIAN_POINT ( 'NONE',  ( 1.324999999999999067, 0.5999999999999999778, -4.500000000000000000 ) ) ;
#2546 = VERTEX_POINT ( 'NONE', #6595 ) ;
#2547 = AXIS2_PLACEMENT_3D ( 'NONE', #1946, #9387, #9342 ) ;
#2548 = LINE ( 'NONE', #3932, #1421 ) ;
#2550 = CARTESIAN_POINT ( 'NONE',  ( -3.549999999999999378, 0.2999999999999999889, 3.794707603699265519E-16 ) ) ;
#2549 = DIRECTION ( 'NONE',  ( 0.000000000000000000, 0.2588190451025147998, 0.9659258262890698665 ) ) ;
#2551 = CARTESIAN_POINT ( 'NONE',  ( 6.174999999999999822, 0.5999999999999999778, 5.599999999999997868 ) ) ;
#2552 = EDGE_CURVE ( 'NONE', #3563, #710, #546, .T. ) ;
#2553 = EDGE_CURVE ( 'NONE', #8974, #277, #1232, .T. ) ;
#2554 = VERTEX_POINT ( 'NONE', #4232 ) ;
#2555 = EDGE_CURVE ( 'NONE', #3247, #8867, #7238, .T. ) ;
#2556 = DIRECTION ( 'NONE',  ( -1.000000000000000000, 0.000000000000000000, -0.000000000000000000 ) ) ;
#2557 = CARTESIAN_POINT ( 'NONE',  ( 3.249999999999998668, 0.5999999999999999778, 3.794707603699265519E-16 ) ) ;
#2559 = ORIENTED_EDGE ( 'NONE', *, *, #9577, .T. ) ;
#2558 = LINE ( 'NONE', #6362, #98 ) ;
#2560 = CYLINDRICAL_SURFACE ( 'NONE', #3450, 0.3000000000000000444 ) ;
#2562 = VERTEX_POINT ( 'NONE', #416 ) ;
#2561 = DIRECTION ( 'NONE',  ( -0.2516678542837350596, 0.06042010615679306584, -0.9659258262890699775 ) ) ;
#2563 = DIRECTION ( 'NONE',  ( -0.2334453638558993405, 0.9723699203976780003, -0.000000000000000000 ) ) ;
#2564 = VECTOR ( 'NONE', #6289, 1000.000000000000000 ) ;
#2565 = EDGE_LOOP ( 'NONE', ( #7986, #8294, #9709, #189 ) ) ;
#2566 = VECTOR ( 'NONE', #4465, 999.9999999999998863 ) ;
#2567 = CIRCLE ( 'NONE', #9481, 7.400000000000000355 ) ;
#2568 = VERTEX_POINT ( 'NONE', #6501 ) ;
#2570 = VERTEX_POINT ( 'NONE', #8614 ) ;
#2569 = LINE ( 'NONE', #8582, #559 ) ;
#2571 = CARTESIAN_POINT ( 'NONE',  ( 1.424999999999999156, 0.5999999999999999778, 2.949999999999997513 ) ) ;
#2572 = DIRECTION ( 'NONE',  ( -0.000000000000000000, -0.000000000000000000, 1.000000000000000000 ) ) ;
#2574 = ORIENTED_EDGE ( 'NONE', *, *, #4015, .F. ) ;
#2573 = LINE ( 'NONE', #1837, #1263 ) ;
#2575 = VERTEX_POINT ( 'NONE', #3397 ) ;
#2576 = ORIENTED_EDGE ( 'NONE', *, *, #4340, .T. ) ;
#2577 = EDGE_CURVE ( 'NONE', #9615, #5586, #9574, .T. ) ;
#2578 = VERTEX_POINT ( 'NONE', #4943 ) ;
#2579 = EDGE_CURVE ( 'NONE', #7174, #5227, #5671, .T. ) ;
#2581 = VERTEX_POINT ( 'NONE', #8756 ) ;
#2580 = CARTESIAN_POINT ( 'NONE',  ( 4.175000000000000711, 3.449999999999999289, 5.599999999999997868 ) ) ;
#2582 = CIRCLE ( 'NONE', #3681, 0.5000000000000002220 ) ;
#2583 = LINE ( 'NONE', #7708, #7844 ) ;
#2584 = CARTESIAN_POINT ( 'NONE',  ( 2.274999999999999467, 0.2999999999999999889, 3.794707603699265519E-16 ) ) ;
#2585 = ORIENTED_EDGE ( 'NONE', *, *, #7255, .T. ) ;
#2587 = DIRECTION ( 'NONE',  ( -0.000000000000000000, 1.000000000000000000, -0.000000000000000000 ) ) ;
#2586 = LINE ( 'NONE', #5610, #5380 ) ;
#2588 = DIRECTION ( 'NONE',  ( -0.000000000000000000, -0.000000000000000000, 1.000000000000000000 ) ) ;
#2589 = EDGE_CURVE ( 'NONE', #8966, #7972, #5975, .T. ) ;
#2590 = EDGE_CURVE ( 'NONE', #7540, #919, #5769, .T. ) ;
#2591 = VECTOR ( 'NONE', #2087, 1000.000000000000114 ) ;
#2592 = ORIENTED_EDGE ( 'NONE', *, *, #8734, .F. ) ;
#2593 = DIRECTION ( 'NONE',  ( -1.000000000000000000, 0.000000000000000000, 0.000000000000000000 ) ) ;
#2594 = VERTEX_POINT ( 'NONE', #2252 ) ;
#2595 = DIRECTION ( 'NONE',  ( -0.000000000000000000, -1.000000000000000000, -0.000000000000000000 ) ) ;
#2596 = ORIENTED_EDGE ( 'NONE', *, *, #1348, .T. ) ;
#2597 = AXIS2_PLACEMENT_3D ( 'NONE', #3308, #6413, #2617 ) ;
#2598 = CARTESIAN_POINT ( 'NONE',  ( -7.374584718483435886, 4.200000000000000178, 0.6127807355902926689 ) ) ;
#2600 = PLANE ( 'NONE',  #1106 ) ;
#2599 = CARTESIAN_POINT ( 'NONE',  ( 0.3749999999999998890, 0.2999999999999999889, -0.7999999999999988232 ) ) ;
#2601 = CARTESIAN_POINT ( 'NONE',  ( 0.000000000000000000, 0.000000000000000000, 0.000000000000000000 ) ) ;
#2602 = AXIS2_PLACEMENT_3D ( 'NONE', #157, #8274, #6210 ) ;
#2603 = ORIENTED_EDGE ( 'NONE', *, *, #3158, .F. ) ;
#2604 = DIRECTION ( 'NONE',  ( -0.000000000000000000, -0.000000000000000000, 1.000000000000000000 ) ) ;
#2605 = DIRECTION ( 'NONE',  ( -1.000000000000000000, 0.000000000000000000, 0.000000000000000000 ) ) ;
#2607 = ORIENTED_EDGE ( 'NONE', *, *, #6277, .F. ) ;
#2606 = DIRECTION ( 'NONE',  ( -0.000000000000000000, -0.2588190451025145777, -0.9659258262890699775 ) ) ;
#2608 = CARTESIAN_POINT ( 'NONE',  ( 2.274999999999999467, 0.2999999999999999889, -6.190000000000002167 ) ) ;
#2610 = ORIENTED_EDGE ( 'NONE', *, *, #149, .F. ) ;
#2609 = DIRECTION ( 'NONE',  ( 0.000000000000000000, 1.000000000000000000, -0.000000000000000000 ) ) ;
#2611 = LINE ( 'NONE', #7003, #1752 ) ;
#2612 = EDGE_CURVE ( 'NONE', #7120, #1553, #3599, .T. ) ;
#2613 = EDGE_CURVE ( 'NONE', #5266, #1694, #2940, .T. ) ;
#2614 = ORIENTED_EDGE ( 'NONE', *, *, #6356, .F. ) ;
#2615 = VERTEX_POINT ( 'NONE', #5168 ) ;
#2616 = EDGE_CURVE ( 'NONE', #1109, #5004, #2845, .T. ) ;
#2618 = VERTEX_POINT ( 'NONE', #2300 ) ;
#2617 = DIRECTION ( 'NONE',  ( 1.020425574104005182E-15, 0.000000000000000000, -1.000000000000000000 ) ) ;
#2619 = CARTESIAN_POINT ( 'NONE',  ( 5.360554318880527802, 4.200000000000000178, -4.955245442390456390 ) ) ;
#2620 = CARTESIAN_POINT ( 'NONE',  ( -1.486584783323322334, 4.200000000000000178, -7.147031949137462092 ) ) ;
#2622 = ORIENTED_EDGE ( 'NONE', *, *, #7593, .F. ) ;
#2621 = CARTESIAN_POINT ( 'NONE',  ( 5.424999999999998046, 3.199999999999997513, 5.900000000000003908 ) ) ;
#2623 = ORIENTED_EDGE ( 'NONE', *, *, #4802, .F. ) ;
#2624 = ADVANCED_FACE ( 'NONE', ( #8264 ), #5862, .T. ) ;
#2625 = EDGE_CURVE ( 'NONE', #8089, #4130, #5681, .T. ) ;
#2626 = ORIENTED_EDGE ( 'NONE', *, *, #6074, .T. ) ;
#2627 = ORIENTED_EDGE ( 'NONE', *, *, #2734, .T. ) ;
#2629 = ORIENTED_EDGE ( 'NONE', *, *, #7368, .T. ) ;
#2628 = FACE_OUTER_BOUND ( 'NONE', #4045, .T. ) ;
#2630 = PLANE ( 'NONE',  #1094 ) ;
#2631 = CARTESIAN_POINT ( 'NONE',  ( 4.174999999999998934, 1.349999999999997868, 5.599999999999997868 ) ) ;
#2632 = ORIENTED_EDGE ( 'NONE', *, *, #2648, .F. ) ;
#2633 = ORIENTED_EDGE ( 'NONE', *, *, #4854, .T. ) ;
#2635 = DIRECTION ( 'NONE',  ( 0.000000000000000000, 0.000000000000000000, 1.000000000000000000 ) ) ;
#2634 = DIRECTION ( 'NONE',  ( 1.000000000000000000, 0.000000000000000000, -8.068481283613056781E-16 ) ) ;
#2636 = CARTESIAN_POINT ( 'NONE',  ( 0.3750000000000000000, 0.4700298732486079545, -0.06011787616176798160 ) ) ;
#2637 = ORIENTED_EDGE ( 'NONE', *, *, #7939, .T. ) ;
#2638 = LINE ( 'NONE', #4972, #6834 ) ;
#2639 = ORIENTED_EDGE ( 'NONE', *, *, #5035, .T. ) ;
#2640 = CARTESIAN_POINT ( 'NONE',  ( -1.424999999999999156, 0.5999999999999999778, 2.949999999999997513 ) ) ;
#2641 = ORIENTED_EDGE ( 'NONE', *, *, #3006, .T. ) ;
#2642 = CARTESIAN_POINT ( 'NONE',  ( 4.300000000000000711, 0.5999999999999999778, 4.740253157796533223 ) ) ;
#2644 = DIRECTION ( 'NONE',  ( 4.251773225433351640E-17, -0.000000000000000000, 1.000000000000000000 ) ) ;
#2643 = CARTESIAN_POINT ( 'NONE',  ( -1.324999999999999067, 0.2999999999999999889, -4.500000000000000000 ) ) ;
#2645 = VECTOR ( 'NONE', #8573, 1000.000000000000000 ) ;
#2646 = DIRECTION ( 'NONE',  ( -0.9063077870366517130, 0.000000000000000000, -0.4226182617406956665 ) ) ;
#2647 = EDGE_CURVE ( 'NONE', #9658, #7123, #8494, .T. ) ;
#2648 = EDGE_CURVE ( 'NONE', #7938, #4869, #7579, .T. ) ;
#2649 = CIRCLE ( 'NONE', #9090, 7.399999999999999467 ) ;
#2650 = AXIS2_PLACEMENT_3D ( 'NONE', #8839, #5853, #7515 ) ;
#2651 = CARTESIAN_POINT ( 'NONE',  ( 6.706677624071221366, 4.200000000000000178, -3.127375136881146211 ) ) ;
#2652 = LINE ( 'NONE', #6402, #4282 ) ;
#2654 = EDGE_LOOP ( 'NONE', ( #4833, #5167, #7188, #7266 ) ) ;
#2653 = DIRECTION ( 'NONE',  ( 0.000000000000000000, 1.000000000000000000, 0.000000000000000000 ) ) ;
#2655 = DIRECTION ( 'NONE',  ( 0.2516678542837350596, 0.06042010615679303809, -0.9659258262890699775 ) ) ;
#2657 = ORIENTED_EDGE ( 'NONE', *, *, #4903, .F. ) ;
#2656 = DIRECTION ( 'NONE',  ( 0.000000000000000000, 0.000000000000000000, 1.000000000000000000 ) ) ;
#2658 = DIRECTION ( 'NONE',  ( 0.000000000000000000, 1.000000000000000000, -0.000000000000000000 ) ) ;
#2659 = VECTOR ( 'NONE', #3258, 1000.000000000000000 ) ;
#2660 = AXIS2_PLACEMENT_3D ( 'NONE', #6978, #6192, #4026 ) ;
#2661 = VECTOR ( 'NONE', #8520, 1000.000000000000114 ) ;
#2662 = ADVANCED_FACE ( 'NONE', ( #8118 ), #4526, .F. ) ;
#2664 = ORIENTED_EDGE ( 'NONE', *, *, #9033, .T. ) ;
#2663 = DIRECTION ( 'NONE',  ( 1.000000000000000000, -0.000000000000000000, 0.000000000000000000 ) ) ;
#2665 = CIRCLE ( 'NONE', #6129, 0.2999999999999999334 ) ;
#2666 = VECTOR ( 'NONE', #818, 1000.000000000000000 ) ;
#2667 = DIRECTION ( 'NONE',  ( -0.000000000000000000, -0.000000000000000000, 1.000000000000000000 ) ) ;
#2668 = CARTESIAN_POINT ( 'NONE',  ( 0.000000000000000000, 4.200000000000000178, 0.000000000000000000 ) ) ;
#2670 = ORIENTED_EDGE ( 'NONE', *, *, #3687, .T. ) ;
#2669 = FACE_OUTER_BOUND ( 'NONE', #1494, .T. ) ;
#2671 = ORIENTED_EDGE ( 'NONE', *, *, #9696, .T. ) ;
#2672 = VECTOR ( 'NONE', #895, 1000.000000000000000 ) ;
#2673 = CIRCLE ( 'NONE', #6910, 0.3999999999999993006 ) ;
#2674 = VERTEX_POINT ( 'NONE', #8996 ) ;
#2675 = EDGE_CURVE ( 'NONE', #8466, #8848, #1374, .T. ) ;
#2676 = EDGE_CURVE ( 'NONE', #200, #7095, #7711, .T. ) ;
#2678 = ORIENTED_EDGE ( 'NONE', *, *, #5438, .T. ) ;
#2677 = FACE_BOUND ( 'NONE', #5850, .T. ) ;
#2680 = EDGE_CURVE ( 'NONE', #5754, #2795, #484, .T. ) ;
#2679 = CARTESIAN_POINT ( 'NONE',  ( -4.549999999999998934, 4.200000000000000178, 6.549999999999998934 ) ) ;
#2681 = DIRECTION ( 'NONE',  ( 0.000000000000000000, -1.240100524084728157E-16, 1.000000000000000000 ) ) ;
#2682 = CIRCLE ( 'NONE', #3944, 7.399999999999998579 ) ;
#2683 = ORIENTED_EDGE ( 'NONE', *, *, #636, .F. ) ;
#2684 = VECTOR ( 'NONE', #4047, 1000.000000000000000 ) ;
#2685 = CARTESIAN_POINT ( 'NONE',  ( -1.649999999999996136, 0.5999999999999999778, 4.300000000000000711 ) ) ;
#2686 = DIRECTION ( 'NONE',  ( -0.000000000000000000, -1.000000000000000000, -0.000000000000000000 ) ) ;
#2687 = VECTOR ( 'NONE', #9106, 1000.000000000000114 ) ;
#2688 = AXIS2_PLACEMENT_3D ( 'NONE', #5280, #6791, #6102 ) ;
#2689 = VERTEX_POINT ( 'NONE', #1428 ) ;
#2690 = DIRECTION ( 'NONE',  ( -0.2516678542837351706, -0.06042010615679306584, 0.9659258262890698665 ) ) ;
#2691 = ORIENTED_EDGE ( 'NONE', *, *, #2488, .F. ) ;
#2692 = LINE ( 'NONE', #2042, #4766 ) ;
#2693 = ORIENTED_EDGE ( 'NONE', *, *, #4974, .F. ) ;
#2694 = DIRECTION ( 'NONE',  ( -1.000000000000000000, -0.000000000000000000, 0.000000000000000000 ) ) ;
#2696 = FACE_OUTER_BOUND ( 'NONE', #8230, .T. ) ;
#2695 = DIRECTION ( 'NONE',  ( 0.000000000000000000, 0.000000000000000000, 1.000000000000000000 ) ) ;
#2697 = DIRECTION ( 'NONE',  ( 0.2334453638558985633, 0.9723699203976782224, 3.738238470815287900E-16 ) ) ;
#2698 = VECTOR ( 'NONE', #8008, 1000.000000000000000 ) ;
#2699 = EDGE_CURVE ( 'NONE', #2546, #7420, #6611, .T. ) ;
#2700 = DIRECTION ( 'NONE',  ( 0.2516678542837351151, 0.06042010615679307972, -0.9659258262890699775 ) ) ;
#2701 = VECTOR ( 'NONE', #4139, 1000.000000000000000 ) ;
#2702 = EDGE_CURVE ( 'NONE', #2546, #3414, #5911, .T. ) ;
#2703 = CARTESIAN_POINT ( 'NONE',  ( -5.424999999999998046, 4.200000000000000178, 5.299999999999998046 ) ) ;
#2704 = DIRECTION ( 'NONE',  ( 0.000000000000000000, -1.000000000000000000, -1.442810774098246915E-15 ) ) ;
#2706 = ORIENTED_EDGE ( 'NONE', *, *, #9362, .T. ) ;
#2705 = DIRECTION ( 'NONE',  ( -0.3746065934159064637, 0.000000000000000000, -0.9271838545667896447 ) ) ;
#2707 = LINE ( 'NONE', #9401, #162 ) ;
#2709 = DIRECTION ( 'NONE',  ( 0.000000000000000000, -1.442810774098246915E-15, 1.000000000000000000 ) ) ;
#2708 = DIRECTION ( 'NONE',  ( -0.000000000000000000, 1.000000000000000000, -0.000000000000000000 ) ) ;
#2710 = DIRECTION ( 'NONE',  ( -1.000000000000000000, -0.000000000000000000, -0.000000000000000000 ) ) ;
#2711 = EDGE_CURVE ( 'NONE', #7272, #4120, #7393, .T. ) ;
#2712 = ADVANCED_FACE ( 'NONE', ( #9045 ), #3683, .F. ) ;
#2713 = EDGE_CURVE ( 'NONE', #5846, #5714, #5229, .T. ) ;
#2715 = VERTEX_POINT ( 'NONE', #3732 ) ;
#2714 = CARTESIAN_POINT ( 'NONE',  ( -3.549999999999998490, 0.5999999999999999778, 1.225000000000000311 ) ) ;
#2716 = AXIS2_PLACEMENT_3D ( 'NONE', #4222, #5072, #3572 ) ;
#2717 = FACE_OUTER_BOUND ( 'NONE', #2415, .T. ) ;
#2719 = EDGE_LOOP ( 'NONE', ( #7867, #452, #3215, #1305 ) ) ;
#2718 = DIRECTION ( 'NONE',  ( 0.6368791512607743233, -0.2588190451025212946, 0.7262214872761441065 ) ) ;
#2720 = CARTESIAN_POINT ( 'NONE',  ( 0.000000000000000000, 3.833974596215561803, 0.000000000000000000 ) ) ;
#2721 = VERTEX_POINT ( 'NONE', #6739 ) ;
#2722 = VECTOR ( 'NONE', #4314, 1000.000000000000114 ) ;
#2723 = EDGE_CURVE ( 'NONE', #255, #1633, #9730, .T. ) ;
#2724 = ORIENTED_EDGE ( 'NONE', *, *, #4340, .F. ) ;
#2725 = ORIENTED_EDGE ( 'NONE', *, *, #9477, .F. ) ;
#2726 = CARTESIAN_POINT ( 'NONE',  ( 5.219787914004600182, 3.199999999999998845, 5.336184427528454677 ) ) ;
#2727 = FACE_OUTER_BOUND ( 'NONE', #7817, .T. ) ;
#2728 = AXIS2_PLACEMENT_3D ( 'NONE', #701, #6652, #2998 ) ;
#2729 = VERTEX_POINT ( 'NONE', #993 ) ;
#2730 = CARTESIAN_POINT ( 'NONE',  ( -0.1541429497280359107, 2.291372688986410999, 5.149785371212445284 ) ) ;
#2731 = DIRECTION ( 'NONE',  ( -0.000000000000000000, 1.000000000000000000, -0.000000000000000000 ) ) ;
#2732 = ADVANCED_FACE ( 'NONE', ( #6248 ), #1043, .T. ) ;
#2733 = EDGE_CURVE ( 'NONE', #5712, #5925, #2548, .T. ) ;
#2734 = EDGE_CURVE ( 'NONE', #8667, #5846, #7818, .T. ) ;
#2735 = EDGE_CURVE ( 'NONE', #126, #1555, #1734, .T. ) ;
#2736 = AXIS2_PLACEMENT_3D ( 'NONE', #494, #1189, #1567 ) ;
#2737 = EDGE_LOOP ( 'NONE', ( #1692, #4895, #5475, #9210 ) ) ;
#2738 = CARTESIAN_POINT ( 'NONE',  ( 2.157866156935102531, 3.003817488687372528, 2.299999999999997602 ) ) ;
#2739 = VERTEX_POINT ( 'NONE', #8360 ) ;
#2740 = DIRECTION ( 'NONE',  ( 0.9063077870366509359, -0.000000000000000000, 0.4226182617406973874 ) ) ;
#2741 = ORIENTED_EDGE ( 'NONE', *, *, #7372, .T. ) ;
#2742 = ORIENTED_EDGE ( 'NONE', *, *, #8778, .T. ) ;
#2743 = PLANE ( 'NONE',  #4896 ) ;
#2745 = DIRECTION ( 'NONE',  ( 0.000000000000000000, 0.000000000000000000, 1.000000000000000000 ) ) ;
#2744 = FACE_OUTER_BOUND ( 'NONE', #9678, .T. ) ;
#2746 = LINE ( 'NONE', #1997, #9475 ) ;
#2747 = CIRCLE ( 'NONE', #8714, 7.399999999999999467 ) ;
#2748 = LINE ( 'NONE', #276, #1636 ) ;
#2749 = AXIS2_PLACEMENT_3D ( 'NONE', #7706, #6279, #8542 ) ;
#2750 = LINE ( 'NONE', #1096, #1403 ) ;
#2751 = DIRECTION ( 'NONE',  ( 1.636531581110195409E-16, -0.000000000000000000, 1.000000000000000000 ) ) ;
#2753 = ORIENTED_EDGE ( 'NONE', *, *, #2183, .F. ) ;
#2752 = PLANE ( 'NONE',  #7865 ) ;
#2754 = DIRECTION ( 'NONE',  ( 0.000000000000000000, 0.000000000000000000, 1.000000000000000000 ) ) ;
#2756 = VERTEX_POINT ( 'NONE', #3187 ) ;
#2755 = CARTESIAN_POINT ( 'NONE',  ( -2.319379539477044450, 0.5999999999999999778, -5.206772373731661574 ) ) ;
#2757 = CARTESIAN_POINT ( 'NONE',  ( 0.000000000000000000, 0.000000000000000000, 8.673617379884035472E-15 ) ) ;
#2758 = EDGE_CURVE ( 'NONE', #4445, #6826, #6918, .T. ) ;
#2759 = VECTOR ( 'NONE', #8124, 1000.000000000000114 ) ;
#2761 = ORIENTED_EDGE ( 'NONE', *, *, #9477, .T. ) ;
#2760 = DIRECTION ( 'NONE',  ( -0.2516678542837350596, -0.06042010615679303809, 0.9659258262890699775 ) ) ;
#2762 = DIRECTION ( 'NONE',  ( -0.000000000000000000, -1.000000000000000000, 0.000000000000000000 ) ) ;
#2763 = EDGE_CURVE ( 'NONE', #2504, #5602, #6878, .T. ) ;
#2765 = ORIENTED_EDGE ( 'NONE', *, *, #1131, .T. ) ;
#2764 = PLANE ( 'NONE',  #7231 ) ;
#2766 = DIRECTION ( 'NONE',  ( -1.000000000000000000, 0.000000000000000000, 0.000000000000000000 ) ) ;
#2767 = ORIENTED_EDGE ( 'NONE', *, *, #4749, .F. ) ;
#2769 = ORIENTED_EDGE ( 'NONE', *, *, #8039, .T. ) ;
#2768 = CARTESIAN_POINT ( 'NONE',  ( -5.360554318880526914, 4.200000000000000178, -4.955245442390455501 ) ) ;
#2770 = DIRECTION ( 'NONE',  ( 1.000000000000000000, 0.000000000000000000, 0.000000000000000000 ) ) ;
#2771 = DIRECTION ( 'NONE',  ( -1.255551108993921765E-15, -1.000000000000000000, 6.236591256223239825E-17 ) ) ;
#2772 = VERTEX_POINT ( 'NONE', #4627 ) ;
#2773 = DIRECTION ( 'NONE',  ( -0.000000000000000000, -1.000000000000000000, 0.000000000000000000 ) ) ;
#2774 = CARTESIAN_POINT ( 'NONE',  ( 0.2232405825614734995, 2.360234174678017549, 4.861512999613395003 ) ) ;
#2775 = EDGE_CURVE ( 'NONE', #7873, #6481, #7556, .T. ) ;
#2777 = ORIENTED_EDGE ( 'NONE', *, *, #6198, .T. ) ;
#2776 = CARTESIAN_POINT ( 'NONE',  ( 3.918869757271530460E-16, -0.6999999999999999556, 3.299999999999998046 ) ) ;
#2778 = ORIENTED_EDGE ( 'NONE', *, *, #3378, .F. ) ;
#2779 = DIRECTION ( 'NONE',  ( -1.000000000000000000, -0.000000000000000000, -0.000000000000000000 ) ) ;
#2780 = ORIENTED_EDGE ( 'NONE', *, *, #7824, .F. ) ;
#2781 = PLANE ( 'NONE',  #3936 ) ;
#2782 = ADVANCED_FACE ( 'NONE', ( #4834 ), #306, .F. ) ;
#2784 = LINE ( 'NONE', #8789, #7214 ) ;
#2783 = CARTESIAN_POINT ( 'NONE',  ( 0.8749999999999995559, 0.6000000000000000888, -0.7999999999999988232 ) ) ;
#2785 = CARTESIAN_POINT ( 'NONE',  ( 7.177760825216866536, 4.200000000000000178, 1.330319336092708138 ) ) ;
#2786 = CIRCLE ( 'NONE', #9076, 0.3500000000000004774 ) ;
#2787 = PLANE ( 'NONE',  #1022 ) ;
#2788 = ADVANCED_FACE ( 'NONE', ( #9092 ), #9192, .T. ) ;
#2789 = ADVANCED_FACE ( 'NONE', ( #9297 ), #1667, .T. ) ;
#2790 = FACE_OUTER_BOUND ( 'NONE', #9566, .T. ) ;
#2791 = CARTESIAN_POINT ( 'NONE',  ( 2.321277911634231916, 2.323158544408997717, 5.299999999999998046 ) ) ;
#2793 = ORIENTED_EDGE ( 'NONE', *, *, #6912, .T. ) ;
#2792 = CARTESIAN_POINT ( 'NONE',  ( 3.749999999999999556, 0.2999999999999999889, -1.324999999999999512 ) ) ;
#2794 = ADVANCED_FACE ( 'NONE', ( #5572 ), #6299, .F. ) ;
#2795 = VERTEX_POINT ( 'NONE', #8559 ) ;
#2796 = DIRECTION ( 'NONE',  ( 0.000000000000000000, 1.000000000000000000, -0.000000000000000000 ) ) ;
#2797 = ORIENTED_EDGE ( 'NONE', *, *, #3482, .T. ) ;
#2798 = CARTESIAN_POINT ( 'NONE',  ( -0.8749999999999995559, 0.3272593389687441512, -0.5929447639179872276 ) ) ;
#2800 = ORIENTED_EDGE ( 'NONE', *, *, #2072, .F. ) ;
#2799 = LINE ( 'NONE', #5774, #5121 ) ;
#2801 = CARTESIAN_POINT ( 'NONE',  ( -4.219813216640448950, 3.700000000000000622, -4.811774767865448332 ) ) ;
#2803 = ORIENTED_EDGE ( 'NONE', *, *, #4484, .T. ) ;
#2802 = LINE ( 'NONE', #6749, #9590 ) ;
#2804 = COLOUR_RGB ( '',0.2509803921568627416, 0.2509803921568627416, 0.2509803921568627416 ) ;
#2805 = AXIS2_PLACEMENT_3D ( 'NONE', #355, #2644, #8744 ) ;
#2806 = EDGE_CURVE ( 'NONE', #3719, #5893, #8455, .T. ) ;
#2807 = DIRECTION ( 'NONE',  ( 0.000000000000000000, 1.000000000000000000, -0.000000000000000000 ) ) ;
#2808 = ORIENTED_EDGE ( 'NONE', *, *, #825, .F. ) ;
#2809 = CLOSED_SHELL ( 'NONE', ( #1787, #7945, #31, #8807, #3210, #2003, #4925, #3334, #3379, #356, #7494, #3726, #386, #799, #7440, #2013, #8875, #8390, #4678, #551, #4523, #6205, #3155, #8608, #7666, #8806, #4256, #5187, #742, #4039, #785, #7968, #2372, #4164, #698, #2794, #5336, #6507, #2970, #2051, #3587, #5437, #3403, #2849, #7429, #9392, #7016, #9085, #1572, #1389, #1275, #6303, #5804, #5130, #851, #6648, #8922, #6228, #8249, #6587, #8749, #3951, #1889, #6647, #9229, #5337, #697, #6359, #7145, #8658, #1785, #2124, #7173, #2248, #7517, #5441, #5905, #6886, #3570, #4778, #5288, #3431, #2404, #1761, #5708, #129, #3312, #8948, #733, #346, #3474, #2156, #9478, #3620, #7196, #2487, #8139, #7195, #6392, #7951, #1356, #3086, #2304, #761, #7080, #3031, #2429, #5927, #8450, #9172, #2995, #389, #7801, #6646, #7743, #8269, #7896, #1072, #8693, #390, #4486, #9160, #1607, #6926, #3037, #14, #3630, #2905, #458, #3731, #6004, #4359, #6588, #7193, #1788, #2851, #2375, #874, #7252, #438 ) ) ;
#2810 = AXIS2_PLACEMENT_3D ( 'NONE', #8677, #2762, #5776 ) ;
#2811 = ORIENTED_EDGE ( 'NONE', *, *, #3040, .F. ) ;
#2812 = VECTOR ( 'NONE', #8752, 1000.000000000000000 ) ;
#2814 = ORIENTED_EDGE ( 'NONE', *, *, #1888, .F. ) ;
#2813 = LINE ( 'NONE', #5832, #3688 ) ;
#2815 = DIRECTION ( 'NONE',  ( 0.6946583704589887054, 0.000000000000000000, 0.7193398003386594075 ) ) ;
#2816 = LINE ( 'NONE', #2174, #3142 ) ;
#2817 = ORIENTED_EDGE ( 'NONE', *, *, #4061, .F. ) ;
#2818 = CARTESIAN_POINT ( 'NONE',  ( 1.999999999999999112, 0.2999999999999999889, 1.325000000000000178 ) ) ;
#2819 = AXIS2_PLACEMENT_3D ( 'NONE', #11, #3001, #6020 ) ;
#2820 = DIRECTION ( 'NONE',  ( 0.000000000000000000, 0.000000000000000000, 1.000000000000000000 ) ) ;
#2821 = AXIS2_PLACEMENT_3D ( 'NONE', #3707, #3605, #3654 ) ;
#2822 = EDGE_CURVE ( 'NONE', #816, #8771, #2349, .T. ) ;
#2823 = EDGE_CURVE ( 'NONE', #3322, #3818, #3882, .T. ) ;
#2825 = ORIENTED_EDGE ( 'NONE', *, *, #997, .T. ) ;
#2824 = CARTESIAN_POINT ( 'NONE',  ( 0.6499999999999995781, 1.457322679224499540, 2.618684952224779039 ) ) ;
#2826 = VECTOR ( 'NONE', #738, 1000.000000000000000 ) ;
#2827 = EDGE_CURVE ( 'NONE', #5096, #7289, #9144, .T. ) ;
#2828 = AXIS2_PLACEMENT_3D ( 'NONE', #3441, #7151, #4845 ) ;
#2829 = ORIENTED_EDGE ( 'NONE', *, *, #825, .T. ) ;
#2830 = CARTESIAN_POINT ( 'NONE',  ( -7.112901472932215086, 0.000000000000000000, -1.642142696710235272 ) ) ;
#2831 = ORIENTED_EDGE ( 'NONE', *, *, #3938, .F. ) ;
#2832 = CARTESIAN_POINT ( 'NONE',  ( 3.097236992039767767, 2.303799542494627595, 5.299999999999998046 ) ) ;
#2834 = DIRECTION ( 'NONE',  ( -0.9396926207859105373, -0.000000000000000000, -0.3420201433256628287 ) ) ;
#2833 = LINE ( 'NONE', #8888, #8347 ) ;
#2835 = CARTESIAN_POINT ( 'NONE',  ( -1.324999999999998401, 0.5999999999999999778, -4.599999999999999645 ) ) ;
#2836 = VECTOR ( 'NONE', #3621, 1000.000000000000114 ) ;
#2837 = AXIS2_PLACEMENT_3D ( 'NONE', #6013, #7725, #994 ) ;
#2838 = CARTESIAN_POINT ( 'NONE',  ( -5.674999999999997158, 1.349999999999999645, 5.599999999999997868 ) ) ;
#2839 = CARTESIAN_POINT ( 'NONE',  ( -1.506948958437339003, 4.200000000000000178, -7.244936496385913749 ) ) ;
#2840 = LINE ( 'NONE', #9533, #2224 ) ;
#2842 = ORIENTED_EDGE ( 'NONE', *, *, #4669, .T. ) ;
#2841 = CARTESIAN_POINT ( 'NONE',  ( 1.966431582964759173, 1.293770569649666857, 4.534877215452723043 ) ) ;
#2843 = AXIS2_PLACEMENT_3D ( 'NONE', #6580, #7325, #3824 ) ;
#2844 = VERTEX_POINT ( 'NONE', #3239 ) ;
#2845 = LINE ( 'NONE', #7480, #2984 ) ;
#2847 = DIRECTION ( 'NONE',  ( -1.000000000000000000, 0.000000000000000000, 0.000000000000000000 ) ) ;
#2846 =( NAMED_UNIT ( * ) SI_UNIT ( $, .STERADIAN. ) SOLID_ANGLE_UNIT ( ) );
#2848 = DIRECTION ( 'NONE',  ( 0.000000000000000000, -0.000000000000000000, 1.000000000000000000 ) ) ;
#2849 = ADVANCED_FACE ( 'NONE', ( #4675 ), #2743, .F. ) ;
#2850 = EDGE_CURVE ( 'NONE', #3509, #6517, #2045, .T. ) ;
#2851 = ADVANCED_FACE ( 'NONE', ( #5756 ), #2781, .F. ) ;
#2852 = AXIS2_PLACEMENT_3D ( 'NONE', #8892, #4475, #1523 ) ;
#2853 = EDGE_CURVE ( 'NONE', #1216, #3442, #9434, .T. ) ;
#2854 = CARTESIAN_POINT ( 'NONE',  ( 0.000000000000000000, 4.200000000000000178, 0.000000000000000000 ) ) ;
#2855 = DIRECTION ( 'NONE',  ( -0.000000000000000000, -1.000000000000000000, -0.000000000000000000 ) ) ;
#2857 = VERTEX_POINT ( 'NONE', #1183 ) ;
#2856 = PLANE ( 'NONE',  #8261 ) ;
#2858 = CARTESIAN_POINT ( 'NONE',  ( 6.836708540583529725, 4.200000000000000178, 2.831857399501646277 ) ) ;
#2860 = ORIENTED_EDGE ( 'NONE', *, *, #7966, .T. ) ;
#2859 = CARTESIAN_POINT ( 'NONE',  ( -6.836708540583528837, 4.200000000000000178, 2.831857399501646722 ) ) ;
#2861 = FACE_OUTER_BOUND ( 'NONE', #972, .T. ) ;
#2862 = ORIENTED_EDGE ( 'NONE', *, *, #6085, .F. ) ;
#2864 = ORIENTED_EDGE ( 'NONE', *, *, #7963, .F. ) ;
#2863 = DIRECTION ( 'NONE',  ( 0.000000000000000000, 0.000000000000000000, -1.000000000000000000 ) ) ;
#2865 = CARTESIAN_POINT ( 'NONE',  ( -0.8999999999999998002, 0.2999999999999999889, 3.794707603699265519E-16 ) ) ;
#2866 = CARTESIAN_POINT ( 'NONE',  ( 3.918869757271530460E-16, -0.5999999999999980904, 3.299999999999998046 ) ) ;
#2867 = ORIENTED_EDGE ( 'NONE', *, *, #2072, .T. ) ;
#2868 = EDGE_CURVE ( 'NONE', #4316, #8179, #8741, .T. ) ;
#2869 = DIRECTION ( 'NONE',  ( 0.000000000000000000, 1.000000000000000000, -0.000000000000000000 ) ) ;
#2870 = LINE ( 'NONE', #2281, #7922 ) ;
#2871 = VECTOR ( 'NONE', #2245, 1000.000000000000000 ) ;
#2872 = VECTOR ( 'NONE', #2572, 1000.000000000000000 ) ;
#2873 = ORIENTED_EDGE ( 'NONE', *, *, #6455, .T. ) ;
#2875 = VERTEX_POINT ( 'NONE', #488 ) ;
#2874 = LINE ( 'NONE', #6724, #410 ) ;
#2876 = VECTOR ( 'NONE', #7357, 999.9999999999998863 ) ;
#2877 = ORIENTED_EDGE ( 'NONE', *, *, #4802, .T. ) ;
#2878 = LINE ( 'NONE', #8200, #9001 ) ;
#2879 = EDGE_LOOP ( 'NONE', ( #4467, #7261, #9538, #8202 ) ) ;
#2880 = CARTESIAN_POINT ( 'NONE',  ( 4.693548073463539083, 1.599999999999997646, 5.846973397313161236 ) ) ;
#2882 = LINE ( 'NONE', #5117, #3596 ) ;
#2881 = CARTESIAN_POINT ( 'NONE',  ( 6.174999999999999822, 4.200000000000000178, 0.000000000000000000 ) ) ;
#2883 = EDGE_CURVE ( 'NONE', #36, #6127, #6443, .T. ) ;
#2884 = DIRECTION ( 'NONE',  ( 0.000000000000000000, 1.000000000000000000, -0.000000000000000000 ) ) ;
#2885 = AXIS2_PLACEMENT_3D ( 'NONE', #1423, #1368, #2297 ) ;
#2886 = LINE ( 'NONE', #6053, #78 ) ;
#2887 = CARTESIAN_POINT ( 'NONE',  ( 5.674999999999998934, 3.199999999999998401, 5.599999999999997868 ) ) ;
#2889 = ORIENTED_EDGE ( 'NONE', *, *, #4458, .T. ) ;
#2888 = CARTESIAN_POINT ( 'NONE',  ( 0.000000000000000000, 4.200000000000000178, 0.000000000000000000 ) ) ;
#2890 = AXIS2_PLACEMENT_3D ( 'NONE', #4175, #1314, #7175 ) ;
#2891 = EDGE_LOOP ( 'NONE', ( #2927, #4319, #4661, #7501 ) ) ;
#2892 = DIRECTION ( 'NONE',  ( 0.000000000000000000, 0.000000000000000000, -1.000000000000000000 ) ) ;
#2894 = CARTESIAN_POINT ( 'NONE',  ( 0.000000000000000000, 4.200000000000000178, 0.000000000000000000 ) ) ;
#2893 = CARTESIAN_POINT ( 'NONE',  ( -0.3405298538447089629, 1.847623008644551312, 4.860007623325723891 ) ) ;
#2895 = CARTESIAN_POINT ( 'NONE',  ( 4.175000000000000711, 3.449999999999999289, 5.599999999999997868 ) ) ;
#2896 = LINE ( 'NONE', #1723, #2900 ) ;
#2897 = CARTESIAN_POINT ( 'NONE',  ( 0.3750000000000000000, 1.147632372710735593, 2.468729079166619211 ) ) ;
#2899 = ORIENTED_EDGE ( 'NONE', *, *, #4483, .T. ) ;
#2898 = CARTESIAN_POINT ( 'NONE',  ( 0.000000000000000000, 4.200000000000000178, 0.000000000000000000 ) ) ;
#2900 = VECTOR ( 'NONE', #8463, 1000.000000000000000 ) ;
#2901 = CARTESIAN_POINT ( 'NONE',  ( 4.213437021927587622, 0.000000000000000000, 6.588245792962771574 ) ) ;
#2902 =( NAMED_UNIT ( * ) SI_UNIT ( $, .STERADIAN. ) SOLID_ANGLE_UNIT ( ) );
#2904 = ORIENTED_EDGE ( 'NONE', *, *, #1593, .T. ) ;
#2903 = DIRECTION ( 'NONE',  ( -0.000000000000000000, 1.000000000000000000, -0.000000000000000000 ) ) ;
#2905 = ADVANCED_FACE ( 'NONE', ( #7276 ), #353, .F. ) ;
#2906 = EDGE_CURVE ( 'NONE', #5114, #4879, #3340, .T. ) ;
#2907 = DIRECTION ( 'NONE',  ( -0.000000000000000000, -0.000000000000000000, 1.000000000000000000 ) ) ;
#2908 = AXIS2_PLACEMENT_3D ( 'NONE', #6809, #3806, #6899 ) ;
#2909 = ORIENTED_EDGE ( 'NONE', *, *, #6357, .F. ) ;
#2910 = EDGE_CURVE ( 'NONE', #2689, #4759, #8954, .T. ) ;
#2911 =( BOUNDED_CURVE ( )  B_SPLINE_CURVE ( 3, ( #2897, #9003, #2113, #7390 ),
 .UNSPECIFIED., .F., .F. ) 
 B_SPLINE_CURVE_WITH_KNOTS ( ( 4, 4 ),
 ( 4.712388980384687898, 6.283185307179586232 ),
 .UNSPECIFIED. ) 
 CURVE ( )  GEOMETRIC_REPRESENTATION_ITEM ( )  RATIONAL_B_SPLINE_CURVE ( ( 1.000000000000000000, 0.8047378541243646044, 0.8047378541243646044, 1.000000000000000000 ) ) 
 REPRESENTATION_ITEM ( '' )  );
#2912 = ORIENTED_EDGE ( 'NONE', *, *, #3131, .F. ) ;
#2914 = VERTEX_POINT ( 'NONE', #5017 ) ;
#2913 = DIRECTION ( 'NONE',  ( 0.000000000000000000, 0.000000000000000000, 1.000000000000000000 ) ) ;
#2915 = LINE ( 'NONE', #6813, #5041 ) ;
#2916 = ADVANCED_FACE ( 'NONE', ( #7179 ), #9344, .F. ) ;
#2917 = VERTEX_POINT ( 'NONE', #3526 ) ;
#2918 = DIRECTION ( 'NONE',  ( 0.000000000000000000, 0.000000000000000000, -1.000000000000000000 ) ) ;
#2919 = DIRECTION ( 'NONE',  ( -0.9676937674929103617, 0.000000000000000000, -0.2521284838239766235 ) ) ;
#2920 = ORIENTED_EDGE ( 'NONE', *, *, #3433, .F. ) ;
#2921 = ORIENTED_EDGE ( 'NONE', *, *, #4309, .T. ) ;
#2922 = ORIENTED_EDGE ( 'NONE', *, *, #8691, .T. ) ;
#2924 = ORIENTED_EDGE ( 'NONE', *, *, #764, .F. ) ;
#2923 = DIRECTION ( 'NONE',  ( 0.000000000000000000, 0.000000000000000000, 1.000000000000000000 ) ) ;
#2925 = VERTEX_POINT ( 'NONE', #6538 ) ;
#2926 = CARTESIAN_POINT ( 'NONE',  ( 0.000000000000000000, 4.200000000000000178, 0.000000000000000000 ) ) ;
#2927 = ORIENTED_EDGE ( 'NONE', *, *, #2230, .F. ) ;
#2928 = VERTEX_POINT ( 'NONE', #6397 ) ;
#2929 = VERTEX_POINT ( 'NONE', #4882 ) ;
#2930 = CARTESIAN_POINT ( 'NONE',  ( -1.899999999999999245, 0.5999999999999999778, -4.923692341845005593 ) ) ;
#2932 = CARTESIAN_POINT ( 'NONE',  ( 6.706677624071221366, 4.200000000000000178, -3.127375136881146211 ) ) ;
#2931 = LINE ( 'NONE', #8107, #4583 ) ;
#2933 = VECTOR ( 'NONE', #4403, 1000.000000000000114 ) ;
#2934 = DIRECTION ( 'NONE',  ( 0.000000000000000000, 1.000000000000000000, -0.000000000000000000 ) ) ;
#2935 = PLANE ( 'NONE',  #8246 ) ;
#2936 = LINE ( 'NONE', #6009, #3967 ) ;
#2938 = VERTEX_POINT ( 'NONE', #1223 ) ;
#2937 = CARTESIAN_POINT ( 'NONE',  ( -7.099999999999998757, 4.200000000000000178, 5.299999999999999822 ) ) ;
#2939 = VERTEX_POINT ( 'NONE', #8787 ) ;
#2940 = LINE ( 'NONE', #3783, #8011 ) ;
#2942 = CYLINDRICAL_SURFACE ( 'NONE', #7217, 0.2999999999999999334 ) ;
#2941 = DIRECTION ( 'NONE',  ( -1.000000000000000000, 0.000000000000000000, 0.000000000000000000 ) ) ;
#2943 = CARTESIAN_POINT ( 'NONE',  ( 0.8749999999999995559, 1.100000000000000311, -0.7999999999999988232 ) ) ;
#2944 = EDGE_CURVE ( 'NONE', #779, #3907, #4218, .T. ) ;
#2945 = EDGE_CURVE ( 'NONE', #8583, #8278, #1141, .T. ) ;
#2946 = CARTESIAN_POINT ( 'NONE',  ( -1.024999999999996358, 0.5999999999999999778, 3.350000000000000089 ) ) ;
#2947 = LINE ( 'NONE', #8273, #6510 ) ;
#2949 = ORIENTED_EDGE ( 'NONE', *, *, #5188, .T. ) ;
#2948 = CARTESIAN_POINT ( 'NONE',  ( 3.249999999999999112, 0.5999999999999999778, -0.2999999999999996003 ) ) ;
#2950 = PLANE ( 'NONE',  #3133 ) ;
#2952 = ORIENTED_EDGE ( 'NONE', *, *, #5265, .T. ) ;
#2951 = CARTESIAN_POINT ( 'NONE',  ( -0.8999999999999989120, 0.3000000000000012101, -10.49000000000000199 ) ) ;
#2953 = CARTESIAN_POINT ( 'NONE',  ( -0.9000000000000000222, 0.2999999999999996558, 8.959999999999995524 ) ) ;
#2954 = EDGE_LOOP ( 'NONE', ( #2437, #6330, #6753, #5079 ) ) ;
#2955 = CONICAL_SURFACE ( 'NONE', #9243, 5.900000000000000355, 1.308996938995747428 ) ;
#2956 = ORIENTED_EDGE ( 'NONE', *, *, #1471, .T. ) ;
#2958 = ORIENTED_EDGE ( 'NONE', *, *, #2376, .F. ) ;
#2957 = LINE ( 'NONE', #7453, #5283 ) ;
#2959 = AXIS2_PLACEMENT_3D ( 'NONE', #6523, #1598, #7646 ) ;
#2960 = DIRECTION ( 'NONE',  ( -0.000000000000000000, -1.000000000000000000, 0.000000000000000000 ) ) ;
#2961 = DIRECTION ( 'NONE',  ( -0.000000000000000000, -1.000000000000000000, -0.000000000000000000 ) ) ;
#2962 = ORIENTED_EDGE ( 'NONE', *, *, #3457, .F. ) ;
#2963 = CARTESIAN_POINT ( 'NONE',  ( -2.743224965086314970, 3.450000000000000622, 5.299999999999998046 ) ) ;
#2964 = VECTOR ( 'NONE', #57, 1000.000000000000000 ) ;
#2965 = CARTESIAN_POINT ( 'NONE',  ( 0.3750000000000000000, 1.147632372710735593, 2.468729079166619211 ) ) ;
#2966 = AXIS2_PLACEMENT_3D ( 'NONE', #4297, #7340, #600 ) ;
#2967 = VECTOR ( 'NONE', #2834, 1000.000000000000114 ) ;
#2968 = EDGE_CURVE ( 'NONE', #859, #4966, #9121, .T. ) ;
#2969 = EDGE_CURVE ( 'NONE', #4466, #321, #1910, .T. ) ;
#2970 = ADVANCED_FACE ( 'NONE', ( #7916 ), #3426, .T. ) ;
#2972 = VERTEX_POINT ( 'NONE', #4978 ) ;
#2971 = DIRECTION ( 'NONE',  ( -0.000000000000000000, -0.000000000000000000, 1.000000000000000000 ) ) ;
#2973 = EDGE_LOOP ( 'NONE', ( #8626, #4692, #4148, #7131 ) ) ;
#2974 = CARTESIAN_POINT ( 'NONE',  ( 0.000000000000000000, 4.066025403784439440, 0.000000000000000000 ) ) ;
#2975 = VERTEX_POINT ( 'NONE', #2930 ) ;
#2976 = ORIENTED_EDGE ( 'NONE', *, *, #3702, .F. ) ;
#2977 = CIRCLE ( 'NONE', #5190, 0.4749999999999979794 ) ;
#2978 = EDGE_LOOP ( 'NONE', ( #6571, #3368, #3955, #8686 ) ) ;
#2979 = VECTOR ( 'NONE', #7116, 1000.000000000000000 ) ;
#2980 = DIRECTION ( 'NONE',  ( 0.000000000000000000, 1.000000000000000000, 0.000000000000000000 ) ) ;
#2982 = CARTESIAN_POINT ( 'NONE',  ( 7.099999999999999645, 4.200000000000000178, 6.149999999999997691 ) ) ;
#2981 = DIRECTION ( 'NONE',  ( -0.2516678542837351151, -0.06042010615679307278, 0.9659258262890699775 ) ) ;
#2983 = LINE ( 'NONE', #2486, #6188 ) ;
#2984 = VECTOR ( 'NONE', #6059, 1000.000000000000000 ) ;
#2985 = AXIS2_PLACEMENT_3D ( 'NONE', #556, #5137, #4440 ) ;
#2986 = CARTESIAN_POINT ( 'NONE',  ( -4.590942030465840595, 1.599999999999999867, 5.565065611077386620 ) ) ;
#2987 = PLANE ( 'NONE',  #3008 ) ;
#2988 = ORIENTED_EDGE ( 'NONE', *, *, #1539, .T. ) ;
#2989 = CARTESIAN_POINT ( 'NONE',  ( 3.918869757271534404E-16, 0.000000000000000000, -4.200000000000001066 ) ) ;
#2991 = LINE ( 'NONE', #2302, #2964 ) ;
#2990 = DIRECTION ( 'NONE',  ( 0.000000000000000000, -1.000000000000000000, 0.000000000000000000 ) ) ;
#2992 = AXIS2_PLACEMENT_3D ( 'NONE', #7032, #6190, #8444 ) ;
#2993 = FACE_OUTER_BOUND ( 'NONE', #6383, .T. ) ;
#2994 = EDGE_CURVE ( 'NONE', #7105, #2069, #9, .T. ) ;
#2995 = ADVANCED_FACE ( 'NONE', ( #8106 ), #583, .T. ) ;
#2997 = LINE ( 'NONE', #6650, #720 ) ;
#2996 = VECTOR ( 'NONE', #9381, 1000.000000000000114 ) ;
#2998 = DIRECTION ( 'NONE',  ( 0.000000000000000000, 0.000000000000000000, 1.000000000000000000 ) ) ;
#3000 = VERTEX_POINT ( 'NONE', #1464 ) ;
#2999 = CARTESIAN_POINT ( 'NONE',  ( 3.749999999999999556, 0.2999999999999999889, -1.324999999999999512 ) ) ;
#3001 = DIRECTION ( 'NONE',  ( -0.2516678542837350041, 0.06042010615679306584, -0.9659258262890699775 ) ) ;
#3003 = ORIENTED_EDGE ( 'NONE', *, *, #4804, .F. ) ;
#3002 = CARTESIAN_POINT ( 'NONE',  ( 4.837126351974867511, 0.000000000000000000, -5.467376761759734194 ) ) ;
#3004 = CARTESIAN_POINT ( 'NONE',  ( -1.327362237798777045, 2.804431138369956056, 5.487555226753929816 ) ) ;
#3005 = VERTEX_POINT ( 'NONE', #2832 ) ;
#3006 = EDGE_CURVE ( 'NONE', #4356, #5846, #9622, .T. ) ;
#3007 = EDGE_CURVE ( 'NONE', #8617, #9557, #728, .T. ) ;
#3008 = AXIS2_PLACEMENT_3D ( 'NONE', #7576, #3087, #5163 ) ;
#3009 = VECTOR ( 'NONE', #1915, 1000.000000000000114 ) ;
#3010 = EDGE_CURVE ( 'NONE', #6057, #8583, #492, .T. ) ;
#3011 = CARTESIAN_POINT ( 'NONE',  ( 0.3654713239622578436, 2.342108142830979567, 5.208019656360511007 ) ) ;
#3012 = ORIENTED_EDGE ( 'NONE', *, *, #6622, .T. ) ;
#3014 = ORIENTED_EDGE ( 'NONE', *, *, #6455, .F. ) ;
#3013 = PLANE ( 'NONE',  #9196 ) ;
#3015 = AXIS2_PLACEMENT_3D ( 'NONE', #1318, #4320, #7321 ) ;
#3016 = CARTESIAN_POINT ( 'NONE',  ( 4.623041666781258351E-16, 0.000000000000000000, 2.724999999999998312 ) ) ;
#3017 = CARTESIAN_POINT ( 'NONE',  ( -0.9000000000000000222, 0.3000000000000000444, 5.899999999999997691 ) ) ;
#3018 = ORIENTED_EDGE ( 'NONE', *, *, #5673, .F. ) ;
#3019 = CARTESIAN_POINT ( 'NONE',  ( -0.9750000000000007550, 0.5999999999999999778, -4.599999999999999645 ) ) ;
#3020 = DIRECTION ( 'NONE',  ( 2.302730277845320112E-16, -0.000000000000000000, -1.000000000000000000 ) ) ;
#3021 = ORIENTED_EDGE ( 'NONE', *, *, #4643, .T. ) ;
#3022 = PRODUCT_RELATED_PRODUCT_CATEGORY ( 'part', '', ( #5243 ) ) ;
#3023 = VERTEX_POINT ( 'NONE', #9570 ) ;
#3024 = ORIENTED_EDGE ( 'NONE', *, *, #6230, .F. ) ;
#3025 = EDGE_LOOP ( 'NONE', ( #758, #143, #124, #4452 ) ) ;
#3026 = DIRECTION ( 'NONE',  ( 0.4226182617406976094, 0.000000000000000000, -0.9063077870366509359 ) ) ;
#3027 = LINE ( 'NONE', #7362, #7138 ) ;
#3028 = ORIENTED_EDGE ( 'NONE', *, *, #9109, .F. ) ;
#3029 = ORIENTED_EDGE ( 'NONE', *, *, #4903, .T. ) ;
#3030 = VECTOR ( 'NONE', #4937, 1000.000000000000000 ) ;
#3032 = ORIENTED_EDGE ( 'NONE', *, *, #5219, .T. ) ;
#3031 = ADVANCED_FACE ( 'NONE', ( #4415 ), #9035, .F. ) ;
#3033 = PLANE ( 'NONE',  #7718 ) ;
#3035 = LINE ( 'NONE', #9572, #3910 ) ;
#3034 = CARTESIAN_POINT ( 'NONE',  ( 5.372101905787460829, 3.199999999999998401, 5.599999999999999645 ) ) ;
#3036 = EDGE_CURVE ( 'NONE', #3805, #4864, #1364, .T. ) ;
#3037 = ADVANCED_FACE ( 'NONE', ( #4367 ), #7422, .T. ) ;
#3039 = CARTESIAN_POINT ( 'NONE',  ( 3.249999999999998668, 0.5999999999999999778, 1.225000000000000311 ) ) ;
#3038 = AXIS2_PLACEMENT_3D ( 'NONE', #425, #5597, #9212 ) ;
#3040 = EDGE_CURVE ( 'NONE', #5186, #8716, #4109, .T. ) ;
#3041 = AXIS2_PLACEMENT_3D ( 'NONE', #7652, #177, #1690 ) ;
#3042 = DIRECTION ( 'NONE',  ( 0.000000000000000000, 1.000000000000000000, 0.000000000000000000 ) ) ;
#3043 = CARTESIAN_POINT ( 'NONE',  ( -1.399999999999999245, 0.000000000000000000, 6.517713239141810000 ) ) ;
#3044 = ORIENTED_EDGE ( 'NONE', *, *, #7389, .F. ) ;
#3045 = EDGE_CURVE ( 'NONE', #4906, #4356, #681, .T. ) ;
#3046 = DIRECTION ( 'NONE',  ( -1.000000000000000000, 0.000000000000000000, 0.000000000000000000 ) ) ;
#3048 = LINE ( 'NONE', #7436, #787 ) ;
#3047 = DIRECTION ( 'NONE',  ( 0.000000000000000000, 0.000000000000000000, -1.000000000000000000 ) ) ;
#3049 = CARTESIAN_POINT ( 'NONE',  ( -0.8749999999999998890, 0.2999999999999999889, -4.499999999999999112 ) ) ;
#3050 = AXIS2_PLACEMENT_3D ( 'NONE', #9053, #6797, #62 ) ;
#3051 = VECTOR ( 'NONE', #8938, 1000.000000000000114 ) ;
#3052 = ORIENTED_EDGE ( 'NONE', *, *, #861, .F. ) ;
#3053 = DIRECTION ( 'NONE',  ( 0.000000000000000000, 1.000000000000000000, -0.000000000000000000 ) ) ;
#3055 = ORIENTED_EDGE ( 'NONE', *, *, #753, .F. ) ;
#3054 = FACE_OUTER_BOUND ( 'NONE', #5658, .T. ) ;
#3056 = CARTESIAN_POINT ( 'NONE',  ( 0.9000000000000027978, 0.3000000000000012101, -10.49000000000000199 ) ) ;
#3058 = EDGE_LOOP ( 'NONE', ( #8877, #4170, #4803, #4823 ) ) ;
#3057 = CARTESIAN_POINT ( 'NONE',  ( -7.340836627629893307, 4.200000000000000178, -0.9338723716051084978 ) ) ;
#3059 = DIRECTION ( 'NONE',  ( -0.000000000000000000, -1.000000000000000000, -0.000000000000000000 ) ) ;
#3060 = VECTOR ( 'NONE', #1609, 1000.000000000000000 ) ;
#3061 = DIRECTION ( 'NONE',  ( 0.7343225094356882199, 0.000000000000000000, 0.6788007455329388984 ) ) ;
#3063 = ORIENTED_EDGE ( 'NONE', *, *, #5221, .T. ) ;
#3062 = CARTESIAN_POINT ( 'NONE',  ( 0.000000000000000000, 4.200000000000000178, 0.000000000000000000 ) ) ;
#3064 = AXIS2_PLACEMENT_3D ( 'NONE', #7111, #8531, #3360 ) ;
#3065 = CARTESIAN_POINT ( 'NONE',  ( 0.000000000000000000, 0.5999999999999999778, -1.049999999999998934 ) ) ;
#3066 = DIRECTION ( 'NONE',  ( 0.000000000000000000, 0.000000000000000000, 1.000000000000000000 ) ) ;
#3067 = ORIENTED_EDGE ( 'NONE', *, *, #7729, .F. ) ;
#3068 = ORIENTED_EDGE ( 'NONE', *, *, #672, .F. ) ;
#3069 = FACE_OUTER_BOUND ( 'NONE', #2719, .T. ) ;
#3070 = LINE ( 'NONE', #4607, #3197 ) ;
#3071 = VECTOR ( 'NONE', #4341, 1000.000000000000227 ) ;
#3072 = ORIENTED_EDGE ( 'NONE', *, *, #9024, .F. ) ;
#3073 = EDGE_CURVE ( 'NONE', #5146, #8415, #8932, .T. ) ;
#3074 = AXIS2_PLACEMENT_3D ( 'NONE', #9200, #5478, #7533 ) ;
#3076 = EDGE_LOOP ( 'NONE', ( #3095, #855, #3409, #3813 ) ) ;
#3075 = LINE ( 'NONE', #1025, #9025 ) ;
#3077 = VERTEX_POINT ( 'NONE', #43 ) ;
#3078 = LINE ( 'NONE', #187, #2494 ) ;
#3079 = ADVANCED_FACE ( 'NONE', ( #5158 ), #3033, .F. ) ;
#3080 = ORIENTED_EDGE ( 'NONE', *, *, #5849, .T. ) ;
#3081 = DIRECTION ( 'NONE',  ( 0.000000000000000000, -1.000000000000000000, 0.000000000000000000 ) ) ;
#3083 = LINE ( 'NONE', #299, #1876 ) ;
#3082 = DIRECTION ( 'NONE',  ( 0.000000000000000000, 0.000000000000000000, 1.000000000000000000 ) ) ;
#3084 = DIRECTION ( 'NONE',  ( -3.093406186374440349E-32, 1.000000000000000000, 1.141265444721584004E-16 ) ) ;
#3085 = DIRECTION ( 'NONE',  ( -0.3420201433256630508, 0.000000000000000000, 0.9396926207859104263 ) ) ;
#3086 = ADVANCED_FACE ( 'NONE', ( #7364 ), #7324, .F. ) ;
#3087 = DIRECTION ( 'NONE',  ( 0.4226182617406973874, 0.000000000000000000, 0.9063077870366509359 ) ) ;
#3088 = ORIENTED_EDGE ( 'NONE', *, *, #258, .T. ) ;
#3089 = CARTESIAN_POINT ( 'NONE',  ( 1.999999999999999112, 0.2999999999999999889, 4.299999999999999822 ) ) ;
#3091 = LINE ( 'NONE', #3837, #7847 ) ;
#3090 = FACE_OUTER_BOUND ( 'NONE', #810, .T. ) ;
#3092 = DIRECTION ( 'NONE',  ( 1.000000000000000000, -0.000000000000000000, -0.000000000000000000 ) ) ;
#3093 = EDGE_CURVE ( 'NONE', #8724, #7510, #2093, .T. ) ;
#3094 = ADVANCED_FACE ( 'NONE', ( #6632 ), #2142, .T. ) ;
#3096 = EDGE_CURVE ( 'NONE', #5732, #7083, #3318, .T. ) ;
#3095 = ORIENTED_EDGE ( 'NONE', *, *, #1691, .F. ) ;
#3097 = LINE ( 'NONE', #948, #561 ) ;
#3099 = VERTEX_POINT ( 'NONE', #7614 ) ;
#3098 = DIRECTION ( 'NONE',  ( 1.000000000000000000, 0.000000000000000000, 0.000000000000000000 ) ) ;
#3100 = CARTESIAN_POINT ( 'NONE',  ( 6.174999999999999822, 0.5999999999999998668, 5.299999999999998046 ) ) ;
#3102 = VERTEX_POINT ( 'NONE', #3271 ) ;
#3101 = CARTESIAN_POINT ( 'NONE',  ( -6.174999999999998046, 0.5999999999999999778, 5.299999999999998046 ) ) ;
#3103 = DIRECTION ( 'NONE',  ( -0.000000000000000000, -0.000000000000000000, 1.000000000000000000 ) ) ;
#3104 = DIRECTION ( 'NONE',  ( 0.000000000000000000, 0.2588190451025145777, 0.9659258262890699775 ) ) ;
#3105 = VERTEX_POINT ( 'NONE', #91 ) ;
#3107 = ORIENTED_EDGE ( 'NONE', *, *, #9206, .T. ) ;
#3106 = LINE ( 'NONE', #3900, #5755 ) ;
#3108 = CYLINDRICAL_SURFACE ( 'NONE', #789, 0.3000000000000007661 ) ;
#3109 = CARTESIAN_POINT ( 'NONE',  ( 2.887143597233360115, 3.178901511579296901, 5.299999999999998046 ) ) ;
#3110 = VECTOR ( 'NONE', #1046, 1000.000000000000000 ) ;
#3111 = ORIENTED_EDGE ( 'NONE', *, *, #2823, .F. ) ;
#3112 = ORIENTED_EDGE ( 'NONE', *, *, #5914, .T. ) ;
#3113 = LINE ( 'NONE', #82, #9007 ) ;
#3114 = ORIENTED_EDGE ( 'NONE', *, *, #1685, .F. ) ;
#3115 = VECTOR ( 'NONE', #4166, 1000.000000000000000 ) ;
#3117 = ORIENTED_EDGE ( 'NONE', *, *, #2379, .F. ) ;
#3116 = CARTESIAN_POINT ( 'NONE',  ( 0.9000000000000000222, 5.421010862427522170E-17, 5.899999999999997691 ) ) ;
#3118 = FACE_OUTER_BOUND ( 'NONE', #3361, .T. ) ;
#3119 = DIRECTION ( 'NONE',  ( 0.000000000000000000, 0.000000000000000000, 1.000000000000000000 ) ) ;
#3120 = VERTEX_POINT ( 'NONE', #4569 ) ;
#3121 = ORIENTED_EDGE ( 'NONE', *, *, #9065, .T. ) ;
#3122 = DIRECTION ( 'NONE',  ( 0.000000000000000000, 0.000000000000000000, 1.000000000000000000 ) ) ;
#3124 = CYLINDRICAL_SURFACE ( 'NONE', #4881, 0.2999999999999999334 ) ;
#3123 = DIRECTION ( 'NONE',  ( -0.2334453638558993405, 0.9723699203976780003, 7.217479547926803943E-17 ) ) ;
#3125 = AXIS2_PLACEMENT_3D ( 'NONE', #5545, #8533, #1065 ) ;
#3126 = VECTOR ( 'NONE', #5010, 1000.000000000000000 ) ;
#3127 = DIRECTION ( 'NONE',  ( 0.000000000000000000, 0.000000000000000000, 1.000000000000000000 ) ) ;
#3128 = ADVANCED_FACE ( 'NONE', ( #191 ), #7569, .T. ) ;
#3129 = EDGE_CURVE ( 'NONE', #1559, #5080, #981, .T. ) ;
#3130 = EDGE_CURVE ( 'NONE', #6610, #4852, #1614, .T. ) ;
#3131 = EDGE_CURVE ( 'NONE', #8192, #114, #1032, .T. ) ;
#3132 = CYLINDRICAL_SURFACE ( 'NONE', #7156, 7.399999999999999467 ) ;
#3133 = AXIS2_PLACEMENT_3D ( 'NONE', #8956, #5237, #1491 ) ;
#3134 = VECTOR ( 'NONE', #7125, 1000.000000000000000 ) ;
#3135 = CARTESIAN_POINT ( 'NONE',  ( 1.999999999999999112, 0.2999999999999999889, 4.299999999999999822 ) ) ;
#3136 = VERTEX_POINT ( 'NONE', #246 ) ;
#3137 = DIRECTION ( 'NONE',  ( 0.000000000000000000, -0.9659258262890700886, 0.2588190451025144667 ) ) ;
#3139 = CARTESIAN_POINT ( 'NONE',  ( 3.050555351932489945, 2.498242567300921646, 5.599999999999997868 ) ) ;
#3138 = LINE ( 'NONE', #8997, #7411 ) ;
#3140 = CARTESIAN_POINT ( 'NONE',  ( 0.9000000000000000222, 0.2999999999999999889, 3.794707603699265519E-16 ) ) ;
#3141 = AXIS2_PLACEMENT_3D ( 'NONE', #6694, #9585, #9679 ) ;
#3142 = VECTOR ( 'NONE', #8093, 1000.000000000000000 ) ;
#3143 = VERTEX_POINT ( 'NONE', #3872 ) ;
#3144 = LINE ( 'NONE', #6110, #1655 ) ;
#3145 = CARTESIAN_POINT ( 'NONE',  ( 0.000000000000000000, 4.200000000000000178, 0.000000000000000000 ) ) ;
#3147 = EDGE_LOOP ( 'NONE', ( #8633, #1460, #7598, #6777 ) ) ;
#3146 = CARTESIAN_POINT ( 'NONE',  ( -6.174999999999998046, 4.200000000000000178, 5.599999999999997868 ) ) ;
#3148 = CIRCLE ( 'NONE', #8501, 3.000000000000001332 ) ;
#3149 = AXIS2_PLACEMENT_3D ( 'NONE', #1728, #3844, #214 ) ;
#3150 = CYLINDRICAL_SURFACE ( 'NONE', #1119, 7.399999999999998579 ) ;
#3152 = ORIENTED_EDGE ( 'NONE', *, *, #6421, .F. ) ;
#3151 = PLANE ( 'NONE',  #1898 ) ;
#3153 = DIRECTION ( 'NONE',  ( -0.000000000000000000, -1.000000000000000000, -0.000000000000000000 ) ) ;
#3154 = EDGE_CURVE ( 'NONE', #6138, #3414, #7713, .T. ) ;
#3155 = ADVANCED_FACE ( 'NONE', ( #6827 ), #9225, .T. ) ;
#3156 = EDGE_CURVE ( 'NONE', #8547, #4402, #297, .T. ) ;
#3157 =( BOUNDED_CURVE ( )  B_SPLINE_CURVE ( 3, ( #3419, #5011, #3469, #5612 ),
 .UNSPECIFIED., .F., .F. ) 
 B_SPLINE_CURVE_WITH_KNOTS ( ( 4, 4 ),
 ( 1.570796326794896558, 3.141592653589793116 ),
 .UNSPECIFIED. ) 
 CURVE ( )  GEOMETRIC_REPRESENTATION_ITEM ( )  RATIONAL_B_SPLINE_CURVE ( ( 1.000000000000000000, 0.8047378541243649375, 0.8047378541243649375, 1.000000000000000000 ) ) 
 REPRESENTATION_ITEM ( '' )  );
#3158 = EDGE_CURVE ( 'NONE', #6519, #282, #3823, .T. ) ;
#3159 = VECTOR ( 'NONE', #2267, 1000.000000000000000 ) ;
#3160 = CIRCLE ( 'NONE', #649, 0.1000000000000002554 ) ;
#3161 = FACE_OUTER_BOUND ( 'NONE', #7335, .T. ) ;
#3162 = ORIENTED_EDGE ( 'NONE', *, *, #8447, .F. ) ;
#3164 = VERTEX_POINT ( 'NONE', #9079 ) ;
#3163 = DIRECTION ( 'NONE',  ( -1.000000000000000000, -0.000000000000000000, -0.000000000000000000 ) ) ;
#3165 = DIRECTION ( 'NONE',  ( -0.000000000000000000, -0.000000000000000000, 1.000000000000000000 ) ) ;
#3166 = CARTESIAN_POINT ( 'NONE',  ( 0.8749999999999995559, 0.3000000000000001554, -0.7999999999999988232 ) ) ;
#3167 = VECTOR ( 'NONE', #5799, 1000.000000000000000 ) ;
#3168 = VERTEX_POINT ( 'NONE', #5460 ) ;
#3169 = DIRECTION ( 'NONE',  ( 0.000000000000000000, -1.000000000000000000, 0.000000000000000000 ) ) ;
#3170 = VERTEX_POINT ( 'NONE', #2338 ) ;
#3171 = CIRCLE ( 'NONE', #362, 7.399999999999999467 ) ;
#3173 = ORIENTED_EDGE ( 'NONE', *, *, #2910, .T. ) ;
#3172 = LINE ( 'NONE', #6132, #8090 ) ;
#3174 = CARTESIAN_POINT ( 'NONE',  ( 5.360554318880527802, 4.200000000000000178, -4.955245442390456390 ) ) ;
#3175 = FACE_OUTER_BOUND ( 'NONE', #2410, .T. ) ;
#3176 = ORIENTED_EDGE ( 'NONE', *, *, #7255, .F. ) ;
#3177 = VERTEX_POINT ( 'NONE', #8399 ) ;
#3178 = CARTESIAN_POINT ( 'NONE',  ( -3.813246603095878928, 0.000000000000000000, -4.236643759389941977 ) ) ;
#3180 = FACE_OUTER_BOUND ( 'NONE', #9355, .T. ) ;
#3179 = CARTESIAN_POINT ( 'NONE',  ( 0.2125042906920110997, 2.048280208886990028, 5.149785371212445284 ) ) ;
#3181 = CARTESIAN_POINT ( 'NONE',  ( -4.174999999999998934, 3.450000000000000622, 5.299999999999998046 ) ) ;
#3182 = CARTESIAN_POINT ( 'NONE',  ( 0.6499999999999995781, 1.205866657858800650, 2.686062390081659590 ) ) ;
#3183 = EDGE_CURVE ( 'NONE', #843, #4808, #3148, .T. ) ;
#3184 = DIRECTION ( 'NONE',  ( 0.9063077870366518241, 0.000000000000000000, 0.4226182617406956665 ) ) ;
#3185 = EDGE_LOOP ( 'NONE', ( #4155, #808, #5482, #5625 ) ) ;
#3186 = CIRCLE ( 'NONE', #8692, 0.1000000000000002554 ) ;
#3187 = CARTESIAN_POINT ( 'NONE',  ( -0.3749999999999998890, 0.2999999999999999889, -1.049999999999998934 ) ) ;
#3189 = LINE ( 'NONE', #5473, #9096 ) ;
#3188 = DIRECTION ( 'NONE',  ( -1.636531581110195409E-16, 0.000000000000000000, -1.000000000000000000 ) ) ;
#3190 = CARTESIAN_POINT ( 'NONE',  ( 0.000000000000000000, 4.200000000000000178, 0.000000000000000000 ) ) ;
#3191 = AXIS2_PLACEMENT_3D ( 'NONE', #2442, #1809, #3127 ) ;
#3192 = ORIENTED_EDGE ( 'NONE', *, *, #2735, .T. ) ;
#3193 = CARTESIAN_POINT ( 'NONE',  ( -6.174999999999998046, 3.450000000000000622, 5.299999999999998046 ) ) ;
#3194 = DIRECTION ( 'NONE',  ( 0.000000000000000000, 0.000000000000000000, 1.000000000000000000 ) ) ;
#3196 = ORIENTED_EDGE ( 'NONE', *, *, #9084, .F. ) ;
#3195 = LINE ( 'NONE', #3146, #8105 ) ;
#3197 = VECTOR ( 'NONE', #6178, 1000.000000000000000 ) ;
#3198 = CARTESIAN_POINT ( 'NONE',  ( 3.918869757271530460E-16, -0.6999999999999999556, 3.299999999999998046 ) ) ;
#3200 = ORIENTED_EDGE ( 'NONE', *, *, #6334, .F. ) ;
#3199 = CARTESIAN_POINT ( 'NONE',  ( -0.8750000000000000000, 0.5999999999999999778, -4.499999999999999112 ) ) ;
#3201 = ORIENTED_EDGE ( 'NONE', *, *, #3156, .T. ) ;
#3202 = DIRECTION ( 'NONE',  ( -2.567847250623563393E-16, -1.141265444721583757E-16, 1.000000000000000000 ) ) ;
#3203 = VECTOR ( 'NONE', #863, 1000.000000000000000 ) ;
#3204 = CARTESIAN_POINT ( 'NONE',  ( 0.000000000000000000, 4.200000000000000178, 0.000000000000000000 ) ) ;
#3205 = EDGE_CURVE ( 'NONE', #8682, #7500, #6285, .T. ) ;
#3206 = ORIENTED_EDGE ( 'NONE', *, *, #6833, .T. ) ;
#3208 = ORIENTED_EDGE ( 'NONE', *, *, #3297, .T. ) ;
#3207 = DIRECTION ( 'NONE',  ( 0.000000000000000000, 0.000000000000000000, -1.000000000000000000 ) ) ;
#3210 = ADVANCED_FACE ( 'NONE', ( #2537 ), #8300, .F. ) ;
#3209 = FACE_OUTER_BOUND ( 'NONE', #864, .T. ) ;
#3211 = CARTESIAN_POINT ( 'NONE',  ( 6.700000000000000178, 4.200000000000000178, 6.549999999999997158 ) ) ;
#3213 = ORIENTED_EDGE ( 'NONE', *, *, #9293, .T. ) ;
#3212 = CARTESIAN_POINT ( 'NONE',  ( 0.000000000000000000, 4.200000000000000178, 0.000000000000000000 ) ) ;
#3214 = VECTOR ( 'NONE', #52, 1000.000000000000000 ) ;
#3215 = ORIENTED_EDGE ( 'NONE', *, *, #3702, .T. ) ;
#3216 = ORIENTED_EDGE ( 'NONE', *, *, #666, .F. ) ;
#3217 = VERTEX_POINT ( 'NONE', #136 ) ;
#3218 = CIRCLE ( 'NONE', #9508, 0.5000000000000002220 ) ;
#3219 = EDGE_CURVE ( 'NONE', #2594, #8910, #2682, .T. ) ;
#3220 = EDGE_CURVE ( 'NONE', #8667, #3177, #1757, .T. ) ;
#3221 = EDGE_CURVE ( 'NONE', #515, #5732, #9134, .T. ) ;
#3223 = ORIENTED_EDGE ( 'NONE', *, *, #1297, .T. ) ;
#3222 = LINE ( 'NONE', #2332, #3060 ) ;
#3224 = LINE ( 'NONE', #7906, #144 ) ;
#3225 = CARTESIAN_POINT ( 'NONE',  ( 0.3405298538447090184, 1.847623008644550424, 4.860007623325723891 ) ) ;
#3226 = ORIENTED_EDGE ( 'NONE', *, *, #9140, .F. ) ;
#3227 = ORIENTED_EDGE ( 'NONE', *, *, #5738, .T. ) ;
#3228 = DIRECTION ( 'NONE',  ( -0.000000000000000000, -1.000000000000000000, -0.000000000000000000 ) ) ;
#3230 = LINE ( 'NONE', #3514, #9420 ) ;
#3229 = LINE ( 'NONE', #1081, #5540 ) ;
#3231 = CARTESIAN_POINT ( 'NONE',  ( -0.3750000000000000000, 1.495644405745522043, 2.608416676550905144 ) ) ;
#3232 = AXIS2_PLACEMENT_3D ( 'NONE', #8952, #746, #702 ) ;
#3233 = ORIENTED_EDGE ( 'NONE', *, *, #5405, .F. ) ;
#3234 = CARTESIAN_POINT ( 'NONE',  ( -1.999999999999999112, 0.5999999999999998668, 4.299999999999999822 ) ) ;
#3235 = VERTEX_POINT ( 'NONE', #4772 ) ;
#3236 = FACE_OUTER_BOUND ( 'NONE', #7957, .T. ) ;
#3237 = ORIENTED_EDGE ( 'NONE', *, *, #4444, .T. ) ;
#3238 = EDGE_CURVE ( 'NONE', #90, #1638, #1656, .T. ) ;
#3239 = CARTESIAN_POINT ( 'NONE',  ( -1.899999999999999023, 0.2999999999999999889, -1.224999999999999423 ) ) ;
#3241 = LINE ( 'NONE', #5425, #1398 ) ;
#3240 = CYLINDRICAL_SURFACE ( 'NONE', #5223, 0.5999999999999998668 ) ;
#3242 = PLANE ( 'NONE',  #220 ) ;
#3243 = VERTEX_POINT ( 'NONE', #5877 ) ;
#3244 = LINE ( 'NONE', #6846, #5443 ) ;
#3245 = DIRECTION ( 'NONE',  ( 0.000000000000000000, -0.000000000000000000, 1.000000000000000000 ) ) ;
#3247 = VERTEX_POINT ( 'NONE', #4301 ) ;
#3246 = PLANE ( 'NONE',  #4240 ) ;
#3248 = DIRECTION ( 'NONE',  ( -0.3746065934159064637, -0.000000000000000000, 0.9271838545667896447 ) ) ;
#3250 = ORIENTED_EDGE ( 'NONE', *, *, #1012, .T. ) ;
#3249 = PLANE ( 'NONE',  #6461 ) ;
#3251 = CARTESIAN_POINT ( 'NONE',  ( 2.157866156935102087, 3.003817488687372528, 5.599999999999997868 ) ) ;
#3252 = ORIENTED_EDGE ( 'NONE', *, *, #2463, .T. ) ;
#3253 = EDGE_CURVE ( 'NONE', #5051, #7339, #658, .T. ) ;
#3254 = DIRECTION ( 'NONE',  ( 0.000000000000000000, 0.000000000000000000, -1.000000000000000000 ) ) ;
#3255 = EDGE_LOOP ( 'NONE', ( #8055, #1975, #3905, #8252 ) ) ;
#3257 = ORIENTED_EDGE ( 'NONE', *, *, #6805, .T. ) ;
#3256 = CARTESIAN_POINT ( 'NONE',  ( 2.321277911634232360, 2.323158544408997717, 2.299999999999997602 ) ) ;
#3258 = DIRECTION ( 'NONE',  ( -1.000000000000000000, 0.000000000000000000, -0.000000000000000000 ) ) ;
#3259 = LINE ( 'NONE', #2668, #2086 ) ;
#3261 = VERTEX_POINT ( 'NONE', #4347 ) ;
#3260 = CARTESIAN_POINT ( 'NONE',  ( -3.549999999999998490, 0.2999999999999999889, 0.3000000000000003775 ) ) ;
#3262 = ORIENTED_EDGE ( 'NONE', *, *, #1902, .F. ) ;
#3263 = EDGE_LOOP ( 'NONE', ( #5990, #6679, #5568, #6149 ) ) ;
#3264 = AXIS2_PLACEMENT_3D ( 'NONE', #6670, #2176, #768 ) ;
#3265 = ORIENTED_EDGE ( 'NONE', *, *, #6175, .T. ) ;
#3267 = VERTEX_POINT ( 'NONE', #7343 ) ;
#3266 = CARTESIAN_POINT ( 'NONE',  ( 7.241636132661928293, 4.200000000000000178, -0.9212524746915279339 ) ) ;
#3268 = CARTESIAN_POINT ( 'NONE',  ( 0.1016177428604584515, 2.510155921075887697, 5.149785371212445284 ) ) ;
#3269 = DIRECTION ( 'NONE',  ( 1.000000000000000000, 0.000000000000000000, -4.251773225433351640E-17 ) ) ;
#3270 = ORIENTED_EDGE ( 'NONE', *, *, #8690, .T. ) ;
#3271 = CARTESIAN_POINT ( 'NONE',  ( 4.300000000000000711, 4.200000000000000178, 5.299999999999998046 ) ) ;
#3273 = DIRECTION ( 'NONE',  ( -1.000000000000000000, -0.000000000000000000, -0.000000000000000000 ) ) ;
#3272 = FACE_OUTER_BOUND ( 'NONE', #6243, .T. ) ;
#3274 = FACE_OUTER_BOUND ( 'NONE', #1548, .T. ) ;
#3275 = ADVANCED_FACE ( 'NONE', ( #4825 ), #6609, .T. ) ;
#3276 = ADVANCED_FACE ( 'NONE', ( #1344 ), #8722, .T. ) ;
#3277 = EDGE_CURVE ( 'NONE', #1057, #6766, #5139, .T. ) ;
#3278 = VERTEX_POINT ( 'NONE', #9602 ) ;
#3279 = CARTESIAN_POINT ( 'NONE',  ( -1.490087346361316012, -0.3577383210353988208, 4.245099467566001650 ) ) ;
#3280 = ORIENTED_EDGE ( 'NONE', *, *, #4183, .T. ) ;
#3281 = DIRECTION ( 'NONE',  ( 0.000000000000000000, 0.000000000000000000, 1.000000000000000000 ) ) ;
#3282 = ORIENTED_EDGE ( 'NONE', *, *, #898, .T. ) ;
#3283 = AXIS2_PLACEMENT_3D ( 'NONE', #6478, #611, #567 ) ;
#3284 = CIRCLE ( 'NONE', #2805, 0.2999999999999999334 ) ;
#3285 = VECTOR ( 'NONE', #4188, 999.9999999999998863 ) ;
#3286 = CARTESIAN_POINT ( 'NONE',  ( -0.8999999999999999112, 0.3500000000000007550, -6.690000000000003944 ) ) ;
#3288 = CARTESIAN_POINT ( 'NONE',  ( 0.000000000000000000, 4.200000000000000178, 0.000000000000000000 ) ) ;
#3287 = CARTESIAN_POINT ( 'NONE',  ( -0.6499999999999995781, 1.147632372710735149, 2.468729079166619655 ) ) ;
#3289 = LINE ( 'NONE', #5575, #7756 ) ;
#3290 = AXIS2_PLACEMENT_3D ( 'NONE', #1114, #226, #5490 ) ;
#3291 = AXIS2_PLACEMENT_3D ( 'NONE', #2888, #9583, #543 ) ;
#3292 = EDGE_LOOP ( 'NONE', ( #9215, #42, #6321, #238 ) ) ;
#3293 = LINE ( 'NONE', #3940, #3693 ) ;
#3294 = CARTESIAN_POINT ( 'NONE',  ( 3.918869757271534404E-16, -0.6999999999999999556, -4.200000000000001066 ) ) ;
#3296 = ORIENTED_EDGE ( 'NONE', *, *, #695, .F. ) ;
#3295 = CARTESIAN_POINT ( 'NONE',  ( 7.374584718483434997, 0.000000000000000000, 0.6127807355902907815 ) ) ;
#3297 = EDGE_CURVE ( 'NONE', #5794, #1339, #5779, .T. ) ;
#3298 = CARTESIAN_POINT ( 'NONE',  ( -3.749999999999999112, 0.2999999999999999889, 1.325000000000000400 ) ) ;
#3300 = ORIENTED_EDGE ( 'NONE', *, *, #6928, .F. ) ;
#3299 = DIRECTION ( 'NONE',  ( -2.710505431213760099E-16, 0.000000000000000000, 1.000000000000000000 ) ) ;
#3301 = AXIS2_PLACEMENT_3D ( 'NONE', #5332, #4439, #9689 ) ;
#3302 = LINE ( 'NONE', #5587, #310 ) ;
#3303 = CIRCLE ( 'NONE', #8792, 7.300000000000002487 ) ;
#3304 = EDGE_CURVE ( 'NONE', #833, #8848, #1385, .T. ) ;
#3305 = VECTOR ( 'NONE', #5956, 1000.000000000000000 ) ;
#3306 = VECTOR ( 'NONE', #2708, 1000.000000000000000 ) ;
#3307 = EDGE_LOOP ( 'NONE', ( #5923, #7927, #5837, #6956 ) ) ;
#3309 = EDGE_LOOP ( 'NONE', ( #5935, #8980, #2988, #1587 ) ) ;
#3308 = CARTESIAN_POINT ( 'NONE',  ( 7.100000000000005862, 4.200000000000000178, 7.245021576138443087E-15 ) ) ;
#3310 = CARTESIAN_POINT ( 'NONE',  ( 4.549999999999999822, 4.200000000000000178, 5.849999999999999645 ) ) ;
#3311 = FACE_OUTER_BOUND ( 'NONE', #3263, .T. ) ;
#3312 = ADVANCED_FACE ( 'NONE', ( #2861 ), #7301, .F. ) ;
#3314 = EDGE_LOOP ( 'NONE', ( #3476, #2778, #4945, #6614 ) ) ;
#3313 = DIRECTION ( 'NONE',  ( -0.000000000000000000, -1.000000000000000000, -0.000000000000000000 ) ) ;
#3315 = EDGE_CURVE ( 'NONE', #175, #3120, #1247, .T. ) ;
#3316 = ORIENTED_EDGE ( 'NONE', *, *, #6883, .T. ) ;
#3317 = ORIENTED_EDGE ( 'NONE', *, *, #6298, .T. ) ;
#3318 = CIRCLE ( 'NONE', #8656, 7.399999999999998579 ) ;
#3319 = VECTOR ( 'NONE', #2094, 1000.000000000000227 ) ;
#3320 = VECTOR ( 'NONE', #3790, 1000.000000000000000 ) ;
#3322 = VERTEX_POINT ( 'NONE', #8766 ) ;
#3321 = DIRECTION ( 'NONE',  ( -1.000000000000000000, 0.000000000000000000, -0.000000000000000000 ) ) ;
#3323 = VECTOR ( 'NONE', #1824, 1000.000000000000227 ) ;
#3324 = DIRECTION ( 'NONE',  ( -1.000000000000000000, 0.000000000000000000, 0.000000000000000000 ) ) ;
#3325 = VERTEX_POINT ( 'NONE', #3501 ) ;
#3326 = VERTEX_POINT ( 'NONE', #6516 ) ;
#3327 = CARTESIAN_POINT ( 'NONE',  ( -6.699999999999998401, 4.200000000000000178, 6.549999999999998934 ) ) ;
#3329 = FACE_OUTER_BOUND ( 'NONE', #2427, .T. ) ;
#3328 = DIRECTION ( 'NONE',  ( 0.000000000000000000, 0.000000000000000000, 1.000000000000000000 ) ) ;
#3330 = CARTESIAN_POINT ( 'NONE',  ( -0.3750000000000000000, 1.100000000000000311, -0.7999999999999988232 ) ) ;
#3331 = ADVANCED_FACE ( 'NONE', ( #2021 ), #9507, .T. ) ;
#3332 = ORIENTED_EDGE ( 'NONE', *, *, #635, .T. ) ;
#3333 = DIRECTION ( 'NONE',  ( -8.068481283613056781E-16, 0.000000000000000000, -1.000000000000000000 ) ) ;
#3334 = ADVANCED_FACE ( 'NONE', ( #7399 ), #8963, .F. ) ;
#3335 = EDGE_CURVE ( 'NONE', #6488, #1712, #5207, .T. ) ;
#3336 = EDGE_CURVE ( 'NONE', #1535, #6038, #5376, .T. ) ;
#3337 = CARTESIAN_POINT ( 'NONE',  ( 7.210338479410735246, 4.200000000000000178, -1.664637802144620204 ) ) ;
#3338 = ORIENTED_EDGE ( 'NONE', *, *, #5071, .F. ) ;
#3339 = VECTOR ( 'NONE', #2740, 1000.000000000000000 ) ;
#3340 = LINE ( 'NONE', #7223, #2201 ) ;
#3341 = EDGE_CURVE ( 'NONE', #9070, #7056, #3625, .T. ) ;
#3343 = DIRECTION ( 'NONE',  ( 0.000000000000000000, 0.000000000000000000, -1.000000000000000000 ) ) ;
#3342 = DIRECTION ( 'NONE',  ( -0.9676937674929102506, 0.000000000000000000, 0.2521284838239766235 ) ) ;
#3344 = DIRECTION ( 'NONE',  ( 0.000000000000000000, -0.000000000000000000, 1.000000000000000000 ) ) ;
#3345 = VERTEX_POINT ( 'NONE', #342 ) ;
#3346 = EDGE_CURVE ( 'NONE', #3164, #2975, #9546, .T. ) ;
#3347 = CARTESIAN_POINT ( 'NONE',  ( 2.157866156935102087, 3.003817488687372528, 5.599999999999997868 ) ) ;
#3348 = DIRECTION ( 'NONE',  ( 0.000000000000000000, 1.000000000000000000, 0.000000000000000000 ) ) ;
#3350 = ORIENTED_EDGE ( 'NONE', *, *, #8988, .T. ) ;
#3349 = CARTESIAN_POINT ( 'NONE',  ( -6.174999999999998046, 0.5999999999999998668, 5.299999999999998046 ) ) ;
#3351 = DIRECTION ( 'NONE',  ( -0.000000000000000000, -1.000000000000000000, -0.000000000000000000 ) ) ;
#3353 = ORIENTED_EDGE ( 'NONE', *, *, #7647, .T. ) ;
#3352 = DIRECTION ( 'NONE',  ( -0.000000000000000000, -1.000000000000000000, -0.000000000000000000 ) ) ;
#3354 = AXIS2_PLACEMENT_3D ( 'NONE', #6158, #312, #9149 ) ;
#3355 = CYLINDRICAL_SURFACE ( 'NONE', #6274, 7.399999999999999467 ) ;
#3356 = VECTOR ( 'NONE', #5670, 1000.000000000000000 ) ;
#3357 = VECTOR ( 'NONE', #8534, 1000.000000000000000 ) ;
#3358 = AXIS2_PLACEMENT_3D ( 'NONE', #4719, #3875, #5463 ) ;
#3359 = ORIENTED_EDGE ( 'NONE', *, *, #1340, .T. ) ;
#3361 = EDGE_LOOP ( 'NONE', ( #5154, #9513, #2314, #1140 ) ) ;
#3360 = DIRECTION ( 'NONE',  ( 0.000000000000000000, 0.9659258262890699775, -0.2588190451025145777 ) ) ;
#3362 = LINE ( 'NONE', #7796, #5033 ) ;
#3363 = CYLINDRICAL_SURFACE ( 'NONE', #7599, 1.500000000000000000 ) ;
#3365 = ORIENTED_EDGE ( 'NONE', *, *, #1663, .F. ) ;
#3364 = DIRECTION ( 'NONE',  ( 1.636531581110195409E-16, 0.000000000000000000, -1.000000000000000000 ) ) ;
#3366 = ORIENTED_EDGE ( 'NONE', *, *, #1160, .F. ) ;
#3367 = VECTOR ( 'NONE', #169, 1000.000000000000114 ) ;
#3368 = ORIENTED_EDGE ( 'NONE', *, *, #4777, .F. ) ;
#3369 = EDGE_LOOP ( 'NONE', ( #5044, #6561, #8812, #9536 ) ) ;
#3371 = ORIENTED_EDGE ( 'NONE', *, *, #6146, .T. ) ;
#3370 = CARTESIAN_POINT ( 'NONE',  ( -0.3750000000000000000, 1.100000000000000311, -0.7999999999999988232 ) ) ;
#3372 = VECTOR ( 'NONE', #8647, 1000.000000000000114 ) ;
#3373 = CARTESIAN_POINT ( 'NONE',  ( 3.813246603095878928, 0.5999999999999999778, -4.036643759389941799 ) ) ;
#3374 = DIRECTION ( 'NONE',  ( 0.000000000000000000, 0.000000000000000000, 1.000000000000000000 ) ) ;
#3375 = ORIENTED_EDGE ( 'NONE', *, *, #1566, .F. ) ;
#3377 = DIRECTION ( 'NONE',  ( 3.097720492815722728E-16, 1.703746271048647599E-15, -1.000000000000000000 ) ) ;
#3376 = LINE ( 'NONE', #7033, #359 ) ;
#3378 = EDGE_CURVE ( 'NONE', #1463, #3442, #2070, .T. ) ;
#3379 = ADVANCED_FACE ( 'NONE', ( #9464 ), #811, .F. ) ;
#3380 = LINE ( 'NONE', #4172, #7452 ) ;
#3381 = AXIS2_PLACEMENT_3D ( 'NONE', #5741, #5005, #4863 ) ;
#3382 = VERTEX_POINT ( 'NONE', #8180 ) ;
#3383 = DIRECTION ( 'NONE',  ( -0.2334453638558993405, 0.9723699203976780003, 7.217479547926803943E-17 ) ) ;
#3384 = ORIENTED_EDGE ( 'NONE', *, *, #2125, .F. ) ;
#3385 = LINE ( 'NONE', #7136, #8050 ) ;
#3386 = EDGE_LOOP ( 'NONE', ( #4048, #1873, #4762, #6170 ) ) ;
#3387 = AXIS2_PLACEMENT_3D ( 'NONE', #4600, #3207, #5395 ) ;
#3388 = DIRECTION ( 'NONE',  ( 0.3826834323650874503, -0.000000000000000000, 0.9238795325112877377 ) ) ;
#3390 = CARTESIAN_POINT ( 'NONE',  ( 0.000000000000000000, 0.5999999999999999778, 0.000000000000000000 ) ) ;
#3389 = DIRECTION ( 'NONE',  ( -0.000000000000000000, -1.000000000000000000, -0.000000000000000000 ) ) ;
#3391 = CARTESIAN_POINT ( 'NONE',  ( 0.000000000000000000, 0.000000000000000000, 0.000000000000000000 ) ) ;
#3392 = VECTOR ( 'NONE', #2705, 999.9999999999998863 ) ;
#3393 = PLANE ( 'NONE',  #9307 ) ;
#3394 = LINE ( 'NONE', #1958, #8208 ) ;
#3396 = VERTEX_POINT ( 'NONE', #1536 ) ;
#3395 = CARTESIAN_POINT ( 'NONE',  ( 4.549999999999999822, 4.200000000000000178, 8.049999999999998934 ) ) ;
#3397 = CARTESIAN_POINT ( 'NONE',  ( 0.6000000000000000888, 1.244188384379823598, 2.675794114407785251 ) ) ;
#3399 = VERTEX_POINT ( 'NONE', #8375 ) ;
#3398 = CARTESIAN_POINT ( 'NONE',  ( 0.000000000000000000, 0.000000000000000000, 0.000000000000000000 ) ) ;
#3400 = DIRECTION ( 'NONE',  ( 1.000000000000000000, 0.000000000000000000, 2.710505431213760592E-16 ) ) ;
#3401 = EDGE_CURVE ( 'NONE', #7691, #432, #9127, .T. ) ;
#3402 = EDGE_CURVE ( 'NONE', #870, #4906, #7401, .T. ) ;
#3403 = ADVANCED_FACE ( 'NONE', ( #809 ), #7592, .T. ) ;
#3405 = ORIENTED_EDGE ( 'NONE', *, *, #7591, .F. ) ;
#3404 = PLANE ( 'NONE',  #3698 ) ;
#3406 = DIRECTION ( 'NONE',  ( 0.000000000000000000, 0.000000000000000000, 1.000000000000000000 ) ) ;
#3407 = LINE ( 'NONE', #8586, #6180 ) ;
#3409 = ORIENTED_EDGE ( 'NONE', *, *, #7483, .T. ) ;
#3408 = CARTESIAN_POINT ( 'NONE',  ( 0.8749999999999995559, 0.5999999999999999778, -0.7999999999999988232 ) ) ;
#3410 = ORIENTED_EDGE ( 'NONE', *, *, #4371, .T. ) ;
#3411 = VERTEX_POINT ( 'NONE', #8323 ) ;
#3412 = ORIENTED_EDGE ( 'NONE', *, *, #2277, .F. ) ;
#3414 = VERTEX_POINT ( 'NONE', #8909 ) ;
#3413 = DIRECTION ( 'NONE',  ( 0.2036417511401808766, 0.000000000000000000, -0.9790454724845830681 ) ) ;
#3415 = DIRECTION ( 'NONE',  ( 0.2334453638558993960, 0.9723699203976781114, 3.320040592046328162E-15 ) ) ;
#3416 = CARTESIAN_POINT ( 'NONE',  ( 1.782100968893422399, 4.200000000000000178, 6.840201765403918444 ) ) ;
#3417 = ORIENTED_EDGE ( 'NONE', *, *, #1302, .T. ) ;
#3418 = CARTESIAN_POINT ( 'NONE',  ( -6.273666803960597171, 4.200000000000000178, -3.732439528362500258 ) ) ;
#3419 = CARTESIAN_POINT ( 'NONE',  ( -0.3750000000000000000, 1.437410120597456098, 2.391083365635864322 ) ) ;
#3420 = EDGE_CURVE ( 'NONE', #9155, #6911, #2213, .T. ) ;
#3421 = ORIENTED_EDGE ( 'NONE', *, *, #6146, .F. ) ;
#3422 = AXIS2_PLACEMENT_3D ( 'NONE', #6482, #8642, #7909 ) ;
#3423 = CYLINDRICAL_SURFACE ( 'NONE', #6518, 3.300000000000001155 ) ;
#3424 = LINE ( 'NONE', #7273, #8990 ) ;
#3425 = ORIENTED_EDGE ( 'NONE', *, *, #4035, .F. ) ;
#3426 = CYLINDRICAL_SURFACE ( 'NONE', #6763, 7.300000000000002487 ) ;
#3428 = CARTESIAN_POINT ( 'NONE',  ( -4.549999999999998934, 0.5999999999999998668, 5.299999999999998046 ) ) ;
#3427 = CARTESIAN_POINT ( 'NONE',  ( 2.679422320239426725, 0.5999999999999998668, -5.812116312480574365 ) ) ;
#3429 = EDGE_CURVE ( 'NONE', #5693, #926, #1635, .T. ) ;
#3430 = AXIS2_PLACEMENT_3D ( 'NONE', #9636, #9048, #1576 ) ;
#3431 = ADVANCED_FACE ( 'NONE', ( #115 ), #3744, .T. ) ;
#3432 = CARTESIAN_POINT ( 'NONE',  ( 0.9750000000000006439, 0.2999999999999999889, -4.599999999999999645 ) ) ;
#3433 = EDGE_CURVE ( 'NONE', #7739, #4005, #8959, .T. ) ;
#3434 = DIRECTION ( 'NONE',  ( -1.000000000000000000, -0.000000000000000000, -2.710505431213760099E-16 ) ) ;
#3435 = VECTOR ( 'NONE', #2080, 1000.000000000000000 ) ;
#3436 = CIRCLE ( 'NONE', #9720, 0.2250000000000000888 ) ;
#3437 = CARTESIAN_POINT ( 'NONE',  ( 5.424999999999998046, 1.599999999999996758, 5.900000000000001243 ) ) ;
#3439 = VERTEX_POINT ( 'NONE', #2953 ) ;
#3438 = CARTESIAN_POINT ( 'NONE',  ( -1.050000000000000044, 0.000000000000000000, -6.190000000000002167 ) ) ;
#3440 = FACE_BOUND ( 'NONE', #7216, .T. ) ;
#3442 = VERTEX_POINT ( 'NONE', #2165 ) ;
#3441 = CARTESIAN_POINT ( 'NONE',  ( 0.000000000000000000, 4.200000000000000178, 0.000000000000000000 ) ) ;
#3443 = AXIS2_PLACEMENT_3D ( 'NONE', #3288, #7726, #6152 ) ;
#3444 = DIRECTION ( 'NONE',  ( 0.000000000000000000, 1.000000000000000000, 0.000000000000000000 ) ) ;
#3445 = CIRCLE ( 'NONE', #5181, 0.3749999999999998890 ) ;
#3446 = EDGE_CURVE ( 'NONE', #2568, #277, #908, .T. ) ;
#3447 = AXIS2_PLACEMENT_3D ( 'NONE', #3416, #4310, #6479 ) ;
#3449 = ORIENTED_EDGE ( 'NONE', *, *, #4777, .T. ) ;
#3448 = LINE ( 'NONE', #7978, #5604 ) ;
#3450 = AXIS2_PLACEMENT_3D ( 'NONE', #7050, #3946, #8522 ) ;
#3451 = EDGE_CURVE ( 'NONE', #5747, #7415, #6707, .T. ) ;
#3452 = AXIS2_PLACEMENT_3D ( 'NONE', #8679, #4956, #1928 ) ;
#3453 = LINE ( 'NONE', #1158, #1400 ) ;
#3455 = EDGE_LOOP ( 'NONE', ( #4174, #3421, #7683, #6109 ) ) ;
#3454 = CARTESIAN_POINT ( 'NONE',  ( -3.890140309090414306, 4.066025403784439440, -4.435854864125960084 ) ) ;
#3456 = EDGE_CURVE ( 'NONE', #777, #3580, #9692, .T. ) ;
#3457 = EDGE_CURVE ( 'NONE', #661, #5100, #4642, .T. ) ;
#3458 = EDGE_CURVE ( 'NONE', #4808, #8019, #2222, .T. ) ;
#3459 = AXIS2_PLACEMENT_3D ( 'NONE', #7524, #1573, #2892 ) ;
#3460 = AXIS2_PLACEMENT_3D ( 'NONE', #6365, #2609, #2656 ) ;
#3462 = EDGE_LOOP ( 'NONE', ( #9523, #8927, #6368, #2425 ) ) ;
#3461 = DIRECTION ( 'NONE',  ( 0.000000000000000000, 0.000000000000000000, -1.000000000000000000 ) ) ;
#3463 = CARTESIAN_POINT ( 'NONE',  ( -1.649999999999996136, 0.5999999999999999778, 4.300000000000000711 ) ) ;
#3464 = PLANE ( 'NONE',  #1413 ) ;
#3465 = VERTEX_POINT ( 'NONE', #7539 ) ;
#3466 = VECTOR ( 'NONE', #928, 999.9999999999998863 ) ;
#3467 = ORIENTED_EDGE ( 'NONE', *, *, #4801, .T. ) ;
#3468 = DIRECTION ( 'NONE',  ( 0.000000000000000000, 1.000000000000000000, -0.000000000000000000 ) ) ;
#3469 = CARTESIAN_POINT ( 'NONE',  ( -0.4681980515339463356, 1.457322679224499540, 2.618684952224779039 ) ) ;
#3470 = AXIS2_PLACEMENT_3D ( 'NONE', #69, #1589, #3895 ) ;
#3471 = AXIS2_PLACEMENT_3D ( 'NONE', #8256, #9135, #3082 ) ;
#3472 = ORIENTED_EDGE ( 'NONE', *, *, #6060, .T. ) ;
#3473 = DIRECTION ( 'NONE',  ( 0.000000000000000000, -1.000000000000000000, -1.442810774098246915E-15 ) ) ;
#3474 = ADVANCED_FACE ( 'NONE', ( #6894 ), #4494, .F. ) ;
#3475 = CYLINDRICAL_SURFACE ( 'NONE', #7583, 0.2250000000000000333 ) ;
#3476 = ORIENTED_EDGE ( 'NONE', *, *, #2853, .T. ) ;
#3477 = CARTESIAN_POINT ( 'NONE',  ( 2.319379539477045338, 0.000000000000000000, -5.206772373731661574 ) ) ;
#3479 = DIRECTION ( 'NONE',  ( 0.000000000000000000, 0.000000000000000000, -1.000000000000000000 ) ) ;
#3478 = DIRECTION ( 'NONE',  ( 0.000000000000000000, 0.000000000000000000, -1.000000000000000000 ) ) ;
#3480 = LINE ( 'NONE', #1144, #3356 ) ;
#3481 = AXIS2_PLACEMENT_3D ( 'NONE', #5477, #8464, #7734 ) ;
#3482 = EDGE_CURVE ( 'NONE', #3322, #5754, #1495, .T. ) ;
#3483 = DIRECTION ( 'NONE',  ( -0.7489557207890041868, 0.000000000000000000, 0.6626200482157351690 ) ) ;
#3484 = LINE ( 'NONE', #4089, #6790 ) ;
#3485 = CARTESIAN_POINT ( 'NONE',  ( 1.324999999999998401, 0.5999999999999999778, -4.599999999999999645 ) ) ;
#3487 = ORIENTED_EDGE ( 'NONE', *, *, #4862, .T. ) ;
#3486 = DIRECTION ( 'NONE',  ( -0.000000000000000000, -1.000000000000000000, -0.000000000000000000 ) ) ;
#3488 = ORIENTED_EDGE ( 'NONE', *, *, #6107, .T. ) ;
#3489 = CARTESIAN_POINT ( 'NONE',  ( 0.000000000000000000, 0.000000000000000000, 0.000000000000000000 ) ) ;
#3491 = ORIENTED_EDGE ( 'NONE', *, *, #1066, .T. ) ;
#3490 = LINE ( 'NONE', #6502, #8183 ) ;
#3492 = DIRECTION ( 'NONE',  ( -0.000000000000000000, -1.000000000000000000, -0.000000000000000000 ) ) ;
#3493 = EDGE_CURVE ( 'NONE', #4808, #6705, #15, .T. ) ;
#3495 = ORIENTED_EDGE ( 'NONE', *, *, #5528, .T. ) ;
#3494 = LINE ( 'NONE', #4196, #5904 ) ;
#3496 = EDGE_CURVE ( 'NONE', #1173, #9449, #9011, .T. ) ;
#3497 = AXIS2_PLACEMENT_3D ( 'NONE', #1187, #8010, #7877 ) ;
#3498 = DIRECTION ( 'NONE',  ( 0.6368791512607744343, -0.2588190451025205174, -0.7262214872761443285 ) ) ;
#3500 = ORIENTED_EDGE ( 'NONE', *, *, #719, .T. ) ;
#3499 = FACE_OUTER_BOUND ( 'NONE', #3386, .T. ) ;
#3501 = CARTESIAN_POINT ( 'NONE',  ( 1.424999999999999156, 0.2999999999999999889, -4.499999999999999112 ) ) ;
#3502 = ORIENTED_EDGE ( 'NONE', *, *, #6509, .T. ) ;
#3503 = VECTOR ( 'NONE', #5529, 999.9999999999998863 ) ;
#3504 = AXIS2_PLACEMENT_3D ( 'NONE', #6671, #8387, #1606 ) ;
#3505 = EDGE_LOOP ( 'NONE', ( #233, #8609, #1245, #8833 ) ) ;
#3506 = EDGE_CURVE ( 'NONE', #7691, #2721, #2611, .T. ) ;
#3507 = ADVANCED_FACE ( 'NONE', ( #5439 ), #4097, .F. ) ;
#3509 = VERTEX_POINT ( 'NONE', #7106 ) ;
#3508 = PLANE ( 'NONE',  #4644 ) ;
#3510 = DIRECTION ( 'NONE',  ( 1.000000000000000000, -0.000000000000000000, 0.000000000000000000 ) ) ;
#3511 = CARTESIAN_POINT ( 'NONE',  ( 0.000000000000000000, 4.200000000000000178, 0.000000000000000000 ) ) ;
#3512 = AXIS2_PLACEMENT_3D ( 'NONE', #3011, #1680, #72 ) ;
#3513 = ORIENTED_EDGE ( 'NONE', *, *, #3010, .T. ) ;
#3514 = CARTESIAN_POINT ( 'NONE',  ( 1.050000000000000044, 0.000000000000000000, -7.399999999999999467 ) ) ;
#3515 = CARTESIAN_POINT ( 'NONE',  ( 1.999999999999999112, 4.200000000000000178, -4.957007724752754640 ) ) ;
#3516 = EDGE_CURVE ( 'NONE', #7400, #2795, #9254, .T. ) ;
#3517 = EDGE_CURVE ( 'NONE', #4641, #3345, #4419, .T. ) ;
#3518 = EDGE_CURVE ( 'NONE', #663, #8386, #9156, .T. ) ;
#3519 = AXIS2_PLACEMENT_3D ( 'NONE', #2986, #788, #3085 ) ;
#3520 = EDGE_CURVE ( 'NONE', #7415, #432, #1006, .T. ) ;
#3522 = ORIENTED_EDGE ( 'NONE', *, *, #2500, .T. ) ;
#3521 = DIRECTION ( 'NONE',  ( 0.000000000000000000, 0.000000000000000000, 1.000000000000000000 ) ) ;
#3523 = ORIENTED_EDGE ( 'NONE', *, *, #6411, .T. ) ;
#3524 = CARTESIAN_POINT ( 'NONE',  ( -2.321277911634230584, 2.323158544409007487, 2.299999999999995826 ) ) ;
#3525 = VERTEX_POINT ( 'NONE', #5538 ) ;
#3526 = CARTESIAN_POINT ( 'NONE',  ( -0.8999999999999989120, 0.3000000000000012101, -10.49000000000000199 ) ) ;
#3528 = DIRECTION ( 'NONE',  ( -0.000000000000000000, -1.000000000000000000, -0.000000000000000000 ) ) ;
#3527 = CARTESIAN_POINT ( 'NONE',  ( -0.9000000000000000222, 0.5999999999999999778, -5.390000000000001457 ) ) ;
#3529 = PLANE ( 'NONE',  #5719 ) ;
#3530 = VECTOR ( 'NONE', #1359, 1000.000000000000000 ) ;
#3531 = DIRECTION ( 'NONE',  ( -0.000000000000000000, 1.000000000000000000, -0.000000000000000000 ) ) ;
#3532 = AXIS2_PLACEMENT_3D ( 'NONE', #3753, #8870, #2225 ) ;
#3533 = CARTESIAN_POINT ( 'NONE',  ( -2.274999999999999467, 0.5999999999999999778, -0.2999999999999996558 ) ) ;
#3534 = CYLINDRICAL_SURFACE ( 'NONE', #8515, 2.199999999999998845 ) ;
#3536 = ORIENTED_EDGE ( 'NONE', *, *, #7551, .T. ) ;
#3535 = CARTESIAN_POINT ( 'NONE',  ( -0.8999999999999989120, 0.3000000000000012101, -10.49000000000000199 ) ) ;
#3537 = VERTEX_POINT ( 'NONE', #6367 ) ;
#3538 = DIRECTION ( 'NONE',  ( 0.000000000000000000, 0.000000000000000000, 1.000000000000000000 ) ) ;
#3540 = ORIENTED_EDGE ( 'NONE', *, *, #1133, .T. ) ;
#3539 = CARTESIAN_POINT ( 'NONE',  ( -4.549999999999998934, 0.5999999999999999778, 5.849999999999997868 ) ) ;
#3541 = DIRECTION ( 'NONE',  ( 0.000000000000000000, 0.000000000000000000, -1.000000000000000000 ) ) ;
#3542 = AXIS2_PLACEMENT_3D ( 'NONE', #1531, #4535, #4684 ) ;
#3544 = ORIENTED_EDGE ( 'NONE', *, *, #2579, .F. ) ;
#3543 = CARTESIAN_POINT ( 'NONE',  ( 0.000000000000000000, 4.200000000000000178, 0.000000000000000000 ) ) ;
#3545 = LINE ( 'NONE', #462, #5664 ) ;
#3546 =( NAMED_UNIT ( * ) SI_UNIT ( $, .STERADIAN. ) SOLID_ANGLE_UNIT ( ) );
#3548 = EDGE_LOOP ( 'NONE', ( #64, #7507, #6439, #5775 ) ) ;
#3547 = PLANE ( 'NONE',  #5685 ) ;
#3549 = CARTESIAN_POINT ( 'NONE',  ( 0.000000000000000000, 4.200000000000000178, 0.000000000000000000 ) ) ;
#3550 = VERTEX_POINT ( 'NONE', #8618 ) ;
#3551 = EDGE_CURVE ( 'NONE', #7454, #385, #371, .T. ) ;
#3552 = ORIENTED_EDGE ( 'NONE', *, *, #3451, .F. ) ;
#3554 = ORIENTED_EDGE ( 'NONE', *, *, #250, .T. ) ;
#3553 = LINE ( 'NONE', #8088, #9350 ) ;
#3555 = CARTESIAN_POINT ( 'NONE',  ( 0.000000000000000000, 4.200000000000000178, 0.000000000000000000 ) ) ;
#3556 = PLANE ( 'NONE',  #5672 ) ;
#3557 = VERTEX_POINT ( 'NONE', #1155 ) ;
#3558 = VERTEX_POINT ( 'NONE', #6949 ) ;
#3559 = DIRECTION ( 'NONE',  ( 0.000000000000000000, 0.000000000000000000, 1.000000000000000000 ) ) ;
#3560 = LINE ( 'NONE', #2177, #694 ) ;
#3561 = VERTEX_POINT ( 'NONE', #216 ) ;
#3563 = VERTEX_POINT ( 'NONE', #1679 ) ;
#3562 = DIRECTION ( 'NONE',  ( -0.000000000000000000, -0.000000000000000000, -1.000000000000000000 ) ) ;
#3564 = ORIENTED_EDGE ( 'NONE', *, *, #5577, .F. ) ;
#3565 = DIRECTION ( 'NONE',  ( -0.9676937674929103617, 0.000000000000000000, -0.2521284838239766235 ) ) ;
#3566 = ORIENTED_EDGE ( 'NONE', *, *, #324, .T. ) ;
#3567 = DIRECTION ( 'NONE',  ( -0.3420201433256630508, -0.000000000000000000, 0.9396926207859104263 ) ) ;
#3569 = DIRECTION ( 'NONE',  ( -0.000000000000000000, -0.000000000000000000, 1.000000000000000000 ) ) ;
#3568 = DIRECTION ( 'NONE',  ( -0.000000000000000000, 1.000000000000000000, -0.000000000000000000 ) ) ;
#3570 = ADVANCED_FACE ( 'NONE', ( #6318 ), #2416, .F. ) ;
#3571 = EDGE_CURVE ( 'NONE', #482, #2241, #3302, .T. ) ;
#3572 = DIRECTION ( 'NONE',  ( 0.000000000000000000, 0.000000000000000000, 1.000000000000000000 ) ) ;
#3573 = ADVANCED_FACE ( 'NONE', ( #4689 ), #7890, .F. ) ;
#3574 = DIRECTION ( 'NONE',  ( 0.000000000000000000, 0.000000000000000000, 1.000000000000000000 ) ) ;
#3575 = DIRECTION ( 'NONE',  ( -0.9745028046914836484, 0.000000000000000000, 0.2243753187149420403 ) ) ;
#3576 = DIRECTION ( 'NONE',  ( -0.2334453638558981192, 0.9723699203976783334, -0.000000000000000000 ) ) ;
#3578 = VERTEX_POINT ( 'NONE', #4848 ) ;
#3577 = FACE_OUTER_BOUND ( 'NONE', #6845, .T. ) ;
#3579 = AXIS2_PLACEMENT_3D ( 'NONE', #8363, #3735, #6741 ) ;
#3580 = VERTEX_POINT ( 'NONE', #163 ) ;
#3581 = CARTESIAN_POINT ( 'NONE',  ( 0.9000000000000000222, 0.5999999999999999778, -6.190000000000002167 ) ) ;
#3583 = ORIENTED_EDGE ( 'NONE', *, *, #48, .T. ) ;
#3582 = SURFACE_STYLE_FILL_AREA ( #4480 ) ;
#3584 = CARTESIAN_POINT ( 'NONE',  ( -1.999999999999999112, 0.2999999999999999889, 4.299999999999999822 ) ) ;
#3585 = CIRCLE ( 'NONE', #5808, 1.500000000000000000 ) ;
#3586 = LINE ( 'NONE', #7530, #4421 ) ;
#3587 = ADVANCED_FACE ( 'NONE', ( #1104 ), #3355, .T. ) ;
#3588 = DIRECTION ( 'NONE',  ( 1.000000000000000000, 0.000000000000000000, -5.337610695313253357E-16 ) ) ;
#3590 = ORIENTED_EDGE ( 'NONE', *, *, #8674, .F. ) ;
#3589 = CYLINDRICAL_SURFACE ( 'NONE', #2121, 2.199999999999998845 ) ;
#3591 = CYLINDRICAL_SURFACE ( 'NONE', #151, 7.399999999999998579 ) ;
#3592 = SURFACE_STYLE_USAGE ( .BOTH. , #8718 ) ;
#3594 = ORIENTED_EDGE ( 'NONE', *, *, #2883, .F. ) ;
#3593 = DIRECTION ( 'NONE',  ( -1.000000000000000000, 0.000000000000000000, 0.000000000000000000 ) ) ;
#3595 = AXIS2_PLACEMENT_3D ( 'NONE', #8285, #6031, #121 ) ;
#3596 = VECTOR ( 'NONE', #3569, 1000.000000000000000 ) ;
#3597 = CARTESIAN_POINT ( 'NONE',  ( 2.743224965086314970, 3.450000000000001066, 5.599999999999997868 ) ) ;
#3598 = ORIENTED_EDGE ( 'NONE', *, *, #1438, .T. ) ;
#3599 = CIRCLE ( 'NONE', #2513, 0.5999999999999980904 ) ;
#3600 = CIRCLE ( 'NONE', #1721, 0.1999999999999996503 ) ;
#3601 = EDGE_CURVE ( 'NONE', #4033, #3099, #8525, .T. ) ;
#3603 = ORIENTED_EDGE ( 'NONE', *, *, #8037, .F. ) ;
#3602 = CARTESIAN_POINT ( 'NONE',  ( 2.840461957126083181, 3.373344536385590509, 5.599999999999997868 ) ) ;
#3604 = CARTESIAN_POINT ( 'NONE',  ( 2.274999999999999467, 0.5999999999999999778, -0.2999999999999996558 ) ) ;
#3605 = DIRECTION ( 'NONE',  ( 1.314184451497581013E-16, 0.000000000000000000, -1.000000000000000000 ) ) ;
#3606 = ORIENTED_EDGE ( 'NONE', *, *, #4555, .T. ) ;
#3607 = DIRECTION ( 'NONE',  ( 1.000000000000000000, 0.000000000000000000, 0.000000000000000000 ) ) ;
#3608 = AXIS2_PLACEMENT_3D ( 'NONE', #7929, #453, #503 ) ;
#3609 = LINE ( 'NONE', #572, #8227 ) ;
#3610 = AXIS2_PLACEMENT_3D ( 'NONE', #1796, #5399, #7798 ) ;
#3611 = ORIENTED_EDGE ( 'NONE', *, *, #1978, .F. ) ;
#3613 = ORIENTED_EDGE ( 'NONE', *, *, #6825, .F. ) ;
#3612 = DIRECTION ( 'NONE',  ( 0.9396926207859105373, -0.000000000000000000, 0.3420201433256628287 ) ) ;
#3614 = AXIS2_PLACEMENT_3D ( 'NONE', #9239, #6934, #103 ) ;
#3615 = VECTOR ( 'NONE', #504, 1000.000000000000000 ) ;
#3616 = ORIENTED_EDGE ( 'NONE', *, *, #1485, .F. ) ;
#3617 = FACE_OUTER_BOUND ( 'NONE', #6476, .T. ) ;
#3618 = VERTEX_POINT ( 'NONE', #6216 ) ;
#3619 = ORIENTED_EDGE ( 'NONE', *, *, #5265, .F. ) ;
#3620 = ADVANCED_FACE ( 'NONE', ( #8471 ), #4747, .T. ) ;
#3621 = DIRECTION ( 'NONE',  ( 0.9723699203976781114, 0.2334453638558991462, -0.000000000000000000 ) ) ;
#3623 = LINE ( 'NONE', #1466, #465 ) ;
#3622 = CARTESIAN_POINT ( 'NONE',  ( -6.174999999999998046, 4.200000000000000178, 0.000000000000000000 ) ) ;
#3624 = DIRECTION ( 'NONE',  ( -1.000000000000000000, -0.000000000000000000, -0.000000000000000000 ) ) ;
#3625 = CIRCLE ( 'NONE', #969, 7.300000000000002487 ) ;
#3626 = AXIS2_PLACEMENT_3D ( 'NONE', #4579, #6935, #203 ) ;
#3627 = EDGE_CURVE ( 'NONE', #128, #1640, #7790, .T. ) ;
#3628 = EDGE_CURVE ( 'NONE', #3558, #3818, #6460, .T. ) ;
#3629 = CARTESIAN_POINT ( 'NONE',  ( 0.9000000000000000222, 5.421010862427522170E-17, 5.899999999999997691 ) ) ;
#3630 = ADVANCED_FACE ( 'NONE', ( #8759 ), #6409, .F. ) ;
#3631 = CARTESIAN_POINT ( 'NONE',  ( 7.112901472932216862, 4.200000000000000178, -1.642142696710234384 ) ) ;
#3633 = ORIENTED_EDGE ( 'NONE', *, *, #2763, .T. ) ;
#3632 = CARTESIAN_POINT ( 'NONE',  ( 0.9750000000000007550, 0.5999999999999999778, -4.599999999999999645 ) ) ;
#3634 = ORIENTED_EDGE ( 'NONE', *, *, #9267, .T. ) ;
#3635 = CARTESIAN_POINT ( 'NONE',  ( -0.4409716802473785391, 2.360234174678017993, 4.918241908473789614 ) ) ;
#3636 = DIRECTION ( 'NONE',  ( -0.000000000000000000, -1.000000000000000000, -0.000000000000000000 ) ) ;
#3637 = DIRECTION ( 'NONE',  ( 1.000000000000000000, -0.000000000000000000, 0.000000000000000000 ) ) ;
#3638 = CIRCLE ( 'NONE', #2852, 0.3999999999999993006 ) ;
#3639 = EDGE_CURVE ( 'NONE', #7497, #1343, #6505, .T. ) ;
#3640 = EDGE_CURVE ( 'NONE', #4655, #3099, #9455, .T. ) ;
#3641 = DIRECTION ( 'NONE',  ( 0.000000000000000000, -0.9659258262890699775, 0.2588190451025144667 ) ) ;
#3642 = DIRECTION ( 'NONE',  ( -1.636531581110195409E-16, 0.000000000000000000, 1.000000000000000000 ) ) ;
#3644 = ORIENTED_EDGE ( 'NONE', *, *, #9527, .T. ) ;
#3643 = DIRECTION ( 'NONE',  ( 0.000000000000000000, 1.000000000000000000, -0.000000000000000000 ) ) ;
#3645 = LINE ( 'NONE', #2263, #2033 ) ;
#3646 =( NAMED_UNIT ( * ) PLANE_ANGLE_UNIT ( ) SI_UNIT ( $, .RADIAN. ) );
#3648 = ORIENTED_EDGE ( 'NONE', *, *, #5709, .F. ) ;
#3647 = DIRECTION ( 'NONE',  ( -2.567847250623563393E-16, -1.141265444721583757E-16, 1.000000000000000000 ) ) ;
#3649 = CARTESIAN_POINT ( 'NONE',  ( 4.549999999999999822, 0.5999999999999999778, 5.299999999999998046 ) ) ;
#3650 = ORIENTED_EDGE ( 'NONE', *, *, #6106, .F. ) ;
#3652 = EDGE_LOOP ( 'NONE', ( #2038, #8761, #1002, #4300 ) ) ;
#3651 = DIRECTION ( 'NONE',  ( -0.000000000000000000, -1.000000000000000000, 0.000000000000000000 ) ) ;
#3653 = LINE ( 'NONE', #9425, #2329 ) ;
#3654 = DIRECTION ( 'NONE',  ( -1.000000000000000000, -0.000000000000000000, -1.314184451497581013E-16 ) ) ;
#3655 = ORIENTED_EDGE ( 'NONE', *, *, #1594, .F. ) ;
#3656 = CARTESIAN_POINT ( 'NONE',  ( 1.050000000000000044, 0.5999999999999999778, -6.313279654822841813 ) ) ;
#3657 = AXIS2_PLACEMENT_3D ( 'NONE', #5430, #4042, #7046 ) ;
#3658 = PLANE ( 'NONE',  #3504 ) ;
#3659 = AXIS2_PLACEMENT_3D ( 'NONE', #4572, #4471, #1419 ) ;
#3660 = AXIS2_PLACEMENT_3D ( 'NONE', #2018, #5873, #4999 ) ;
#3661 = VERTEX_POINT ( 'NONE', #1922 ) ;
#3663 = ORIENTED_EDGE ( 'NONE', *, *, #1473, .F. ) ;
#3662 = LINE ( 'NONE', #5258, #3530 ) ;
#3664 = AXIS2_PLACEMENT_3D ( 'NONE', #8777, #5655, #8048 ) ;
#3665 = ORIENTED_EDGE ( 'NONE', *, *, #2076, .F. ) ;
#3666 = EDGE_CURVE ( 'NONE', #3023, #4210, #9553, .T. ) ;
#3667 = DIRECTION ( 'NONE',  ( 0.000000000000000000, -0.000000000000000000, 1.000000000000000000 ) ) ;
#3668 = ORIENTED_EDGE ( 'NONE', *, *, #4423, .T. ) ;
#3669 = EDGE_CURVE ( 'NONE', #9070, #7512, #5729, .T. ) ;
#3670 = CARTESIAN_POINT ( 'NONE',  ( 6.700000000000000178, 0.000000000000000000, 6.149999999999997691 ) ) ;
#3672 = DIRECTION ( 'NONE',  ( 5.429601775061487161E-15, 0.000000000000000000, -1.000000000000000000 ) ) ;
#3671 = LINE ( 'NONE', #2143, #2698 ) ;
#3673 = CARTESIAN_POINT ( 'NONE',  ( -0.8999999999999999112, 0.2880988236554654636, -6.222380235268910376 ) ) ;
#3674 = EDGE_CURVE ( 'NONE', #9051, #3943, #4236, .T. ) ;
#3675 = VECTOR ( 'NONE', #1592, 1000.000000000000114 ) ;
#3676 = DIRECTION ( 'NONE',  ( -0.000000000000000000, 1.000000000000000000, -0.000000000000000000 ) ) ;
#3677 = FACE_OUTER_BOUND ( 'NONE', #8832, .T. ) ;
#3679 = ORIENTED_EDGE ( 'NONE', *, *, #973, .T. ) ;
#3678 = CARTESIAN_POINT ( 'NONE',  ( 0.3750000000000000000, 0.5999999999999999778, -0.7999999999999988232 ) ) ;
#3680 = ADVANCED_BREP_SHAPE_REPRESENTATION ( 'CH291-1220LF', ( #8141, #8112, #1661, #3660 ), #4448 ) ;
#3681 = AXIS2_PLACEMENT_3D ( 'NONE', #1522, #6637, #6097 ) ;
#3682 = VERTEX_POINT ( 'NONE', #7976 ) ;
#3683 = PLANE ( 'NONE',  #3141 ) ;
#3685 = PLANE ( 'NONE',  #616 ) ;
#3684 = PRESENTATION_STYLE_ASSIGNMENT (( #5912 ) ) ;
#3686 = FACE_OUTER_BOUND ( 'NONE', #6226, .T. ) ;
#3687 = EDGE_CURVE ( 'NONE', #6292, #8910, #4947, .T. ) ;
#3688 = VECTOR ( 'NONE', #8965, 1000.000000000000000 ) ;
#3689 = LINE ( 'NONE', #8810, #179 ) ;
#3690 = DIRECTION ( 'NONE',  ( 0.000000000000000000, 1.000000000000000000, 0.000000000000000000 ) ) ;
#3692 = ORIENTED_EDGE ( 'NONE', *, *, #9292, .F. ) ;
#3691 = DIRECTION ( 'NONE',  ( 0.2243753187149424289, 0.000000000000000000, 0.9745028046914836484 ) ) ;
#3693 = VECTOR ( 'NONE', #1823, 1000.000000000000000 ) ;
#3694 = CARTESIAN_POINT ( 'NONE',  ( 0.3749999999999998335, 1.449074627379628888, 2.524409288242017713 ) ) ;
#3696 = ORIENTED_EDGE ( 'NONE', *, *, #3748, .T. ) ;
#3695 = FACE_OUTER_BOUND ( 'NONE', #8131, .T. ) ;
#3697 = DIRECTION ( 'NONE',  ( -1.000000000000000000, -0.000000000000000000, 0.000000000000000000 ) ) ;
#3698 = AXIS2_PLACEMENT_3D ( 'NONE', #7057, #4102, #4243 ) ;
#3699 = ORIENTED_EDGE ( 'NONE', *, *, #3130, .F. ) ;
#3700 = ADVANCED_FACE ( 'NONE', ( #7336 ), #2109, .T. ) ;
#3701 = EDGE_CURVE ( 'NONE', #5813, #5833, #5128, .T. ) ;
#3702 = EDGE_CURVE ( 'NONE', #4727, #2729, #9589, .T. ) ;
#3703 = ORIENTED_EDGE ( 'NONE', *, *, #4591, .F. ) ;
#3705 = EDGE_LOOP ( 'NONE', ( #8197, #5209, #680, #5870 ) ) ;
#3704 = CARTESIAN_POINT ( 'NONE',  ( 3.918869757271534404E-16, -0.6999999999999999556, -4.200000000000001066 ) ) ;
#3706 = DIRECTION ( 'NONE',  ( -0.2516678542837350596, -0.06042010615679303809, 0.9659258262890699775 ) ) ;
#3707 = CARTESIAN_POINT ( 'NONE',  ( 1.899999999999998801, 0.5999999999999999778, -1.224999999999999423 ) ) ;
#3708 = EDGE_CURVE ( 'NONE', #2057, #7549, #140, .T. ) ;
#3709 = ORIENTED_EDGE ( 'NONE', *, *, #7315, .T. ) ;
#3710 = LINE ( 'NONE', #4504, #7964 ) ;
#3711 = DIRECTION ( 'NONE',  ( 0.000000000000000000, 1.000000000000000000, -0.000000000000000000 ) ) ;
#3712 = VERTEX_POINT ( 'NONE', #456 ) ;
#3714 = VERTEX_POINT ( 'NONE', #1965 ) ;
#3713 = DIRECTION ( 'NONE',  ( -0.000000000000000000, -0.000000000000000000, 1.000000000000000000 ) ) ;
#3715 = EDGE_CURVE ( 'NONE', #8867, #6010, #1704, .T. ) ;
#3716 = ORIENTED_EDGE ( 'NONE', *, *, #4444, .F. ) ;
#3717 = CARTESIAN_POINT ( 'NONE',  ( -3.023344536385590420, 2.183218014069269852, 5.299999999999998046 ) ) ;
#3718 = VERTEX_POINT ( 'NONE', #1291 ) ;
#3719 = VERTEX_POINT ( 'NONE', #3584 ) ;
#3720 = ORIENTED_EDGE ( 'NONE', *, *, #3736, .T. ) ;
#3721 = DIRECTION ( 'NONE',  ( 0.000000000000000000, 1.000000000000000000, 0.000000000000000000 ) ) ;
#3723 = CARTESIAN_POINT ( 'NONE',  ( 2.743224965086315414, 3.450000000000001066, 5.299999999999998046 ) ) ;
#3722 = DIRECTION ( 'NONE',  ( -1.000000000000000000, 6.911893352558236644E-16, 0.000000000000000000 ) ) ;
#3724 = VECTOR ( 'NONE', #3761, 1000.000000000000114 ) ;
#3725 = LINE ( 'NONE', #6734, #686 ) ;
#3726 = ADVANCED_FACE ( 'NONE', ( #4293 ), #8120, .T. ) ;
#3727 = PLANE ( 'NONE',  #2885 ) ;
#3728 = EDGE_CURVE ( 'NONE', #3805, #3714, #6552, .T. ) ;
#3729 = DIRECTION ( 'NONE',  ( 1.000000000000000000, -0.000000000000000000, -0.000000000000000000 ) ) ;
#3730 = VERTEX_POINT ( 'NONE', #5817 ) ;
#3731 = ADVANCED_FACE ( 'NONE', ( #8803 ), #2955, .F. ) ;
#3732 = CARTESIAN_POINT ( 'NONE',  ( -5.424999999999998046, 3.200000000000000622, 5.299999999999999822 ) ) ;
#3734 = DIRECTION ( 'NONE',  ( 0.000000000000000000, 1.000000000000000000, 0.000000000000000000 ) ) ;
#3733 =( NAMED_UNIT ( * ) SI_UNIT ( $, .STERADIAN. ) SOLID_ANGLE_UNIT ( ) );
#3735 = DIRECTION ( 'NONE',  ( 0.000000000000000000, -1.000000000000000000, 0.000000000000000000 ) ) ;
#3736 = EDGE_CURVE ( 'NONE', #7158, #5114, #7154, .T. ) ;
#3737 = DIRECTION ( 'NONE',  ( -0.2334453638558986188, -0.9723699203976782224, 0.000000000000000000 ) ) ;
#3738 = LINE ( 'NONE', #5329, #8240 ) ;
#3740 = ORIENTED_EDGE ( 'NONE', *, *, #7229, .F. ) ;
#3739 = CARTESIAN_POINT ( 'NONE',  ( 7.241636132661928293, 0.000000000000000000, -0.9212524746915279339 ) ) ;
#3741 = CARTESIAN_POINT ( 'NONE',  ( -4.590942030465840595, 3.200000000000000622, 5.565065611077387508 ) ) ;
#3743 = ORIENTED_EDGE ( 'NONE', *, *, #2126, .F. ) ;
#3742 = DIRECTION ( 'NONE',  ( -0.000000000000000000, 0.000000000000000000, -1.000000000000000000 ) ) ;
#3744 = CYLINDRICAL_SURFACE ( 'NONE', #5222, 7.300000000000002487 ) ;
#3745 = VERTEX_POINT ( 'NONE', #3049 ) ;
#3746 = VECTOR ( 'NONE', #2848, 1000.000000000000000 ) ;
#3747 = CIRCLE ( 'NONE', #9253, 5.500000000000000000 ) ;
#3748 = EDGE_CURVE ( 'NONE', #7420, #8423, #6063, .T. ) ;
#3749 = LINE ( 'NONE', #9207, #7457 ) ;
#3750 = ADVANCED_FACE ( 'NONE', ( #3686 ), #6015, .F. ) ;
#3751 = EDGE_CURVE ( 'NONE', #2169, #1675, #8267, .T. ) ;
#3752 = ORIENTED_EDGE ( 'NONE', *, *, #6269, .F. ) ;
#3754 = ORIENTED_EDGE ( 'NONE', *, *, #1608, .F. ) ;
#3753 = CARTESIAN_POINT ( 'NONE',  ( 2.743224965086314970, 3.350000000000000533, 5.299999999999998046 ) ) ;
#3755 = VECTOR ( 'NONE', #775, 1000.000000000000000 ) ;
#3757 = EDGE_CURVE ( 'NONE', #2857, #4316, #9682, .T. ) ;
#3756 = CARTESIAN_POINT ( 'NONE',  ( -5.424999999999998046, 3.200000000000000622, 5.899999999999997691 ) ) ;
#3758 = CARTESIAN_POINT ( 'NONE',  ( -1.050000000000000044, 0.5999999999999998668, -5.400000000000000355 ) ) ;
#3759 = ORIENTED_EDGE ( 'NONE', *, *, #3238, .T. ) ;
#3760 = EDGE_LOOP ( 'NONE', ( #4377, #2438, #7322, #8767, #1443, #3012 ) ) ;
#3761 = DIRECTION ( 'NONE',  ( 0.9920049496797155308, 0.000000000000000000, -0.1261989691358256505 ) ) ;
#3762 = DIRECTION ( 'NONE',  ( 0.000000000000000000, 0.000000000000000000, 1.000000000000000000 ) ) ;
#3763 = CIRCLE ( 'NONE', #7375, 3.300000000000002043 ) ;
#3764 = AXIS2_PLACEMENT_3D ( 'NONE', #3678, #9493, #6691 ) ;
#3765 = ORIENTED_EDGE ( 'NONE', *, *, #9694, .T. ) ;
#3767 = EDGE_LOOP ( 'NONE', ( #4769, #5506, #3208, #2358 ) ) ;
#3766 = DIRECTION ( 'NONE',  ( 0.4924235601034704368, 0.000000000000000000, 0.8703556959398977000 ) ) ;
#3768 = CARTESIAN_POINT ( 'NONE',  ( 0.9000000000000000222, 0.5999999999999999778, -5.390000000000001457 ) ) ;
#3769 = LINE ( 'NONE', #8979, #9629 ) ;
#3770 = ORIENTED_EDGE ( 'NONE', *, *, #5466, .F. ) ;
#3771 = ORIENTED_EDGE ( 'NONE', *, *, #8854, .T. ) ;
#3772 = ORIENTED_EDGE ( 'NONE', *, *, #6718, .F. ) ;
#3773 = AXIS2_PLACEMENT_3D ( 'NONE', #4909, #1207, #4201 ) ;
#3774 = DIRECTION ( 'NONE',  ( -9.099742417682791484E-16, -1.000000000000000000, -6.341378075886267095E-17 ) ) ;
#3776 = DIRECTION ( 'NONE',  ( 1.000000000000000000, -0.000000000000000000, 0.000000000000000000 ) ) ;
#3775 = DIRECTION ( 'NONE',  ( -1.000000000000000000, -0.000000000000000000, -0.000000000000000000 ) ) ;
#3777 = DIRECTION ( 'NONE',  ( 0.000000000000000000, 0.6476047053781389673, 0.7619764731093040533 ) ) ;
#3778 = VECTOR ( 'NONE', #4934, 1000.000000000000000 ) ;
#3779 = AXIS2_PLACEMENT_3D ( 'NONE', #3199, #113, #7682 ) ;
#3780 = PLANE ( 'NONE',  #6673 ) ;
#3781 = CARTESIAN_POINT ( 'NONE',  ( 3.549999999999998490, 0.5999999999999999778, 1.225000000000000311 ) ) ;
#3782 = ORIENTED_EDGE ( 'NONE', *, *, #500, .T. ) ;
#3783 = CARTESIAN_POINT ( 'NONE',  ( 1.402862594083897241, 2.822557170216993594, 5.197777478867208423 ) ) ;
#3785 = CARTESIAN_POINT ( 'NONE',  ( -3.643934344765681121, 4.200000000000000178, -6.440632149955242802 ) ) ;
#3784 = FACE_OUTER_BOUND ( 'NONE', #7479, .T. ) ;
#3786 = VECTOR ( 'NONE', #5827, 1000.000000000000000 ) ;
#3787 = LINE ( 'NONE', #2895, #932 ) ;
#3788 = VECTOR ( 'NONE', #1090, 1000.000000000000000 ) ;
#3790 = DIRECTION ( 'NONE',  ( -0.000000000000000000, -1.000000000000000000, -0.000000000000000000 ) ) ;
#3789 = AXIS2_PLACEMENT_3D ( 'NONE', #6996, #4683, #6310 ) ;
#3791 = VECTOR ( 'NONE', #822, 1000.000000000000000 ) ;
#3792 = DIRECTION ( 'NONE',  ( 0.000000000000000000, 1.000000000000000000, -0.000000000000000000 ) ) ;
#3794 = ORIENTED_EDGE ( 'NONE', *, *, #5392, .F. ) ;
#3793 = PLANE ( 'NONE',  #7323 ) ;
#3795 = DIRECTION ( 'NONE',  ( 0.000000000000000000, 0.000000000000000000, 1.000000000000000000 ) ) ;
#3797 = ORIENTED_EDGE ( 'NONE', *, *, #2432, .T. ) ;
#3796 = DIRECTION ( 'NONE',  ( -0.000000000000000000, -1.000000000000000000, -0.000000000000000000 ) ) ;
#3798 = ORIENTED_EDGE ( 'NONE', *, *, #1591, .F. ) ;
#3799 = EDGE_CURVE ( 'NONE', #8393, #2938, #4544, .T. ) ;
#3800 = CARTESIAN_POINT ( 'NONE',  ( -1.402862594083897463, 2.822557170216994038, 5.197777478867208423 ) ) ;
#3801 = ORIENTED_EDGE ( 'NONE', *, *, #7803, .F. ) ;
#3802 = VECTOR ( 'NONE', #4227, 1000.000000000000114 ) ;
#3803 = EDGE_CURVE ( 'NONE', #114, #7158, #3787, .T. ) ;
#3804 = CARTESIAN_POINT ( 'NONE',  ( 0.000000000000000000, 4.200000000000000178, 0.000000000000000000 ) ) ;
#3805 = VERTEX_POINT ( 'NONE', #5915 ) ;
#3807 = ORIENTED_EDGE ( 'NONE', *, *, #8085, .T. ) ;
#3806 = DIRECTION ( 'NONE',  ( 0.000000000000000000, 1.000000000000000000, 0.000000000000000000 ) ) ;
#3808 = DIRECTION ( 'NONE',  ( 0.000000000000000000, 1.000000000000000000, -0.000000000000000000 ) ) ;
#3809 = CARTESIAN_POINT ( 'NONE',  ( -3.749999999999999556, 0.2999999999999999889, -1.324999999999999512 ) ) ;
#3810 = ORIENTED_EDGE ( 'NONE', *, *, #9006, .F. ) ;
#3811 = ORIENTED_EDGE ( 'NONE', *, *, #4985, .F. ) ;
#3812 = LINE ( 'NONE', #81, #502 ) ;
#3813 = ORIENTED_EDGE ( 'NONE', *, *, #518, .T. ) ;
#3814 = CARTESIAN_POINT ( 'NONE',  ( 6.699999999999999289, 4.200000000000000178, 4.899999999999997691 ) ) ;
#3815 = ADVANCED_FACE ( 'NONE', ( #2993 ), #4433, .F. ) ;
#3816 = ORIENTED_EDGE ( 'NONE', *, *, #5492, .F. ) ;
#3818 = VERTEX_POINT ( 'NONE', #8999 ) ;
#3817 = CARTESIAN_POINT ( 'NONE',  ( 1.999999999999999112, 0.2999999999999999889, 4.299999999999999822 ) ) ;
#3819 = ORIENTED_EDGE ( 'NONE', *, *, #3516, .T. ) ;
#3820 = CARTESIAN_POINT ( 'NONE',  ( 0.000000000000000000, 0.000000000000000000, -0.000000000000000000 ) ) ;
#3821 = VECTOR ( 'NONE', #2540, 1000.000000000000114 ) ;
#3822 = ORIENTED_EDGE ( 'NONE', *, *, #7247, .T. ) ;
#3823 = LINE ( 'NONE', #6093, #5836 ) ;
#3825 = CARTESIAN_POINT ( 'NONE',  ( 0.6000000000000000888, 1.457322679224499540, 2.618684952224779039 ) ) ;
#3824 = DIRECTION ( 'NONE',  ( 0.000000000000000000, -1.240100524084728157E-16, 1.000000000000000000 ) ) ;
#3827 = DIRECTION ( 'NONE',  ( 0.000000000000000000, -0.000000000000000000, 1.000000000000000000 ) ) ;
#3826 = VECTOR ( 'NONE', #2290, 1000.000000000000000 ) ;
#3828 = EDGE_CURVE ( 'NONE', #2274, #8602, #8923, .T. ) ;
#3829 = EDGE_CURVE ( 'NONE', #3550, #8423, #9549, .T. ) ;
#3830 = EDGE_CURVE ( 'NONE', #6245, #8147, #8899, .T. ) ;
#3831 = CIRCLE ( 'NONE', #6818, 7.399999999999999467 ) ;
#3832 = CYLINDRICAL_SURFACE ( 'NONE', #869, 0.2500000000000002220 ) ;
#3833 = FACE_OUTER_BOUND ( 'NONE', #6890, .T. ) ;
#3834 = VERTEX_POINT ( 'NONE', #5171 ) ;
#3835 = CARTESIAN_POINT ( 'NONE',  ( 0.000000000000000000, 0.000000000000000000, 0.000000000000000000 ) ) ;
#3837 = CARTESIAN_POINT ( 'NONE',  ( 0.000000000000000000, 4.200000000000000178, 0.000000000000000000 ) ) ;
#3836 = FACE_OUTER_BOUND ( 'NONE', #4611, .T. ) ;
#3838 = CARTESIAN_POINT ( 'NONE',  ( 3.918869757271534404E-16, -0.6999999999999999556, -3.750000000000001776 ) ) ;
#3839 = EDGE_LOOP ( 'NONE', ( #2527, #5780, #8453, #3842 ) ) ;
#3840 = DIRECTION ( 'NONE',  ( -0.9238795325112877377, 0.000000000000000000, -0.3826834323650873393 ) ) ;
#3842 = ORIENTED_EDGE ( 'NONE', *, *, #3571, .T. ) ;
#3841 = CARTESIAN_POINT ( 'NONE',  ( 0.6499999999999995781, 1.437410120597455654, 2.391083365635861657 ) ) ;
#3843 = CARTESIAN_POINT ( 'NONE',  ( 0.9749999999999999778, 0.5999999999999999778, -4.500000000000000000 ) ) ;
#3845 = ORIENTED_EDGE ( 'NONE', *, *, #4304, .F. ) ;
#3844 = DIRECTION ( 'NONE',  ( 1.239088197126291063E-16, 0.000000000000000000, -1.000000000000000000 ) ) ;
#3846 = CARTESIAN_POINT ( 'NONE',  ( 5.424999999999998046, 1.599999999999997202, 5.599999999999997868 ) ) ;
#3847 = VECTOR ( 'NONE', #3413, 1000.000000000000227 ) ;
#3848 = CARTESIAN_POINT ( 'NONE',  ( -0.9000000000000000222, 0.5999999999999999778, -5.390000000000001457 ) ) ;
#3849 = VERTEX_POINT ( 'NONE', #6697 ) ;
#3851 = ORIENTED_EDGE ( 'NONE', *, *, #671, .T. ) ;
#3850 = CARTESIAN_POINT ( 'NONE',  ( 4.903388356796438252, 4.200000000000000178, -5.542272333838630161 ) ) ;
#3852 = AXIS2_PLACEMENT_3D ( 'NONE', #9641, #2114, #7391 ) ;
#3853 = CARTESIAN_POINT ( 'NONE',  ( -0.8999999999999998002, 0.2999999999999999889, -5.390000000000001457 ) ) ;
#3854 = ADVANCED_FACE ( 'NONE', ( #58 ), #8947, .F. ) ;
#3855 = DIRECTION ( 'NONE',  ( 0.000000000000000000, -1.240100524084728157E-16, 1.000000000000000000 ) ) ;
#3856 = EDGE_LOOP ( 'NONE', ( #824, #318, #2474, #3973 ) ) ;
#3857 = EDGE_CURVE ( 'NONE', #1729, #1638, #2303, .T. ) ;
#3858 = ORIENTED_EDGE ( 'NONE', *, *, #2200, .T. ) ;
#3859 = VERTEX_POINT ( 'NONE', #847 ) ;
#3860 = LINE ( 'NONE', #6035, #2533 ) ;
#3861 = EDGE_CURVE ( 'NONE', #2464, #181, #8220, .T. ) ;
#3862 = DIRECTION ( 'NONE',  ( 0.000000000000000000, -0.000000000000000000, -1.000000000000000000 ) ) ;
#3863 = EDGE_CURVE ( 'NONE', #9688, #7095, #7482, .T. ) ;
#3864 = VECTOR ( 'NONE', #8418, 1000.000000000000000 ) ;
#3865 = EDGE_LOOP ( 'NONE', ( #1313, #3606, #215, #7975 ) ) ;
#3867 = ORIENTED_EDGE ( 'NONE', *, *, #7247, .F. ) ;
#3866 = PLANE ( 'NONE',  #2749 ) ;
#3868 = DIRECTION ( 'NONE',  ( 0.000000000000000000, 0.000000000000000000, -1.000000000000000000 ) ) ;
#3869 = DIRECTION ( 'NONE',  ( 0.9745028046914837594, 0.000000000000000000, -0.2243753187149416795 ) ) ;
#3870 = ORIENTED_EDGE ( 'NONE', *, *, #2230, .T. ) ;
#3871 = ORIENTED_EDGE ( 'NONE', *, *, #83, .T. ) ;
#3872 = CARTESIAN_POINT ( 'NONE',  ( -1.899999999999999023, 0.2999999999999999889, 1.225000000000000311 ) ) ;
#3874 = CYLINDRICAL_SURFACE ( 'NONE', #8632, 7.300000000000003375 ) ;
#3873 = PLANE ( 'NONE',  #8971 ) ;
#3875 = DIRECTION ( 'NONE',  ( 0.000000000000000000, 1.000000000000000000, -0.000000000000000000 ) ) ;
#3876 = DIRECTION ( 'NONE',  ( -0.1822355254921518009, 0.000000000000000000, -0.9832549075639538394 ) ) ;
#3877 = UNCERTAINTY_MEASURE_WITH_UNIT (LENGTH_MEASURE( 1.000000000000000082E-05 ), #3970, 'distance_accuracy_value', 'NONE');
#3878 = ADVANCED_FACE ( 'NONE', ( #6104 ), #9095, .T. ) ;
#3879 = EDGE_CURVE ( 'NONE', #4427, #6972, #4382, .T. ) ;
#3880 = CARTESIAN_POINT ( 'NONE',  ( 4.549999999999999822, 4.200000000000000178, 8.049999999999998934 ) ) ;
#3881 = ORIENTED_EDGE ( 'NONE', *, *, #2270, .F. ) ;
#3882 = LINE ( 'NONE', #145, #1583 ) ;
#3883 = EDGE_CURVE ( 'NONE', #8830, #8815, #7385, .T. ) ;
#3885 = DIRECTION ( 'NONE',  ( 0.000000000000000000, 1.000000000000000000, 0.000000000000000000 ) ) ;
#3884 = DIRECTION ( 'NONE',  ( 0.000000000000000000, -0.000000000000000000, 1.000000000000000000 ) ) ;
#3886 = CARTESIAN_POINT ( 'NONE',  ( -0.09560852742710927721, 4.200000000000000178, 0.02201347570273589835 ) ) ;
#3887 = ORIENTED_EDGE ( 'NONE', *, *, #8121, .F. ) ;
#3888 = CARTESIAN_POINT ( 'NONE',  ( 0.000000000000000000, 0.000000000000000000, 0.000000000000000000 ) ) ;
#3889 = DIRECTION ( 'NONE',  ( 0.000000000000000000, 0.000000000000000000, -1.000000000000000000 ) ) ;
#3891 = ORIENTED_EDGE ( 'NONE', *, *, #4223, .F. ) ;
#3890 = DIRECTION ( 'NONE',  ( -0.000000000000000000, -0.000000000000000000, 1.000000000000000000 ) ) ;
#3892 = DIRECTION ( 'NONE',  ( -0.000000000000000000, -1.000000000000000000, -0.000000000000000000 ) ) ;
#3894 = ORIENTED_EDGE ( 'NONE', *, *, #4304, .T. ) ;
#3893 = DIRECTION ( 'NONE',  ( -0.000000000000000000, 1.000000000000000000, -0.000000000000000000 ) ) ;
#3895 = DIRECTION ( 'NONE',  ( 0.000000000000000000, 0.000000000000000000, 1.000000000000000000 ) ) ;
#3896 = ORIENTED_EDGE ( 'NONE', *, *, #5642, .F. ) ;
#3897 = EDGE_CURVE ( 'NONE', #2795, #6776, #9347, .T. ) ;
#3898 = CARTESIAN_POINT ( 'NONE',  ( 0.000000000000000000, 4.200000000000000178, 0.000000000000000000 ) ) ;
#3899 = ORIENTED_EDGE ( 'NONE', *, *, #4305, .F. ) ;
#3901 = EDGE_LOOP ( 'NONE', ( #7799, #7721, #6027, #8978, #9031, #7860, #5436, #946 ) ) ;
#3900 = CARTESIAN_POINT ( 'NONE',  ( -5.674999999999997158, 3.450000000000000622, 5.599999999999997868 ) ) ;
#3902 = CARTESIAN_POINT ( 'NONE',  ( -2.397482197861802611, 0.000000000000000000, -5.933976669227455147 ) ) ;
#3903 = CARTESIAN_POINT ( 'NONE',  ( 0.000000000000000000, 4.200000000000000178, 0.000000000000000000 ) ) ;
#3904 = VECTOR ( 'NONE', #693, 1000.000000000000000 ) ;
#3905 = ORIENTED_EDGE ( 'NONE', *, *, #9129, .T. ) ;
#3906 = CARTESIAN_POINT ( 'NONE',  ( -5.674999999999997158, 3.200000000000000622, 5.599999999999997868 ) ) ;
#3907 = VERTEX_POINT ( 'NONE', #6353 ) ;
#3908 = EDGE_CURVE ( 'NONE', #577, #4514, #605, .T. ) ;
#3909 = VECTOR ( 'NONE', #3510, 1000.000000000000000 ) ;
#3910 = VECTOR ( 'NONE', #3776, 1000.000000000000000 ) ;
#3911 = ORIENTED_EDGE ( 'NONE', *, *, #3715, .F. ) ;
#3913 = ORIENTED_EDGE ( 'NONE', *, *, #6334, .T. ) ;
#3912 = FACE_OUTER_BOUND ( 'NONE', #190, .T. ) ;
#3914 = CARTESIAN_POINT ( 'NONE',  ( 1.495608527427107814, 0.000000000000000000, 6.495699763439076513 ) ) ;
#3915 = VECTOR ( 'NONE', #4432, 1000.000000000000000 ) ;
#3916 = DIRECTION ( 'NONE',  ( 0.000000000000000000, 1.000000000000000000, 0.000000000000000000 ) ) ;
#3917 = ORIENTED_EDGE ( 'NONE', *, *, #8514, .T. ) ;
#3918 = ORIENTED_EDGE ( 'NONE', *, *, #1445, .F. ) ;
#3919 = CARTESIAN_POINT ( 'NONE',  ( 0.9000000000000027978, 1.246832498358330099E-15, -10.49000000000000199 ) ) ;
#3921 = CARTESIAN_POINT ( 'NONE',  ( 1.999999999999999112, 4.200000000000000178, -1.324999999999999512 ) ) ;
#3920 = CARTESIAN_POINT ( 'NONE',  ( -1.424999999999999156, 0.5999999999999999778, 2.949999999999997513 ) ) ;
#3922 = CIRCLE ( 'NONE', #8005, 6.400000000000000355 ) ;
#3923 = AXIS2_PLACEMENT_3D ( 'NONE', #5160, #8153, #3672 ) ;
#3924 = DIRECTION ( 'NONE',  ( 0.000000000000000000, 0.9961946980917456562, -0.08715574274765686136 ) ) ;
#3925 = CIRCLE ( 'NONE', #3447, 0.3000000000000007661 ) ;
#3926 = DIRECTION ( 'NONE',  ( 0.2516678542837350041, 0.06042010615679303809, -0.9659258262890699775 ) ) ;
#3927 = VECTOR ( 'NONE', #4744, 1000.000000000000000 ) ;
#3928 = EDGE_CURVE ( 'NONE', #7119, #2795, #2450, .T. ) ;
#3929 = VECTOR ( 'NONE', #6760, 1000.000000000000000 ) ;
#3930 = FACE_OUTER_BOUND ( 'NONE', #8930, .T. ) ;
#3931 = EDGE_LOOP ( 'NONE', ( #4490, #2422, #6040, #6181, #7274, #1087, #8994, #8485, #9693, #26, #5781, #7433, #1284, #2031, #4973, #9027, #6414, #9407 ) ) ;
#3932 = CARTESIAN_POINT ( 'NONE',  ( 0.000000000000000000, 4.200000000000000178, 0.000000000000000000 ) ) ;
#3934 = DIRECTION ( 'NONE',  ( 0.000000000000000000, 0.000000000000000000, 1.000000000000000000 ) ) ;
#3933 = DIRECTION ( 'NONE',  ( -0.2334453638558993960, 0.9723699203976782224, 7.217479547926805176E-17 ) ) ;
#3935 = DIRECTION ( 'NONE',  ( -1.000000000000000000, -0.000000000000000000, -0.000000000000000000 ) ) ;
#3936 = AXIS2_PLACEMENT_3D ( 'NONE', #5617, #6489, #4179 ) ;
#3937 = VECTOR ( 'NONE', #9680, 1000.000000000000114 ) ;
#3938 = EDGE_CURVE ( 'NONE', #7004, #716, #9301, .T. ) ;
#3939 = ORIENTED_EDGE ( 'NONE', *, *, #5339, .F. ) ;
#3940 = CARTESIAN_POINT ( 'NONE',  ( -5.424999999999998046, 1.599999999999999867, 5.599999999999997868 ) ) ;
#3941 = PLANE ( 'NONE',  #6783 ) ;
#3943 = VERTEX_POINT ( 'NONE', #2551 ) ;
#3942 = DIRECTION ( 'NONE',  ( -0.9392372188187643189, 0.2254909059758627987, 0.2588190451025144667 ) ) ;
#3944 = AXIS2_PLACEMENT_3D ( 'NONE', #8497, #8351, #3122 ) ;
#3945 = CIRCLE ( 'NONE', #8176, 0.2000000000000005107 ) ;
#3946 = DIRECTION ( 'NONE',  ( 0.000000000000000000, 1.000000000000000000, 0.000000000000000000 ) ) ;
#3948 = ORIENTED_EDGE ( 'NONE', *, *, #8982, .F. ) ;
#3947 = LINE ( 'NONE', #858, #1736 ) ;
#3949 = CARTESIAN_POINT ( 'NONE',  ( -5.269495862789760565, 1.599999999999999867, 5.318092213764225029 ) ) ;
#3950 = VERTEX_POINT ( 'NONE', #6251 ) ;
#3951 = ADVANCED_FACE ( 'NONE', ( #3989 ), #1772, .F. ) ;
#3952 = ADVANCED_FACE ( 'NONE', ( #5474 ), #6881, .F. ) ;
#3953 = AXIS2_PLACEMENT_3D ( 'NONE', #7684, #955, #4049 ) ;
#3954 = LINE ( 'NONE', #3204, #2097 ) ;
#3955 = ORIENTED_EDGE ( 'NONE', *, *, #1192, .T. ) ;
#3956 = VECTOR ( 'NONE', #1957, 1000.000000000000000 ) ;
#3958 = ORIENTED_EDGE ( 'NONE', *, *, #4060, .T. ) ;
#3957 = CARTESIAN_POINT ( 'NONE',  ( 0.3749999999999998890, 0.2999999999999999889, 3.794707603699265519E-16 ) ) ;
#3959 = CARTESIAN_POINT ( 'NONE',  ( -6.699999999999997513, 4.200000000000000178, 4.899999999999999467 ) ) ;
#3960 = DIRECTION ( 'NONE',  ( 0.000000000000000000, 0.000000000000000000, -1.000000000000000000 ) ) ;
#3962 = ORIENTED_EDGE ( 'NONE', *, *, #695, .T. ) ;
#3961 = DIRECTION ( 'NONE',  ( 0.000000000000000000, 1.000000000000000000, -0.000000000000000000 ) ) ;
#3963 = AXIS2_PLACEMENT_3D ( 'NONE', #929, #3123, #2981 ) ;
#3964 = EDGE_LOOP ( 'NONE', ( #4009, #1544, #6312, #1748 ) ) ;
#3965 = ORIENTED_EDGE ( 'NONE', *, *, #7919, .F. ) ;
#3966 = EDGE_LOOP ( 'NONE', ( #3665, #8298, #8430, #1579 ) ) ;
#3967 = VECTOR ( 'NONE', #842, 1000.000000000000000 ) ;
#3969 = ORIENTED_EDGE ( 'NONE', *, *, #5688, .T. ) ;
#3968 = PLANE ( 'NONE',  #1336 ) ;
#3970 =( LENGTH_UNIT ( ) NAMED_UNIT ( * ) SI_UNIT ( .MILLI., .METRE. ) );
#3971 = PLANE ( 'NONE',  #5184 ) ;
#3972 = ORIENTED_EDGE ( 'NONE', *, *, #9362, .F. ) ;
#3973 = ORIENTED_EDGE ( 'NONE', *, *, #5221, .F. ) ;
#3974 = DIRECTION ( 'NONE',  ( 0.2334453638558993960, 0.9723699203976781114, 3.320040592046328557E-15 ) ) ;
#3976 = CARTESIAN_POINT ( 'NONE',  ( -0.8999999999999998002, 0.2999999999999999889, -6.190000000000002167 ) ) ;
#3975 = FACE_OUTER_BOUND ( 'NONE', #2542, .T. ) ;
#3977 = PLANE ( 'NONE',  #1172 ) ;
#3978 = ORIENTED_EDGE ( 'NONE', *, *, #3341, .F. ) ;
#3979 = CARTESIAN_POINT ( 'NONE',  ( -7.112901472932215086, 4.200000000000000178, -1.642142696710235272 ) ) ;
#3980 = VECTOR ( 'NONE', #2400, 1000.000000000000000 ) ;
#3981 = VERTEX_POINT ( 'NONE', #1624 ) ;
#3982 = DIRECTION ( 'NONE',  ( -1.000000000000000000, -8.828192289664103880E-17, -3.749237047729912819E-16 ) ) ;
#3983 = ORIENTED_EDGE ( 'NONE', *, *, #264, .T. ) ;
#3984 = VECTOR ( 'NONE', #7060, 1000.000000000000000 ) ;
#3985 = CARTESIAN_POINT ( 'NONE',  ( 3.249999999999999112, 0.2999999999999999889, -0.2999999999999996003 ) ) ;
#3987 = CARTESIAN_POINT ( 'NONE',  ( 3.643934344765680677, 4.200000000000000178, -6.440632149955242802 ) ) ;
#3986 = CARTESIAN_POINT ( 'NONE',  ( 2.840461957126084069, 3.373344536385590509, 5.299999999999998046 ) ) ;
#3988 = ADVANCED_FACE ( 'NONE', ( #7092 ), #3242, .F. ) ;
#3989 = FACE_OUTER_BOUND ( 'NONE', #6680, .T. ) ;
#3990 = AXIS2_PLACEMENT_3D ( 'NONE', #4505, #6568, #3020 ) ;
#3991 = VERTEX_POINT ( 'NONE', #8562 ) ;
#3992 = CARTESIAN_POINT ( 'NONE',  ( 7.210338479410735246, 0.000000000000000000, -1.664637802144620204 ) ) ;
#3993 = PLANE ( 'NONE',  #6484 ) ;
#3995 = ORIENTED_EDGE ( 'NONE', *, *, #2625, .F. ) ;
#3994 = DIRECTION ( 'NONE',  ( -0.9676937674929104727, 0.000000000000000000, -0.2521284838239759019 ) ) ;
#3996 = FACE_OUTER_BOUND ( 'NONE', #340, .T. ) ;
#3998 = ORIENTED_EDGE ( 'NONE', *, *, #4462, .F. ) ;
#3997 = CARTESIAN_POINT ( 'NONE',  ( 5.674999999999998934, 3.449999999999998401, 5.599999999999997868 ) ) ;
#3999 = CARTESIAN_POINT ( 'NONE',  ( 0.000000000000000000, 4.200000000000000178, 0.000000000000000000 ) ) ;
#4000 = ORIENTED_EDGE ( 'NONE', *, *, #4669, .F. ) ;
#4001 = VECTOR ( 'NONE', #4983, 999.9999999999998863 ) ;
#4002 = DIRECTION ( 'NONE',  ( -1.000000000000000000, 0.000000000000000000, 0.000000000000000000 ) ) ;
#4003 = EDGE_LOOP ( 'NONE', ( #2610, #3487, #3765, #2387 ) ) ;
#4005 = VERTEX_POINT ( 'NONE', #7628 ) ;
#4004 = DIRECTION ( 'NONE',  ( 0.000000000000000000, 0.000000000000000000, -1.000000000000000000 ) ) ;
#4006 = CARTESIAN_POINT ( 'NONE',  ( 3.249999999999998668, 0.2999999999999999889, 1.225000000000000311 ) ) ;
#4007 = DIRECTION ( 'NONE',  ( 1.000000000000000000, 0.000000000000000000, 0.000000000000000000 ) ) ;
#4009 = ORIENTED_EDGE ( 'NONE', *, *, #5949, .F. ) ;
#4008 = DIRECTION ( 'NONE',  ( 1.000000000000000000, 0.000000000000000000, 0.000000000000000000 ) ) ;
#4010 = EDGE_CURVE ( 'NONE', #4599, #3849, #899, .T. ) ;
#4011 = EDGE_CURVE ( 'NONE', #3525, #2594, #6990, .T. ) ;
#4012 = VECTOR ( 'NONE', #8600, 1000.000000000000114 ) ;
#4013 = ORIENTED_EDGE ( 'NONE', *, *, #5367, .T. ) ;
#4014 = ORIENTED_EDGE ( 'NONE', *, *, #1474, .F. ) ;
#4015 = EDGE_CURVE ( 'NONE', #3981, #5051, #3289, .T. ) ;
#4016 = ORIENTED_EDGE ( 'NONE', *, *, #457, .T. ) ;
#4017 = ORIENTED_EDGE ( 'NONE', *, *, #3045, .F. ) ;
#4018 = VECTOR ( 'NONE', #4657, 1000.000000000000000 ) ;
#4020 = ORIENTED_EDGE ( 'NONE', *, *, #753, .T. ) ;
#4019 = DIRECTION ( 'NONE',  ( -0.000000000000000000, -1.000000000000000000, -0.000000000000000000 ) ) ;
#4021 = CARTESIAN_POINT ( 'NONE',  ( 1.486584783323321668, 4.200000000000000178, -7.147031949137461204 ) ) ;
#4022 = DIRECTION ( 'NONE',  ( -0.6626200482157350580, 0.000000000000000000, -0.7489557207890041868 ) ) ;
#4023 = VERTEX_POINT ( 'NONE', #2502 ) ;
#4024 = CARTESIAN_POINT ( 'NONE',  ( 0.8749999999999995559, 1.100000000000000311, -0.7999999999999988232 ) ) ;
#4026 = DIRECTION ( 'NONE',  ( 0.000000000000000000, 0.000000000000000000, -1.000000000000000000 ) ) ;
#4025 = DIRECTION ( 'NONE',  ( 0.9745028046914837594, 0.000000000000000000, -0.2243753187149420403 ) ) ;
#4027 = FACE_OUTER_BOUND ( 'NONE', #9238, .T. ) ;
#4028 = VECTOR ( 'NONE', #2127, 1000.000000000000000 ) ;
#4029 = EDGE_CURVE ( 'NONE', #7339, #3563, #1093, .T. ) ;
#4030 = ORIENTED_EDGE ( 'NONE', *, *, #4394, .T. ) ;
#4031 = CARTESIAN_POINT ( 'NONE',  ( -1.050000000000000044, 4.200000000000000178, -7.325127985230018623 ) ) ;
#4032 = CARTESIAN_POINT ( 'NONE',  ( 7.876886415912344401E-16, 5.414874831559184365, -3.631294375762170769E-16 ) ) ;
#4033 = VERTEX_POINT ( 'NONE', #4837 ) ;
#4034 = CARTESIAN_POINT ( 'NONE',  ( -3.050555351932489945, 2.498242567300921646, 5.599999999999997868 ) ) ;
#4035 = EDGE_CURVE ( 'NONE', #7392, #5407, #8510, .T. ) ;
#4037 = CARTESIAN_POINT ( 'NONE',  ( 1.899999999999998579, 0.2999999999999999889, 1.225000000000000311 ) ) ;
#4036 = CARTESIAN_POINT ( 'NONE',  ( -0.8999999999999989120, 0.3000000000000012101, -10.49000000000000199 ) ) ;
#4038 = CARTESIAN_POINT ( 'NONE',  ( 0.000000000000000000, 4.200000000000000178, 0.000000000000000000 ) ) ;
#4039 = ADVANCED_FACE ( 'NONE', ( #7822 ), #4084, .F. ) ;
#4040 = EDGE_CURVE ( 'NONE', #3718, #4957, #7594, .T. ) ;
#4041 = VERTEX_POINT ( 'NONE', #358 ) ;
#4042 = DIRECTION ( 'NONE',  ( 0.000000000000000000, 0.000000000000000000, -1.000000000000000000 ) ) ;
#4043 = DIRECTION ( 'NONE',  ( 0.000000000000000000, 1.000000000000000000, 0.000000000000000000 ) ) ;
#4045 = EDGE_LOOP ( 'NONE', ( #8526, #397, #4088, #3384 ) ) ;
#4044 = CARTESIAN_POINT ( 'NONE',  ( -5.674999999999997158, 1.599999999999999867, 5.599999999999997868 ) ) ;
#4046 = DIRECTION ( 'NONE',  ( 1.000000000000000000, -0.000000000000000000, -0.000000000000000000 ) ) ;
#4048 = ORIENTED_EDGE ( 'NONE', *, *, #8458, .F. ) ;
#4047 = DIRECTION ( 'NONE',  ( -0.2516678542837350041, -0.06042010615679305890, 0.9659258262890699775 ) ) ;
#4049 = DIRECTION ( 'NONE',  ( 0.000000000000000000, 0.000000000000000000, 1.000000000000000000 ) ) ;
#4050 = ORIENTED_EDGE ( 'NONE', *, *, #2168, .T. ) ;
#4051 = EDGE_LOOP ( 'NONE', ( #6197, #2331, #7785, #1852 ) ) ;
#4053 = ORIENTED_EDGE ( 'NONE', *, *, #1131, .F. ) ;
#4052 = DIRECTION ( 'NONE',  ( -0.000000000000000000, -1.000000000000000000, -0.000000000000000000 ) ) ;
#4054 = DIRECTION ( 'NONE',  ( 0.000000000000000000, 0.000000000000000000, -1.000000000000000000 ) ) ;
#4055 = LINE ( 'NONE', #965, #1930 ) ;
#4057 = ORIENTED_EDGE ( 'NONE', *, *, #6706, .F. ) ;
#4056 = CARTESIAN_POINT ( 'NONE',  ( 1.849413564507905949, 0.000000000000000000, 7.132552606811364271 ) ) ;
#4058 = ORIENTED_EDGE ( 'NONE', *, *, #3628, .T. ) ;
#4059 = ORIENTED_EDGE ( 'NONE', *, *, #6198, .F. ) ;
#4060 = EDGE_CURVE ( 'NONE', #4023, #7691, #1718, .T. ) ;
#4061 = EDGE_CURVE ( 'NONE', #1346, #6705, #536, .T. ) ;
#4062 = EDGE_CURVE ( 'NONE', #7400, #1384, #7962, .T. ) ;
#4063 = EDGE_CURVE ( 'NONE', #7415, #4023, #4781, .T. ) ;
#4065 = ORIENTED_EDGE ( 'NONE', *, *, #1715, .F. ) ;
#4064 = CARTESIAN_POINT ( 'NONE',  ( 2.840461957126082737, 3.373344536385590509, 5.599999999999997868 ) ) ;
#4066 = DIRECTION ( 'NONE',  ( 0.000000000000000000, 0.000000000000000000, -1.000000000000000000 ) ) ;
#4067 = DIRECTION ( 'NONE',  ( 0.2516678542837342270, -0.06042010615679597324, 0.9659258262890699775 ) ) ;
#4068 = EDGE_LOOP ( 'NONE', ( #2862, #7464, #6866, #3644 ) ) ;
#4069 = ORIENTED_EDGE ( 'NONE', *, *, #6419, .F. ) ;
#4070 = CARTESIAN_POINT ( 'NONE',  ( 0.000000000000000000, 4.200000000000000178, 0.000000000000000000 ) ) ;
#4072 = DIRECTION ( 'NONE',  ( 0.6626200482157351690, 0.000000000000000000, -0.7489557207890041868 ) ) ;
#4071 = CARTESIAN_POINT ( 'NONE',  ( 3.749999999999999556, 4.200000000000000178, -1.324999999999999512 ) ) ;
#4073 = LINE ( 'NONE', #9137, #59 ) ;
#4074 = EDGE_CURVE ( 'NONE', #7137, #577, #2746, .T. ) ;
#4075 = ORIENTED_EDGE ( 'NONE', *, *, #5149, .F. ) ;
#4076 = DIRECTION ( 'NONE',  ( -0.000000000000000000, -1.000000000000000000, -0.000000000000000000 ) ) ;
#4077 = ORIENTED_EDGE ( 'NONE', *, *, #6098, .F. ) ;
#4078 = CARTESIAN_POINT ( 'NONE',  ( 0.000000000000000000, 0.000000000000000000, 0.000000000000000000 ) ) ;
#4079 = ORIENTED_EDGE ( 'NONE', *, *, #2076, .T. ) ;
#4080 = VECTOR ( 'NONE', #8383, 1000.000000000000000 ) ;
#4081 = DIRECTION ( 'NONE',  ( -0.000000000000000000, -0.000000000000000000, 1.000000000000000000 ) ) ;
#4083 = DIRECTION ( 'NONE',  ( -1.000000000000000000, 5.782411586589365527E-16, 0.000000000000000000 ) ) ;
#4082 = DIRECTION ( 'NONE',  ( 0.000000000000000000, 0.000000000000000000, 1.000000000000000000 ) ) ;
#4084 = PLANE ( 'NONE',  #381 ) ;
#4085 = VECTOR ( 'NONE', #5864, 1000.000000000000000 ) ;
#4086 = VECTOR ( 'NONE', #8623, 1000.000000000000000 ) ;
#4087 = AXIS2_PLACEMENT_3D ( 'NONE', #2386, #1755, #5505 ) ;
#4088 = ORIENTED_EDGE ( 'NONE', *, *, #735, .F. ) ;
#4089 = CARTESIAN_POINT ( 'NONE',  ( -1.652671250527558700, 0.000000000000000000, 7.177851726723113224 ) ) ;
#4090 = LINE ( 'NONE', #9246, #4918 ) ;
#4092 = ORIENTED_EDGE ( 'NONE', *, *, #2461, .T. ) ;
#4091 = CARTESIAN_POINT ( 'NONE',  ( 1.652671250527564029, 4.200000000000000178, 7.177851726723113224 ) ) ;
#4093 = CARTESIAN_POINT ( 'NONE',  ( -0.9000000000000000222, 0.5999999999999999778, 5.899999999999997691 ) ) ;
#4095 = VERTEX_POINT ( 'NONE', #7327 ) ;
#4094 = DIRECTION ( 'NONE',  ( -1.314184451497581013E-16, 0.000000000000000000, -1.000000000000000000 ) ) ;
#4096 = CIRCLE ( 'NONE', #6448, 7.300000000000003375 ) ;
#4097 = PLANE ( 'NONE',  #8190 ) ;
#4098 = VECTOR ( 'NONE', #8824, 1000.000000000000000 ) ;
#4099 = AXIS2_PLACEMENT_3D ( 'NONE', #3477, #7959, #1994 ) ;
#4100 = CIRCLE ( 'NONE', #178, 0.5749999999999999556 ) ;
#4101 = ORIENTED_EDGE ( 'NONE', *, *, #886, .T. ) ;
#4103 = VERTEX_POINT ( 'NONE', #7143 ) ;
#4102 = DIRECTION ( 'NONE',  ( 0.3420201433256628287, -3.708189824274869338E-16, 0.9396926207859105373 ) ) ;
#4104 = ADVANCED_FACE ( 'NONE', ( #7921 ), #5718, .T. ) ;
#4105 = CARTESIAN_POINT ( 'NONE',  ( 0.000000000000000000, 4.200000000000000178, 0.000000000000000000 ) ) ;
#4106 = DIRECTION ( 'NONE',  ( -0.9238795325112877377, 0.000000000000000000, -0.3826834323650873393 ) ) ;
#4108 = ORIENTED_EDGE ( 'NONE', *, *, #4612, .T. ) ;
#4107 = CARTESIAN_POINT ( 'NONE',  ( 6.700000000000000178, 4.200000000000000178, 6.149999999999997691 ) ) ;
#4109 = CIRCLE ( 'NONE', #8808, 0.4500000000000007327 ) ;
#4110 = VECTOR ( 'NONE', #6879, 1000.000000000000000 ) ;
#4111 = VERTEX_POINT ( 'NONE', #9529 ) ;
#4112 = EDGE_CURVE ( 'NONE', #7510, #8254, #3480, .T. ) ;
#4113 = ORIENTED_EDGE ( 'NONE', *, *, #538, .F. ) ;
#4115 = VERTEX_POINT ( 'NONE', #8060 ) ;
#4114 = CARTESIAN_POINT ( 'NONE',  ( -6.174999999999998046, 4.200000000000000178, 5.599999999999997868 ) ) ;
#4116 = VECTOR ( 'NONE', #5159, 1000.000000000000000 ) ;
#4117 = CARTESIAN_POINT ( 'NONE',  ( -6.466838485689897276, 0.000000000000000000, 4.899999999999999467 ) ) ;
#4118 = FACE_OUTER_BOUND ( 'NONE', #7165, .T. ) ;
#4119 = ORIENTED_EDGE ( 'NONE', *, *, #5057, .F. ) ;
#4120 = VERTEX_POINT ( 'NONE', #2048 ) ;
#4122 = CARTESIAN_POINT ( 'NONE',  ( 0.000000000000000000, 4.200000000000000178, 0.000000000000000000 ) ) ;
#4121 = CARTESIAN_POINT ( 'NONE',  ( 1.566274348783027071, 2.141898225938618339, 5.197777478867208423 ) ) ;
#4123 = FACE_OUTER_BOUND ( 'NONE', #9282, .T. ) ;
#4124 = EDGE_CURVE ( 'NONE', #6906, #4755, #8842, .T. ) ;
#4125 = CIRCLE ( 'NONE', #7731, 7.300000000000002487 ) ;
#4126 = VERTEX_POINT ( 'NONE', #2785 ) ;
#4127 = LINE ( 'NONE', #5063, #8869 ) ;
#4128 = EDGE_LOOP ( 'NONE', ( #2151, #724, #1866, #8081 ) ) ;
#4129 = CARTESIAN_POINT ( 'NONE',  ( 0.9000000000000027978, 0.3000000000000012101, -10.49000000000000199 ) ) ;
#4130 = VERTEX_POINT ( 'NONE', #7279 ) ;
#4131 = CARTESIAN_POINT ( 'NONE',  ( 0.09560852742711117846, 4.200000000000000178, 0.02201347570273634244 ) ) ;
#4133 = DIRECTION ( 'NONE',  ( 0.000000000000000000, -1.000000000000000000, 0.000000000000000000 ) ) ;
#4132 = CARTESIAN_POINT ( 'NONE',  ( -1.506948958437339003, 0.000000000000000000, -7.244936496385913749 ) ) ;
#4134 = EDGE_CURVE ( 'NONE', #3618, #172, #9157, .T. ) ;
#4135 = EDGE_CURVE ( 'NONE', #7804, #4727, #491, .T. ) ;
#4136 = DIRECTION ( 'NONE',  ( 0.000000000000000000, 0.000000000000000000, 1.000000000000000000 ) ) ;
#4137 = EDGE_CURVE ( 'NONE', #5064, #4879, #9488, .T. ) ;
#4138 = CARTESIAN_POINT ( 'NONE',  ( 0.9000000000000017986, 0.3119011763445350693, -6.657619764731096623 ) ) ;
#4139 = DIRECTION ( 'NONE',  ( -1.000000000000000000, 0.000000000000000000, -0.000000000000000000 ) ) ;
#4141 = ORIENTED_EDGE ( 'NONE', *, *, #3130, .T. ) ;
#4140 = CARTESIAN_POINT ( 'NONE',  ( -0.8749999999999995559, 0.6000000000000000888, -0.7999999999999988232 ) ) ;
#4142 = LINE ( 'NONE', #593, #5514 ) ;
#4144 = ORIENTED_EDGE ( 'NONE', *, *, #2702, .F. ) ;
#4143 = LINE ( 'NONE', #5585, #1584 ) ;
#4145 = ORIENTED_EDGE ( 'NONE', *, *, #1237, .T. ) ;
#4146 = DIRECTION ( 'NONE',  ( -0.3420201433256628287, 0.000000000000000000, 0.9396926207859105373 ) ) ;
#4147 = VECTOR ( 'NONE', #5802, 1000.000000000000000 ) ;
#4148 = ORIENTED_EDGE ( 'NONE', *, *, #1662, .F. ) ;
#4149 = VECTOR ( 'NONE', #7717, 1000.000000000000000 ) ;
#4151 = ORIENTED_EDGE ( 'NONE', *, *, #5466, .T. ) ;
#4150 = FACE_OUTER_BOUND ( 'NONE', #4194, .T. ) ;
#4152 = LINE ( 'NONE', #4998, #6901 ) ;
#4153 = CARTESIAN_POINT ( 'NONE',  ( 0.1541429497280352723, 2.291372688986410999, 5.149785371212445284 ) ) ;
#4155 = ORIENTED_EDGE ( 'NONE', *, *, #4372, .T. ) ;
#4154 = DIRECTION ( 'NONE',  ( 0.000000000000000000, 1.000000000000000000, 0.000000000000000000 ) ) ;
#4156 = ORIENTED_EDGE ( 'NONE', *, *, #263, .F. ) ;
#4157 = EDGE_CURVE ( 'NONE', #4041, #2772, #405, .T. ) ;
#4158 = AXIS2_PLACEMENT_3D ( 'NONE', #6955, #221, #1542 ) ;
#4159 = ORIENTED_EDGE ( 'NONE', *, *, #2001, .T. ) ;
#4160 = ORIENTED_EDGE ( 'NONE', *, *, #918, .T. ) ;
#4161 = EDGE_CURVE ( 'NONE', #2525, #4511, #586, .T. ) ;
#4163 = ORIENTED_EDGE ( 'NONE', *, *, #3897, .T. ) ;
#4162 = FACE_BOUND ( 'NONE', #1441, .T. ) ;
#4164 = ADVANCED_FACE ( 'NONE', ( #1226 ), #3529, .F. ) ;
#4165 = VECTOR ( 'NONE', #1907, 1000.000000000000000 ) ;
#4166 = DIRECTION ( 'NONE',  ( -0.000000000000000000, 1.000000000000000000, -0.000000000000000000 ) ) ;
#4167 = FACE_OUTER_BOUND ( 'NONE', #7623, .T. ) ;
#4168 = ADVANCED_FACE ( 'NONE', ( #5761 ), #8790, .F. ) ;
#4169 = ADVANCED_FACE ( 'NONE', ( #6583 ), #9573, .F. ) ;
#4170 = ORIENTED_EDGE ( 'NONE', *, *, #518, .F. ) ;
#4171 = CARTESIAN_POINT ( 'NONE',  ( -3.050555351932489945, 2.498242567300921646, 5.299999999999998046 ) ) ;
#4172 = CARTESIAN_POINT ( 'NONE',  ( -1.566274348783026626, 2.141898225938618783, 5.197777478867208423 ) ) ;
#4173 = AXIS2_PLACEMENT_3D ( 'NONE', #9512, #8683, #9375 ) ;
#4174 = ORIENTED_EDGE ( 'NONE', *, *, #2463, .F. ) ;
#4175 = CARTESIAN_POINT ( 'NONE',  ( 0.000000000000000000, 4.200000000000000178, 0.000000000000000000 ) ) ;
#4176 = ORIENTED_EDGE ( 'NONE', *, *, #4371, .F. ) ;
#4177 = CARTESIAN_POINT ( 'NONE',  ( 1.024999999999999245, 0.5999999999999999778, 2.950000000000000178 ) ) ;
#4178 = VERTEX_POINT ( 'NONE', #3432 ) ;
#4179 = DIRECTION ( 'NONE',  ( 0.000000000000000000, -0.000000000000000000, 1.000000000000000000 ) ) ;
#4181 = CARTESIAN_POINT ( 'NONE',  ( 1.999999999999999112, 4.200000000000000178, -1.324999999999999512 ) ) ;
#4180 = DIRECTION ( 'NONE',  ( -3.093406186374440349E-32, 1.000000000000000000, 1.141265444721584004E-16 ) ) ;
#4182 = CARTESIAN_POINT ( 'NONE',  ( -3.813246603095878928, 0.000000000000000000, -4.236643759389941977 ) ) ;
#4183 = EDGE_CURVE ( 'NONE', #7339, #3278, #6446, .T. ) ;
#4184 = EDGE_CURVE ( 'NONE', #871, #766, #8989, .T. ) ;
#4185 = EDGE_CURVE ( 'NONE', #4499, #9510, #46, .T. ) ;
#4186 = FACE_OUTER_BOUND ( 'NONE', #379, .T. ) ;
#4187 = EDGE_CURVE ( 'NONE', #5227, #602, #5270, .T. ) ;
#4188 = DIRECTION ( 'NONE',  ( -0.3746065934159064637, -0.000000000000000000, 0.9271838545667896447 ) ) ;
#4189 = CARTESIAN_POINT ( 'NONE',  ( -1.486584783323322334, 0.000000000000000000, -7.147031949137462092 ) ) ;
#4191 = ORIENTED_EDGE ( 'NONE', *, *, #5037, .T. ) ;
#4190 = CARTESIAN_POINT ( 'NONE',  ( 2.940050835968759824, 0.000000000000000000, -6.681773797571979756 ) ) ;
#4192 = CARTESIAN_POINT ( 'NONE',  ( -0.1541429497280359384, 2.291372688986410555, 5.149785371212445284 ) ) ;
#4194 = EDGE_LOOP ( 'NONE', ( #8721, #7198, #134, #524 ) ) ;
#4193 = CARTESIAN_POINT ( 'NONE',  ( -2.470092451470720096, 0.5999999999999998668, -5.358044725568028355 ) ) ;
#4195 = DIRECTION ( 'NONE',  ( 0.000000000000000000, 1.000000000000000000, -0.000000000000000000 ) ) ;
#4197 = VERTEX_POINT ( 'NONE', #9625 ) ;
#4196 = CARTESIAN_POINT ( 'NONE',  ( 5.284855240766553222E-15, 4.200000000000000178, 6.550000000000001599 ) ) ;
#4198 = CARTESIAN_POINT ( 'NONE',  ( 0.000000000000000000, 4.200000000000000178, 0.000000000000000000 ) ) ;
#4199 =( LENGTH_UNIT ( ) NAMED_UNIT ( * ) SI_UNIT ( .MILLI., .METRE. ) );
#4200 = AXIS2_PLACEMENT_3D ( 'NONE', #615, #2869, #2918 ) ;
#4202 = VERTEX_POINT ( 'NONE', #5118 ) ;
#4201 = DIRECTION ( 'NONE',  ( -0.000000000000000000, 1.000000000000000000, -0.000000000000000000 ) ) ;
#4203 = ORIENTED_EDGE ( 'NONE', *, *, #4062, .F. ) ;
#4204 = EDGE_CURVE ( 'NONE', #4352, #7788, #8890, .T. ) ;
#4206 = ORIENTED_EDGE ( 'NONE', *, *, #674, .T. ) ;
#4205 = CARTESIAN_POINT ( 'NONE',  ( 2.274999999999999467, 0.5999999999999999778, -0.2999999999999996558 ) ) ;
#4207 = CARTESIAN_POINT ( 'NONE',  ( 0.000000000000000000, 4.200000000000000178, 0.000000000000000000 ) ) ;
#4208 = CARTESIAN_POINT ( 'NONE',  ( 0.6499999999999995781, 1.244188384379823598, 2.675794114407785251 ) ) ;
#4209 = ORIENTED_EDGE ( 'NONE', *, *, #2763, .F. ) ;
#4210 = VERTEX_POINT ( 'NONE', #8207 ) ;
#4211 = CARTESIAN_POINT ( 'NONE',  ( 1.050000000000000044, 0.5999999999999998668, -5.400000000000000355 ) ) ;
#4212 = CARTESIAN_POINT ( 'NONE',  ( -4.299999999999999822, 0.5999999999999998668, 5.299999999999998046 ) ) ;
#4213 = EDGE_CURVE ( 'NONE', #2568, #9010, #1520, .T. ) ;
#4214 = ORIENTED_EDGE ( 'NONE', *, *, #3036, .F. ) ;
#4215 = CARTESIAN_POINT ( 'NONE',  ( 2.940050835968759824, 4.200000000000000178, -6.681773797571979756 ) ) ;
#4216 = DIRECTION ( 'NONE',  ( -0.000000000000000000, -0.000000000000000000, 1.000000000000000000 ) ) ;
#4217 = EDGE_LOOP ( 'NONE', ( #2657, #8101, #4917, #579 ) ) ;
#4218 = LINE ( 'NONE', #7089, #9588 ) ;
#4220 = CARTESIAN_POINT ( 'NONE',  ( -7.099999999999998757, 0.000000000000000000, 5.299999999999999822 ) ) ;
#4219 = CARTESIAN_POINT ( 'NONE',  ( 2.157866156935102531, 3.003817488687372084, 5.599999999999999645 ) ) ;
#4221 = VECTOR ( 'NONE', #6304, 1000.000000000000000 ) ;
#4222 = CARTESIAN_POINT ( 'NONE',  ( -2.274999999999999467, 0.5999999999999999778, 3.794707603699265519E-16 ) ) ;
#4223 = EDGE_CURVE ( 'NONE', #9421, #8835, #1462, .T. ) ;
#4224 = DIRECTION ( 'NONE',  ( -0.000000000000000000, -1.000000000000000000, -0.000000000000000000 ) ) ;
#4225 = AXIS2_PLACEMENT_3D ( 'NONE', #978, #8638, #4066 ) ;
#4226 = AXIS2_PLACEMENT_3D ( 'NONE', #7470, #5217, #730 ) ;
#4227 = DIRECTION ( 'NONE',  ( 0.2334453638558998956, 0.9723699203976778893, 6.702456827663779333E-18 ) ) ;
#4228 = DIRECTION ( 'NONE',  ( -0.000000000000000000, 1.000000000000000000, -0.000000000000000000 ) ) ;
#4230 = VERTEX_POINT ( 'NONE', #3039 ) ;
#4229 = CARTESIAN_POINT ( 'NONE',  ( 0.9000000000000000222, 0.5999999999999999778, 5.599999999999997868 ) ) ;
#4231 = EDGE_LOOP ( 'NONE', ( #5821, #7947, #5728, #9521 ) ) ;
#4232 = CARTESIAN_POINT ( 'NONE',  ( -6.096127999249073781, 0.000000000000000000, 4.194904458598726293 ) ) ;
#4234 = CARTESIAN_POINT ( 'NONE',  ( -1.999999999999999112, 4.200000000000000178, 1.325000000000000178 ) ) ;
#4233 = CARTESIAN_POINT ( 'NONE',  ( 3.097236992039767767, 2.303799542494627595, 5.599999999999997868 ) ) ;
#4235 = VECTOR ( 'NONE', #6792, 1000.000000000000000 ) ;
#4236 = LINE ( 'NONE', #8713, #771 ) ;
#4237 = EDGE_CURVE ( 'NONE', #9510, #3411, #5948, .T. ) ;
#4238 = VECTOR ( 'NONE', #4344, 1000.000000000000114 ) ;
#4239 = VECTOR ( 'NONE', #7663, 999.9999999999998863 ) ;
#4240 = AXIS2_PLACEMENT_3D ( 'NONE', #2507, #366, #3994 ) ;
#4241 = EDGE_CURVE ( 'NONE', #9059, #6138, #1367, .T. ) ;
#4242 = ADVANCED_FACE ( 'NONE', ( #8258 ), #4520, .T. ) ;
#4244 = ORIENTED_EDGE ( 'NONE', *, *, #5881, .F. ) ;
#4243 = DIRECTION ( 'NONE',  ( 0.9396926207859105373, 0.000000000000000000, -0.3420201433256628287 ) ) ;
#4245 = CIRCLE ( 'NONE', #2819, 0.2250000000000000056 ) ;
#4246 = VECTOR ( 'NONE', #6417, 1000.000000000000000 ) ;
#4247 = EDGE_LOOP ( 'NONE', ( #3899, #6386, #1117, #4407 ) ) ;
#4248 = CARTESIAN_POINT ( 'NONE',  ( -1.506948958437339003, 4.200000000000000178, -7.244936496385913749 ) ) ;
#4249 = SURFACE_STYLE_FILL_AREA ( #8861 ) ;
#4251 = EDGE_LOOP ( 'NONE', ( #2693, #3870, #1426, #1791 ) ) ;
#4250 = FACE_OUTER_BOUND ( 'NONE', #1361, .T. ) ;
#4252 = DIRECTION ( 'NONE',  ( -1.000000000000000000, 0.000000000000000000, 0.000000000000000000 ) ) ;
#4253 = EDGE_CURVE ( 'NONE', #1985, #6968, #5412, .T. ) ;
#4254 = ORIENTED_EDGE ( 'NONE', *, *, #2723, .F. ) ;
#4255 = ADVANCED_FACE ( 'NONE', ( #2296 ), #631, .F. ) ;
#4256 = ADVANCED_FACE ( 'NONE', ( #6782 ), #8841, .T. ) ;
#4257 = AXIS2_PLACEMENT_3D ( 'NONE', #1272, #5715, #1856 ) ;
#4258 = AXIS2_PLACEMENT_3D ( 'NONE', #2313, #9057, #5481 ) ;
#4259 = ORIENTED_EDGE ( 'NONE', *, *, #9592, .F. ) ;
#4261 = ORIENTED_EDGE ( 'NONE', *, *, #1786, .T. ) ;
#4260 = DIRECTION ( 'NONE',  ( -1.000000000000000000, 0.000000000000000000, 0.000000000000000000 ) ) ;
#4262 = CARTESIAN_POINT ( 'NONE',  ( 0.3884464733798009273, 2.579017406767495135, 4.918241908473789614 ) ) ;
#4263 = CARTESIAN_POINT ( 'NONE',  ( 0.000000000000000000, 0.5999999999999999778, 0.000000000000000000 ) ) ;
#4264 = VECTOR ( 'NONE', #4392, 1000.000000000000114 ) ;
#4265 = EDGE_LOOP ( 'NONE', ( #2800, #7204, #7449, #6136 ) ) ;
#4266 = STYLED_ITEM ( 'NONE', ( #1333 ), #8141 ) ;
#4267 = FACE_OUTER_BOUND ( 'NONE', #6814, .T. ) ;
#4268 = CARTESIAN_POINT ( 'NONE',  ( 6.466838485689899940, 4.200000000000000178, 4.899999999999997691 ) ) ;
#4269 = ADVANCED_FACE ( 'NONE', ( #8936 ), #7572, .T. ) ;
#4270 = AXIS2_PLACEMENT_3D ( 'NONE', #3145, #5431, #5580 ) ;
#4271 = CIRCLE ( 'NONE', #6784, 0.1000000000000002554 ) ;
#4272 = ORIENTED_EDGE ( 'NONE', *, *, #540, .F. ) ;
#4274 = VERTEX_POINT ( 'NONE', #5220 ) ;
#4273 = PLANE ( 'NONE',  #1802 ) ;
#4275 = ORIENTED_EDGE ( 'NONE', *, *, #5949, .T. ) ;
#4276 = DIRECTION ( 'NONE',  ( -3.093406186374440349E-32, 1.000000000000000000, 1.141265444721584004E-16 ) ) ;
#4277 = ORIENTED_EDGE ( 'NONE', *, *, #3861, .F. ) ;
#4278 = DIRECTION ( 'NONE',  ( -0.000000000000000000, 1.000000000000000000, -0.000000000000000000 ) ) ;
#4280 = DIRECTION ( 'NONE',  ( -0.000000000000000000, -1.000000000000000000, -0.000000000000000000 ) ) ;
#4279 = CARTESIAN_POINT ( 'NONE',  ( 5.674999999999998934, 3.449999999999998401, 5.599999999999997868 ) ) ;
#4281 = CARTESIAN_POINT ( 'NONE',  ( 5.674999999999997158, 1.599999999999997202, 5.599999999999997868 ) ) ;
#4282 = VECTOR ( 'NONE', #1327, 1000.000000000000114 ) ;
#4283 = FACE_OUTER_BOUND ( 'NONE', #4302, .T. ) ;
#4284 = CIRCLE ( 'NONE', #839, 7.300000000000002487 ) ;
#4285 = CYLINDRICAL_SURFACE ( 'NONE', #5185, 0.3999999999999993006 ) ;
#4286 = DIRECTION ( 'NONE',  ( 1.758787277686376500E-16, -0.000000000000000000, -1.000000000000000000 ) ) ;
#4288 = VERTEX_POINT ( 'NONE', #4418 ) ;
#4287 = CARTESIAN_POINT ( 'NONE',  ( 0.6499999999999995781, 1.244188384379823598, 2.675794114407785251 ) ) ;
#4289 = EDGE_CURVE ( 'NONE', #482, #380, #7425, .T. ) ;
#4290 = ORIENTED_EDGE ( 'NONE', *, *, #1976, .T. ) ;
#4291 = DIRECTION ( 'NONE',  ( -0.000000000000000000, 1.000000000000000000, -0.000000000000000000 ) ) ;
#4292 = VERTEX_POINT ( 'NONE', #9670 ) ;
#4293 = FACE_OUTER_BOUND ( 'NONE', #3652, .T. ) ;
#4295 = ORIENTED_EDGE ( 'NONE', *, *, #3879, .T. ) ;
#4294 = CARTESIAN_POINT ( 'NONE',  ( 6.174999999999999822, 4.200000000000000178, 5.299999999999998046 ) ) ;
#4296 = AXIS2_PLACEMENT_3D ( 'NONE', #8156, #7371, #3777 ) ;
#4297 = CARTESIAN_POINT ( 'NONE',  ( 3.918869757271530460E-16, -0.5999999999999980904, 3.299999999999998046 ) ) ;
#4298 = PRESENTATION_STYLE_ASSIGNMENT (( #3592 ) ) ;
#4300 = ORIENTED_EDGE ( 'NONE', *, *, #5438, .F. ) ;
#4299 = FACE_OUTER_BOUND ( 'NONE', #5629, .T. ) ;
#4301 = CARTESIAN_POINT ( 'NONE',  ( 3.249999999999998668, 0.5999999999999999778, 0.3000000000000003775 ) ) ;
#4302 = EDGE_LOOP ( 'NONE', ( #2664, #6363, #6273, #2371 ) ) ;
#4303 = VECTOR ( 'NONE', #29, 1000.000000000000000 ) ;
#4304 = EDGE_CURVE ( 'NONE', #3382, #4402, #1467, .T. ) ;
#4305 = EDGE_CURVE ( 'NONE', #4115, #4318, #3725, .T. ) ;
#4307 = ORIENTED_EDGE ( 'NONE', *, *, #4737, .F. ) ;
#4306 = DIRECTION ( 'NONE',  ( -0.000000000000000000, -1.000000000000000000, 0.000000000000000000 ) ) ;
#4309 = EDGE_CURVE ( 'NONE', #2925, #8577, #2983, .T. ) ;
#4308 = CARTESIAN_POINT ( 'NONE',  ( 1.424999999999999156, 0.5999999999999999778, -4.499999999999999112 ) ) ;
#4310 = DIRECTION ( 'NONE',  ( -0.000000000000000000, -1.000000000000000000, 0.000000000000000000 ) ) ;
#4311 = AXIS2_PLACEMENT_3D ( 'NONE', #2462, #5341, #1637 ) ;
#4312 = ORIENTED_EDGE ( 'NONE', *, *, #574, .T. ) ;
#4313 = CARTESIAN_POINT ( 'NONE',  ( 1.899999999999998801, 0.5999999999999999778, -1.224999999999999423 ) ) ;
#4314 = DIRECTION ( 'NONE',  ( 0.3420201433256625512, 0.000000000000000000, -0.9396926207859105373 ) ) ;
#4315 = VECTOR ( 'NONE', #687, 1000.000000000000000 ) ;
#4316 = VERTEX_POINT ( 'NONE', #6193 ) ;
#4318 = VERTEX_POINT ( 'NONE', #9082 ) ;
#4317 = PLANE ( 'NONE',  #1643 ) ;
#4319 = ORIENTED_EDGE ( 'NONE', *, *, #1417, .T. ) ;
#4320 = DIRECTION ( 'NONE',  ( 0.000000000000000000, 1.000000000000000000, 0.000000000000000000 ) ) ;
#4321 = EDGE_LOOP ( 'NONE', ( #8728, #4459, #1095, #1933 ) ) ;
#4322 = DIRECTION ( 'NONE',  ( 0.9723699203976778893, -0.2334453638558999511, 0.000000000000000000 ) ) ;
#4324 = FACE_OUTER_BOUND ( 'NONE', #7010, .T. ) ;
#4323 = CARTESIAN_POINT ( 'NONE',  ( -2.887143597233360559, 3.178901511579296901, 5.299999999999998046 ) ) ;
#4325 = CARTESIAN_POINT ( 'NONE',  ( -3.249999999999998668, 0.2999999999999999889, 0.3000000000000003775 ) ) ;
#4326 = CIRCLE ( 'NONE', #4173, 2.199999999999998845 ) ;
#4327 = EDGE_CURVE ( 'NONE', #1744, #3325, #6874, .T. ) ;
#4328 = CARTESIAN_POINT ( 'NONE',  ( 0.000000000000000000, 4.200000000000000178, 0.000000000000000000 ) ) ;
#4329 = EDGE_CURVE ( 'NONE', #8314, #8104, #2392, .T. ) ;
#4330 = DIRECTION ( 'NONE',  ( 0.000000000000000000, 0.000000000000000000, -1.000000000000000000 ) ) ;
#4331 = CARTESIAN_POINT ( 'NONE',  ( 3.549999999999998490, 0.2999999999999999889, 0.3000000000000003775 ) ) ;
#4333 = VERTEX_POINT ( 'NONE', #5563 ) ;
#4332 = CARTESIAN_POINT ( 'NONE',  ( -0.3750000000000000000, 0.6170370868554649890, -0.6705904774487415620 ) ) ;
#4334 = DIRECTION ( 'NONE',  ( 0.3420201433256629953, 0.000000000000000000, -0.9396926207859104263 ) ) ;
#4336 = EDGE_LOOP ( 'NONE', ( #8426, #5372, #1756, #4016 ) ) ;
#4335 =( NAMED_UNIT ( * ) PLANE_ANGLE_UNIT ( ) SI_UNIT ( $, .RADIAN. ) );
#4337 = DIRECTION ( 'NONE',  ( -0.000000000000000000, -1.000000000000000000, -0.000000000000000000 ) ) ;
#4338 = VECTOR ( 'NONE', #3098, 1000.000000000000000 ) ;
#4339 = EDGE_CURVE ( 'NONE', #9542, #3217, #7446, .T. ) ;
#4340 = EDGE_CURVE ( 'NONE', #1638, #3099, #4073, .T. ) ;
#4341 = DIRECTION ( 'NONE',  ( -0.4027466898587339084, 0.000000000000000000, 0.9153114791194485456 ) ) ;
#4343 = ORIENTED_EDGE ( 'NONE', *, *, #3040, .T. ) ;
#4342 = DIRECTION ( 'NONE',  ( -1.172110456741085828E-16, 0.000000000000000000, 1.000000000000000000 ) ) ;
#4344 = DIRECTION ( 'NONE',  ( -0.9743700647852344687, 0.000000000000000000, -0.2249510543438677512 ) ) ;
#4346 = VERTEX_POINT ( 'NONE', #931 ) ;
#4345 = PLANE ( 'NONE',  #7879 ) ;
#4347 = CARTESIAN_POINT ( 'NONE',  ( -4.213437021927586734, 0.000000000000000000, 6.588245792962772462 ) ) ;
#4348 = EDGE_LOOP ( 'NONE', ( #350, #4065, #8443, #6077 ) ) ;
#4349 = PRODUCT_DEFINITION ( 'UNKNOWN', '', #6030, #1039 ) ;
#4350 = ORIENTED_EDGE ( 'NONE', *, *, #166, .T. ) ;
#4352 = VERTEX_POINT ( 'NONE', #6096 ) ;
#4351 = LINE ( 'NONE', #5930, #2443 ) ;
#4353 = DIRECTION ( 'NONE',  ( 0.000000000000000000, 1.000000000000000000, -0.000000000000000000 ) ) ;
#4354 = CARTESIAN_POINT ( 'NONE',  ( 4.445813570937528603, 0.000000000000000000, -4.603774722167421452 ) ) ;
#4355 = VERTEX_POINT ( 'NONE', #4775 ) ;
#4356 = VERTEX_POINT ( 'NONE', #7812 ) ;
#4357 = CARTESIAN_POINT ( 'NONE',  ( -2.743224965086314970, 3.350000000000000533, 5.299999999999998046 ) ) ;
#4358 = CARTESIAN_POINT ( 'NONE',  ( 3.023344536385590420, 2.183218014069269852, 5.599999999999997868 ) ) ;
#4359 = ADVANCED_FACE ( 'NONE', ( #4027 ), #7768, .F. ) ;
#4360 = EDGE_CURVE ( 'NONE', #6848, #871, #527, .T. ) ;
#4361 = ADVANCED_FACE ( 'NONE', ( #2343 ), #4668, .F. ) ;
#4363 = ORIENTED_EDGE ( 'NONE', *, *, #4609, .F. ) ;
#4362 = FACE_OUTER_BOUND ( 'NONE', #7064, .T. ) ;
#4364 = ORIENTED_EDGE ( 'NONE', *, *, #9270, .T. ) ;
#4365 = CARTESIAN_POINT ( 'NONE',  ( 2.274999999999999467, 0.2999999999999999889, 1.225000000000000311 ) ) ;
#4366 = ORIENTED_EDGE ( 'NONE', *, *, #5275, .F. ) ;
#4367 = FACE_OUTER_BOUND ( 'NONE', #2417, .T. ) ;
#4369 = DIRECTION ( 'NONE',  ( -0.000000000000000000, -1.000000000000000000, -0.000000000000000000 ) ) ;
#4368 = LINE ( 'NONE', #4279, #4116 ) ;
#4370 = CARTESIAN_POINT ( 'NONE',  ( 0.3750000000000000000, 0.6000000000000001998, -0.7341737512063026827 ) ) ;
#4371 = EDGE_CURVE ( 'NONE', #3550, #2546, #5418, .T. ) ;
#4372 = EDGE_CURVE ( 'NONE', #5754, #2674, #6242, .T. ) ;
#4373 = DIRECTION ( 'NONE',  ( -3.428548309156925888E-16, 0.6476047053781389673, 0.7619764731093039423 ) ) ;
#4374 = DIRECTION ( 'NONE',  ( -0.000000000000000000, -1.000000000000000000, -0.000000000000000000 ) ) ;
#4375 = DIRECTION ( 'NONE',  ( -1.000000000000000000, 0.000000000000000000, 0.000000000000000000 ) ) ;
#4377 = ORIENTED_EDGE ( 'NONE', *, *, #2723, .T. ) ;
#4376 = LINE ( 'NONE', #2055, #8645 ) ;
#4378 = VECTOR ( 'NONE', #5682, 1000.000000000000000 ) ;
#4379 = ORIENTED_EDGE ( 'NONE', *, *, #9647, .F. ) ;
#4380 = DIRECTION ( 'NONE',  ( 0.000000000000000000, 0.000000000000000000, 1.000000000000000000 ) ) ;
#4381 = DIRECTION ( 'NONE',  ( 0.000000000000000000, 0.000000000000000000, 1.000000000000000000 ) ) ;
#4382 = LINE ( 'NONE', #2352, #459 ) ;
#4383 = AXIS2_PLACEMENT_3D ( 'NONE', #3768, #3026, #8113 ) ;
#4384 = CARTESIAN_POINT ( 'NONE',  ( -2.133942768563686254, 0.000000000000000000, -5.281693692414842545 ) ) ;
#4385 = AXIS2_PLACEMENT_3D ( 'NONE', #5019, #3479, #535 ) ;
#4386 = DIRECTION ( 'NONE',  ( -0.000000000000000000, 1.000000000000000000, -0.000000000000000000 ) ) ;
#4388 = EDGE_LOOP ( 'NONE', ( #7152, #5009, #5252, #7650 ) ) ;
#4387 = CARTESIAN_POINT ( 'NONE',  ( 0.000000000000000000, 4.200000000000000178, 0.000000000000000000 ) ) ;
#4389 = DIRECTION ( 'NONE',  ( 1.000000000000000000, 0.000000000000000000, -0.000000000000000000 ) ) ;
#4391 = ORIENTED_EDGE ( 'NONE', *, *, #7744, .F. ) ;
#4390 = CARTESIAN_POINT ( 'NONE',  ( -1.050000000000000044, 4.200000000000000178, -5.400000000000000355 ) ) ;
#4392 = DIRECTION ( 'NONE',  ( -0.9063077870366508249, -0.000000000000000000, -0.4226182617406975539 ) ) ;
#4393 = VERTEX_POINT ( 'NONE', #3181 ) ;
#4394 = EDGE_CURVE ( 'NONE', #6776, #7905, #984, .T. ) ;
#4395 = ADVANCED_FACE ( 'NONE', ( #3274 ), #3977, .T. ) ;
#4396 = AXIS2_PLACEMENT_3D ( 'NONE', #3843, #9643, #3795 ) ;
#4397 = AXIS2_PLACEMENT_3D ( 'NONE', #476, #2771, #5787 ) ;
#4399 = ORIENTED_EDGE ( 'NONE', *, *, #8995, .T. ) ;
#4398 = DIRECTION ( 'NONE',  ( 0.000000000000000000, -1.000000000000000000, 0.000000000000000000 ) ) ;
#4400 = DIRECTION ( 'NONE',  ( -0.000000000000000000, 1.000000000000000000, -0.000000000000000000 ) ) ;
#4401 = PLANE ( 'NONE',  #2821 ) ;
#4402 = VERTEX_POINT ( 'NONE', #1083 ) ;
#4403 = DIRECTION ( 'NONE',  ( -0.2334453638558981192, -0.9723699203976783334, 0.000000000000000000 ) ) ;
#4404 = VECTOR ( 'NONE', #844, 1000.000000000000000 ) ;
#4405 = FACE_OUTER_BOUND ( 'NONE', #8288, .T. ) ;
#4406 = ORIENTED_EDGE ( 'NONE', *, *, #9050, .F. ) ;
#4407 = ORIENTED_EDGE ( 'NONE', *, *, #9408, .T. ) ;
#4409 = ORIENTED_EDGE ( 'NONE', *, *, #8459, .T. ) ;
#4408 = FACE_OUTER_BOUND ( 'NONE', #5663, .T. ) ;
#4410 = VECTOR ( 'NONE', #3567, 1000.000000000000114 ) ;
#4411 = VECTOR ( 'NONE', #7397, 1000.000000000000000 ) ;
#4412 = ORIENTED_EDGE ( 'NONE', *, *, #2531, .T. ) ;
#4413 = PLANE ( 'NONE',  #4621 ) ;
#4414 = ORIENTED_EDGE ( 'NONE', *, *, #6706, .T. ) ;
#4415 = FACE_OUTER_BOUND ( 'NONE', #9204, .T. ) ;
#4417 = CARTESIAN_POINT ( 'NONE',  ( -6.174999999999998046, 4.200000000000000178, 5.849999999999998757 ) ) ;
#4416 = CARTESIAN_POINT ( 'NONE',  ( 0.000000000000000000, 4.200000000000000178, 0.000000000000000000 ) ) ;
#4418 = CARTESIAN_POINT ( 'NONE',  ( -3.813246603095878928, 0.5999999999999999778, -4.036643759389941799 ) ) ;
#4419 = CIRCLE ( 'NONE', #3953, 2.199999999999998845 ) ;
#4420 = MECHANICAL_DESIGN_GEOMETRIC_PRESENTATION_REPRESENTATION (  '', ( #4266 ), #8664 ) ;
#4421 = VECTOR ( 'NONE', #5917, 1000.000000000000000 ) ;
#4422 = CARTESIAN_POINT ( 'NONE',  ( 1.649999999999997913, 0.5999999999999999778, 4.050000000000000711 ) ) ;
#4423 = EDGE_CURVE ( 'NONE', #1977, #3170, #4623, .T. ) ;
#4424 = EDGE_CURVE ( 'NONE', #6424, #777, #7617, .T. ) ;
#4425 = CARTESIAN_POINT ( 'NONE',  ( 0.000000000000000000, 0.4700298732486079545, -0.06011787616176798160 ) ) ;
#4427 = VERTEX_POINT ( 'NONE', #7078 ) ;
#4426 = LINE ( 'NONE', #9631, #7387 ) ;
#4428 = AXIS2_PLACEMENT_3D ( 'NONE', #4715, #1033, #4025 ) ;
#4429 = CARTESIAN_POINT ( 'NONE',  ( 0.3750000000000000000, 0.3272593389687441512, -0.5929447639179872276 ) ) ;
#4430 = VECTOR ( 'NONE', #7096, 1000.000000000000000 ) ;
#4432 = DIRECTION ( 'NONE',  ( 0.000000000000000000, 1.000000000000000000, 0.000000000000000000 ) ) ;
#4431 = DIRECTION ( 'NONE',  ( -0.000000000000000000, -1.000000000000000000, -0.000000000000000000 ) ) ;
#4433 = CYLINDRICAL_SURFACE ( 'NONE', #3430, 0.3999999999999997446 ) ;
#4434 = VECTOR ( 'NONE', #2445, 1000.000000000000227 ) ;
#4435 = DIRECTION ( 'NONE',  ( -0.000000000000000000, 1.000000000000000000, 0.000000000000000000 ) ) ;
#4436 = CARTESIAN_POINT ( 'NONE',  ( 0.000000000000000000, 4.200000000000000178, 0.000000000000000000 ) ) ;
#4438 = ORIENTED_EDGE ( 'NONE', *, *, #5849, .F. ) ;
#4437 = DIRECTION ( 'NONE',  ( 0.000000000000000000, 0.000000000000000000, -1.000000000000000000 ) ) ;
#4439 = DIRECTION ( 'NONE',  ( -0.000000000000000000, -1.000000000000000000, -0.000000000000000000 ) ) ;
#4441 = ORIENTED_EDGE ( 'NONE', *, *, #9393, .F. ) ;
#4440 = DIRECTION ( 'NONE',  ( 0.000000000000000000, 0.000000000000000000, 1.000000000000000000 ) ) ;
#4442 = CARTESIAN_POINT ( 'NONE',  ( 0.000000000000000000, 4.200000000000000178, 0.000000000000000000 ) ) ;
#4443 = ORIENTED_EDGE ( 'NONE', *, *, #3828, .T. ) ;
#4444 = EDGE_CURVE ( 'NONE', #3907, #7458, #6662, .T. ) ;
#4445 = VERTEX_POINT ( 'NONE', #6924 ) ;
#4447 = ORIENTED_EDGE ( 'NONE', *, *, #666, .T. ) ;
#4446 = DIRECTION ( 'NONE',  ( 0.000000000000000000, 1.240100524084728157E-16, -1.000000000000000000 ) ) ;
#4448 =( GEOMETRIC_REPRESENTATION_CONTEXT ( 3 ) GLOBAL_UNCERTAINTY_ASSIGNED_CONTEXT ( ( #4671 ) ) GLOBAL_UNIT_ASSIGNED_CONTEXT ( ( #4757, #3646, #3546 ) ) REPRESENTATION_CONTEXT ( 'NONE', 'WORKASPACE' ) );
#4449 = CARTESIAN_POINT ( 'NONE',  ( 2.887143597233360559, 3.178901511579296901, 5.599999999999997868 ) ) ;
#4450 = EDGE_CURVE ( 'NONE', #8236, #8325, #8448, .T. ) ;
#4451 = CARTESIAN_POINT ( 'NONE',  ( -7.274928168233663506, 4.200000000000000178, 0.6044999148390727273 ) ) ;
#4452 = ORIENTED_EDGE ( 'NONE', *, *, #5465, .F. ) ;
#4453 = CARTESIAN_POINT ( 'NONE',  ( 5.424999999999997158, 3.199999999999997957, 5.599999999999999645 ) ) ;
#4454 = DIRECTION ( 'NONE',  ( -0.6626200482157350580, 0.000000000000000000, 0.7489557207890041868 ) ) ;
#4455 = VECTOR ( 'NONE', #300, 999.9999999999998863 ) ;
#4456 = ORIENTED_EDGE ( 'NONE', *, *, #3277, .F. ) ;
#4457 = EDGE_CURVE ( 'NONE', #7174, #3859, #7864, .T. ) ;
#4458 = EDGE_CURVE ( 'NONE', #2674, #7911, #3157, .T. ) ;
#4459 = ORIENTED_EDGE ( 'NONE', *, *, #7546, .F. ) ;
#4461 = EDGE_LOOP ( 'NONE', ( #1797, #4438, #6221, #4736 ) ) ;
#4460 = DIRECTION ( 'NONE',  ( 0.000000000000000000, 1.000000000000000000, -0.000000000000000000 ) ) ;
#4462 = EDGE_CURVE ( 'NONE', #512, #7843, #526, .T. ) ;
#4463 = CIRCLE ( 'NONE', #5255, 7.399999999999999467 ) ;
#4464 = ORIENTED_EDGE ( 'NONE', *, *, #7427, .T. ) ;
#4465 = DIRECTION ( 'NONE',  ( 0.9723699203976782224, -0.2334453638558989796, 0.000000000000000000 ) ) ;
#4466 = VERTEX_POINT ( 'NONE', #5059 ) ;
#4467 = ORIENTED_EDGE ( 'NONE', *, *, #3457, .T. ) ;
#4468 = DIRECTION ( 'NONE',  ( 0.000000000000000000, 0.000000000000000000, 1.000000000000000000 ) ) ;
#4470 = CARTESIAN_POINT ( 'NONE',  ( 3.918869757271534404E-16, -0.5999999999999995337, -4.200000000000001066 ) ) ;
#4469 = DIRECTION ( 'NONE',  ( -1.000000000000000000, 0.000000000000000000, -0.000000000000000000 ) ) ;
#4471 = DIRECTION ( 'NONE',  ( -0.000000000000000000, -1.000000000000000000, -0.000000000000000000 ) ) ;
#4472 = CIRCLE ( 'NONE', #4795, 0.2999999999999981570 ) ;
#4473 = DIRECTION ( 'NONE',  ( 0.9063077870366509359, 0.000000000000000000, -0.4226182617406973874 ) ) ;
#4474 = EDGE_CURVE ( 'NONE', #2578, #2928, #480, .T. ) ;
#4475 = DIRECTION ( 'NONE',  ( 0.000000000000000000, 1.000000000000000000, -0.000000000000000000 ) ) ;
#4477 = EDGE_LOOP ( 'NONE', ( #6576, #2089, #1452, #3080 ) ) ;
#4476 = FACE_BOUND ( 'NONE', #3931, .T. ) ;
#4478 = VECTOR ( 'NONE', #6437, 1000.000000000000000 ) ;
#4479 = CARTESIAN_POINT ( 'NONE',  ( 4.693548073463540860, 3.199999999999999289, 5.846973397313161236 ) ) ;
#4481 = LINE ( 'NONE', #8169, #3915 ) ;
#4480 = FILL_AREA_STYLE ('',( #2009 ) ) ;
#4482 = CARTESIAN_POINT ( 'NONE',  ( -1.999999999999999112, 0.2999999999999999889, 1.325000000000000178 ) ) ;
#4483 = EDGE_CURVE ( 'NONE', #6870, #255, #8733, .T. ) ;
#4484 = EDGE_CURVE ( 'NONE', #747, #6823, #4872, .T. ) ;
#4485 = AXIS2_PLACEMENT_3D ( 'NONE', #974, #7759, #7026 ) ;
#4486 = ADVANCED_FACE ( 'NONE', ( #9474 ), #7129, .T. ) ;
#4487 = CARTESIAN_POINT ( 'NONE',  ( 1.506948958437338337, 4.200000000000000178, -7.244936496385912861 ) ) ;
#4488 = CARTESIAN_POINT ( 'NONE',  ( 5.322393957002298670, 3.199999999999997957, 5.618092213764227516 ) ) ;
#4490 = ORIENTED_EDGE ( 'NONE', *, *, #2306, .T. ) ;
#4489 = DIRECTION ( 'NONE',  ( -0.9920049496797155308, 0.000000000000000000, -0.1261989691358254839 ) ) ;
#4491 = CARTESIAN_POINT ( 'NONE',  ( 1.999999999999999112, 0.2999999999999999889, 1.325000000000000178 ) ) ;
#4493 = ORIENTED_EDGE ( 'NONE', *, *, #408, .F. ) ;
#4492 = CARTESIAN_POINT ( 'NONE',  ( -0.3750000000000000000, 0.4700298732486079545, -0.06011787616176798160 ) ) ;
#4494 = PLANE ( 'NONE',  #499 ) ;
#4495 = AXIS2_PLACEMENT_3D ( 'NONE', #1015, #7548, #4004 ) ;
#4496 = ORIENTED_EDGE ( 'NONE', *, *, #6593, .F. ) ;
#4497 = ORIENTED_EDGE ( 'NONE', *, *, #4737, .T. ) ;
#4499 = VERTEX_POINT ( 'NONE', #7995 ) ;
#4498 = DIRECTION ( 'NONE',  ( 0.2516678542837351151, 0.06042010615679307972, -0.9659258262890699775 ) ) ;
#4500 = CARTESIAN_POINT ( 'NONE',  ( -0.6499999999999995781, 1.457322679224499540, 2.618684952224779039 ) ) ;
#4501 = DIRECTION ( 'NONE',  ( 1.000000000000000000, 0.000000000000000000, 2.710505431213760099E-16 ) ) ;
#4502 = ORIENTED_EDGE ( 'NONE', *, *, #2354, .F. ) ;
#4503 = ORIENTED_EDGE ( 'NONE', *, *, #4948, .F. ) ;
#4504 = CARTESIAN_POINT ( 'NONE',  ( -5.674999999999997158, 1.599999999999999867, 5.599999999999997868 ) ) ;
#4505 = CARTESIAN_POINT ( 'NONE',  ( 1.899999999999998579, 0.5999999999999999778, 1.225000000000000311 ) ) ;
#4506 = ADVANCED_FACE ( 'NONE', ( #9518 ), #1130, .F. ) ;
#4507 = ORIENTED_EDGE ( 'NONE', *, *, #1445, .T. ) ;
#4508 = VERTEX_POINT ( 'NONE', #5706 ) ;
#4510 = ORIENTED_EDGE ( 'NONE', *, *, #3803, .F. ) ;
#4509 = CYLINDRICAL_SURFACE ( 'NONE', #2111, 0.3999999999999997446 ) ;
#4511 = VERTEX_POINT ( 'NONE', #2774 ) ;
#4512 = FACE_BOUND ( 'NONE', #5582, .T. ) ;
#4513 = ORIENTED_EDGE ( 'NONE', *, *, #8748, .T. ) ;
#4514 = VERTEX_POINT ( 'NONE', #1218 ) ;
#4515 = ORIENTED_EDGE ( 'NONE', *, *, #3829, .F. ) ;
#4516 = DIRECTION ( 'NONE',  ( -0.000000000000000000, -1.000000000000000000, 0.000000000000000000 ) ) ;
#4518 = CARTESIAN_POINT ( 'NONE',  ( -4.549999999999998934, 0.5999999999999998668, 5.849999999999997868 ) ) ;
#4517 = PLANE ( 'NONE',  #501 ) ;
#4519 = EDGE_CURVE ( 'NONE', #6566, #5768, #6342, .T. ) ;
#4520 = PLANE ( 'NONE',  #2240 ) ;
#4521 = ORIENTED_EDGE ( 'NONE', *, *, #7730, .T. ) ;
#4522 = FACE_OUTER_BOUND ( 'NONE', #4653, .T. ) ;
#4523 = ADVANCED_FACE ( 'NONE', ( #4123 ), #395, .F. ) ;
#4524 = DIRECTION ( 'NONE',  ( 0.000000000000000000, 1.000000000000000000, -0.000000000000000000 ) ) ;
#4525 = ORIENTED_EDGE ( 'NONE', *, *, #8737, .F. ) ;
#4526 = CYLINDRICAL_SURFACE ( 'NONE', #4902, 0.1000000000000002554 ) ;
#4527 = PRODUCT_DEFINITION_SHAPE ( 'NONE', 'NONE',  #4349 ) ;
#4529 = CARTESIAN_POINT ( 'NONE',  ( -7.374584718483435886, 4.200000000000000178, 0.6127807355902926689 ) ) ;
#4528 = DIRECTION ( 'NONE',  ( -0.9676937674929103617, 0.000000000000000000, -0.2521284838239766235 ) ) ;
#4530 = CARTESIAN_POINT ( 'NONE',  ( 0.8749999999999995559, 0.5999999999999999778, -0.7999999999999988232 ) ) ;
#4531 = EDGE_CURVE ( 'NONE', #2262, #3136, #7910, .T. ) ;
#4532 = DIRECTION ( 'NONE',  ( 0.000000000000000000, 0.000000000000000000, 1.000000000000000000 ) ) ;
#4533 = CARTESIAN_POINT ( 'NONE',  ( -4.056374298827127411, 0.000000000000000000, 5.906093829678736640 ) ) ;
#4534 = CIRCLE ( 'NONE', #7183, 7.399999999999998579 ) ;
#4536 = ORIENTED_EDGE ( 'NONE', *, *, #943, .T. ) ;
#4535 = DIRECTION ( 'NONE',  ( -0.2243753187149416795, 0.000000000000000000, -0.9745028046914838704 ) ) ;
#4537 = CARTESIAN_POINT ( 'NONE',  ( 0.000000000000000000, 0.000000000000000000, 0.000000000000000000 ) ) ;
#4539 = ORIENTED_EDGE ( 'NONE', *, *, #6086, .F. ) ;
#4538 = DIRECTION ( 'NONE',  ( -0.6626200482157350580, 0.000000000000000000, 0.7489557207890041868 ) ) ;
#4540 = DIRECTION ( 'NONE',  ( 1.000000000000000000, 0.000000000000000000, 0.000000000000000000 ) ) ;
#4541 = EDGE_CURVE ( 'NONE', #2618, #4126, #6194, .T. ) ;
#4542 = EDGE_LOOP ( 'NONE', ( #8215, #7036, #352, #7567 ) ) ;
#4543 = EDGE_CURVE ( 'NONE', #8019, #1346, #3380, .T. ) ;
#4544 = CIRCLE ( 'NONE', #4865, 6.400000000000000355 ) ;
#4545 = CARTESIAN_POINT ( 'NONE',  ( -4.445813570937528603, 0.000000000000000000, -4.603774722167421452 ) ) ;
#4546 = EDGE_LOOP ( 'NONE', ( #7155, #1751, #2508, #4933 ) ) ;
#4548 = ORIENTED_EDGE ( 'NONE', *, *, #6992, .T. ) ;
#4547 = DIRECTION ( 'NONE',  ( -1.000000000000000000, 0.000000000000000000, 0.000000000000000000 ) ) ;
#4549 = VECTOR ( 'NONE', #1306, 1000.000000000000000 ) ;
#4550 = CARTESIAN_POINT ( 'NONE',  ( 2.321277911634232360, 2.323158544408998161, 2.299999999999997602 ) ) ;
#4551 = DIRECTION ( 'NONE',  ( 0.000000000000000000, 1.000000000000000000, 0.000000000000000000 ) ) ;
#4552 = EDGE_CURVE ( 'NONE', #4656, #3414, #9383, .T. ) ;
#4553 = EDGE_CURVE ( 'NONE', #4130, #1553, #7212, .T. ) ;
#4554 = ORIENTED_EDGE ( 'NONE', *, *, #3129, .F. ) ;
#4555 = EDGE_CURVE ( 'NONE', #423, #9688, #9332, .T. ) ;
#4556 = ORIENTED_EDGE ( 'NONE', *, *, #8689, .F. ) ;
#4557 = DIRECTION ( 'NONE',  ( 1.000000000000000000, 0.000000000000000000, 0.000000000000000000 ) ) ;
#4558 = VECTOR ( 'NONE', #2154, 1000.000000000000227 ) ;
#4559 = DIRECTION ( 'NONE',  ( -0.000000000000000000, -1.000000000000000000, -0.000000000000000000 ) ) ;
#4560 = VECTOR ( 'NONE', #7113, 1000.000000000000000 ) ;
#4561 = VECTOR ( 'NONE', #3869, 1000.000000000000114 ) ;
#4563 = ORIENTED_EDGE ( 'NONE', *, *, #324, .F. ) ;
#4562 = CARTESIAN_POINT ( 'NONE',  ( 1.490773992497906653, 2.123772194091580356, 5.487555226753929816 ) ) ;
#4564 = ORIENTED_EDGE ( 'NONE', *, *, #7965, .T. ) ;
#4565 = CARTESIAN_POINT ( 'NONE',  ( 0.000000000000000000, 0.5999999999999999778, 0.000000000000000000 ) ) ;
#4566 = AXIS2_PLACEMENT_3D ( 'NONE', #7737, #6213, #6364 ) ;
#4567 = EDGE_LOOP ( 'NONE', ( #1053, #7300, #9233, #8825 ) ) ;
#4568 = AXIS2_PLACEMENT_3D ( 'NONE', #5734, #4154, #7161 ) ;
#4569 = CARTESIAN_POINT ( 'NONE',  ( 3.549999999999998490, 0.2999999999999999889, 1.225000000000000311 ) ) ;
#4571 = LINE ( 'NONE', #3921, #9726 ) ;
#4570 = CYLINDRICAL_SURFACE ( 'NONE', #3963, 3.000000000000001776 ) ;
#4572 = CARTESIAN_POINT ( 'NONE',  ( 0.000000000000000000, 4.200000000000000178, 0.000000000000000000 ) ) ;
#4573 = AXIS2_PLACEMENT_3D ( 'NONE', #7041, #257, #6987 ) ;
#4574 = VECTOR ( 'NONE', #9644, 1000.000000000000227 ) ;
#4575 = FACE_OUTER_BOUND ( 'NONE', #3462, .T. ) ;
#4576 = FACE_OUTER_BOUND ( 'NONE', #3856, .T. ) ;
#4577 = ORIENTED_EDGE ( 'NONE', *, *, #9617, .T. ) ;
#4578 = DIRECTION ( 'NONE',  ( 0.000000000000000000, 0.000000000000000000, 1.000000000000000000 ) ) ;
#4580 = CARTESIAN_POINT ( 'NONE',  ( -6.174999999999998046, 0.5999999999999998668, 5.299999999999998046 ) ) ;
#4579 = CARTESIAN_POINT ( 'NONE',  ( 3.000000000000000000, 2.280455006109038507, 5.599999999999997868 ) ) ;
#4581 = VECTOR ( 'NONE', #3774, 1000.000000000000000 ) ;
#4582 = CARTESIAN_POINT ( 'NONE',  ( 0.000000000000000000, 4.200000000000000178, 0.000000000000000000 ) ) ;
#4583 = VECTOR ( 'NONE', #1365, 1000.000000000000000 ) ;
#4584 = ADVANCED_FACE ( 'NONE', ( #5749 ), #1262, .F. ) ;
#4586 = ORIENTED_EDGE ( 'NONE', *, *, #9298, .T. ) ;
#4585 = VECTOR ( 'NONE', #4739, 1000.000000000000000 ) ;
#4587 = ADVANCED_FACE ( 'NONE', ( #5200 ), #5985, .T. ) ;
#4588 = CARTESIAN_POINT ( 'NONE',  ( -6.174999999999998046, 0.5999999999999999778, 5.849999999999998757 ) ) ;
#4590 = VERTEX_POINT ( 'NONE', #8919 ) ;
#4589 = DIRECTION ( 'NONE',  ( -0.2243753187149408190, 0.000000000000000000, 0.9745028046914840925 ) ) ;
#4591 = EDGE_CURVE ( 'NONE', #6826, #4514, #9706, .T. ) ;
#4592 = DIRECTION ( 'NONE',  ( 0.000000000000000000, -1.000000000000000000, 0.000000000000000000 ) ) ;
#4594 = ORIENTED_EDGE ( 'NONE', *, *, #5388, .F. ) ;
#4593 = PLANE ( 'NONE',  #3149 ) ;
#4595 = DIRECTION ( 'NONE',  ( 0.000000000000000000, 0.000000000000000000, -1.000000000000000000 ) ) ;
#4596 = AXIS2_PLACEMENT_3D ( 'NONE', #8846, #7430, #5951 ) ;
#4597 = ORIENTED_EDGE ( 'NONE', *, *, #1239, .F. ) ;
#4598 = LINE ( 'NONE', #8427, #862 ) ;
#4599 = VERTEX_POINT ( 'NONE', #1454 ) ;
#4601 = ORIENTED_EDGE ( 'NONE', *, *, #1891, .F. ) ;
#4600 = CARTESIAN_POINT ( 'NONE',  ( 1.324999999999998401, 0.5999999999999999778, -4.599999999999999645 ) ) ;
#4602 = DIRECTION ( 'NONE',  ( -3.097720492815722728E-16, 0.000000000000000000, 1.000000000000000000 ) ) ;
#4603 = DIRECTION ( 'NONE',  ( -0.9965655024977615462, 0.000000000000000000, -0.08280820751220147047 ) ) ;
#4604 = ORIENTED_EDGE ( 'NONE', *, *, #5173, .T. ) ;
#4605 = ORIENTED_EDGE ( 'NONE', *, *, #6593, .T. ) ;
#4606 = CARTESIAN_POINT ( 'NONE',  ( 4.549999999999999822, 4.200000000000000178, 6.549999999999998934 ) ) ;
#4607 = CARTESIAN_POINT ( 'NONE',  ( -1.050000000000000044, 4.200000000000000178, -5.400000000000000355 ) ) ;
#4608 = EDGE_CURVE ( 'NONE', #36, #4197, #1938, .T. ) ;
#4609 = EDGE_CURVE ( 'NONE', #1457, #2262, #4463, .T. ) ;
#4610 = EDGE_CURVE ( 'NONE', #8910, #7788, #3560, .T. ) ;
#4611 = EDGE_LOOP ( 'NONE', ( #3162, #5710, #8018, #429 ) ) ;
#4612 = EDGE_CURVE ( 'NONE', #3712, #5064, #2870, .T. ) ;
#4614 = ORIENTED_EDGE ( 'NONE', *, *, #4861, .T. ) ;
#4613 = LINE ( 'NONE', #6913, #2431 ) ;
#4615 = DIRECTION ( 'NONE',  ( -1.020425574104005182E-15, 0.000000000000000000, -1.000000000000000000 ) ) ;
#4616 = ORIENTED_EDGE ( 'NONE', *, *, #4608, .T. ) ;
#4617 = ORIENTED_EDGE ( 'NONE', *, *, #3520, .F. ) ;
#4618 = DIRECTION ( 'NONE',  ( -0.000000000000000000, -0.000000000000000000, 1.000000000000000000 ) ) ;
#4620 = LINE ( 'NONE', #6142, #8480 ) ;
#4619 = FACE_OUTER_BOUND ( 'NONE', #1319, .T. ) ;
#4622 = CARTESIAN_POINT ( 'NONE',  ( 6.699999999999999289, 0.000000000000000000, 5.299999999999998046 ) ) ;
#4621 = AXIS2_PLACEMENT_3D ( 'NONE', #2926, #8149, #7465 ) ;
#4623 = CIRCLE ( 'NONE', #7144, 0.2999999999999999334 ) ;
#4624 = DIRECTION ( 'NONE',  ( -1.000000000000000000, -0.000000000000000000, -0.000000000000000000 ) ) ;
#4625 = LINE ( 'NONE', #2347, #8681 ) ;
#4626 = EDGE_LOOP ( 'NONE', ( #968, #8670, #6323, #5062 ) ) ;
#4627 = CARTESIAN_POINT ( 'NONE',  ( 1.999999999999999112, 0.5999999999999998668, 4.299999999999999822 ) ) ;
#4629 = DIRECTION ( 'NONE',  ( 0.000000000000000000, 0.000000000000000000, 1.000000000000000000 ) ) ;
#4628 = CARTESIAN_POINT ( 'NONE',  ( -4.174999999999998934, 1.349999999999999645, 5.599999999999997868 ) ) ;
#4630 = CARTESIAN_POINT ( 'NONE',  ( -6.174999999999998046, 0.5999999999999999778, 5.599999999999997868 ) ) ;
#4631 = VECTOR ( 'NONE', #3588, 1000.000000000000000 ) ;
#4632 = EDGE_CURVE ( 'NONE', #5458, #3267, #3831, .T. ) ;
#4633 = VECTOR ( 'NONE', #5751, 1000.000000000000114 ) ;
#4634 = ORIENTED_EDGE ( 'NONE', *, *, #1485, .T. ) ;
#4635 = LINE ( 'NONE', #6941, #8376 ) ;
#4636 = CARTESIAN_POINT ( 'NONE',  ( 2.274999999999999467, 0.5999999999999999778, 0.3000000000000003775 ) ) ;
#4638 = EDGE_LOOP ( 'NONE', ( #211, #8284, #4601, #2909 ) ) ;
#4637 = CARTESIAN_POINT ( 'NONE',  ( -2.679422320239425837, 0.5999999999999998668, -5.812116312480574365 ) ) ;
#4639 = CYLINDRICAL_SURFACE ( 'NONE', #1577, 0.5749999999999999556 ) ;
#4641 = VERTEX_POINT ( 'NONE', #5840 ) ;
#4640 = CARTESIAN_POINT ( 'NONE',  ( -1.649999999999997913, 0.2999999999999999889, 4.300000000000000711 ) ) ;
#4642 = LINE ( 'NONE', #7450, #2687 ) ;
#4643 = EDGE_CURVE ( 'NONE', #7873, #3399, #3609, .T. ) ;
#4644 = AXIS2_PLACEMENT_3D ( 'NONE', #3370, #4260, #7167 ) ;
#4645 = CARTESIAN_POINT ( 'NONE',  ( 0.000000000000000000, 4.200000000000000178, 0.000000000000000000 ) ) ;
#4646 = EDGE_LOOP ( 'NONE', ( #1847, #6211, #3265, #7587 ) ) ;
#4648 = ORIENTED_EDGE ( 'NONE', *, *, #8607, .F. ) ;
#4647 = CARTESIAN_POINT ( 'NONE',  ( -5.674999999999997158, 1.599999999999999867, 5.599999999999997868 ) ) ;
#4649 = VECTOR ( 'NONE', #373, 1000.000000000000000 ) ;
#4650 = PLANE ( 'NONE',  #3595 ) ;
#4651 = PLANE ( 'NONE',  #333 ) ;
#4652 = EDGE_LOOP ( 'NONE', ( #1547, #6019, #2632, #2223 ) ) ;
#4653 = EDGE_LOOP ( 'NONE', ( #2192, #8150, #9642, #3720 ) ) ;
#4654 = CARTESIAN_POINT ( 'NONE',  ( -5.360554318880526914, 4.200000000000000178, -4.955245442390455501 ) ) ;
#4655 = VERTEX_POINT ( 'NONE', #5937 ) ;
#4656 = VERTEX_POINT ( 'NONE', #2965 ) ;
#4658 = ORIENTED_EDGE ( 'NONE', *, *, #1541, .T. ) ;
#4657 = DIRECTION ( 'NONE',  ( -0.000000000000000000, -0.9659258262890699775, 0.2588190451025145777 ) ) ;
#4659 = CARTESIAN_POINT ( 'NONE',  ( -3.890140309090414306, 3.833974596215561803, -4.435854864125960084 ) ) ;
#4660 = DIRECTION ( 'NONE',  ( -0.000000000000000000, -1.000000000000000000, -0.000000000000000000 ) ) ;
#4661 = ORIENTED_EDGE ( 'NONE', *, *, #6684, .F. ) ;
#4662 = ORIENTED_EDGE ( 'NONE', *, *, #1012, .F. ) ;
#4663 = DIRECTION ( 'NONE',  ( 1.000000000000000000, -0.000000000000000000, -0.000000000000000000 ) ) ;
#4665 = CARTESIAN_POINT ( 'NONE',  ( -4.590942030465840595, 0.000000000000000000, 5.565065611077387508 ) ) ;
#4664 = DIRECTION ( 'NONE',  ( 0.000000000000000000, 0.9961946980917456562, -0.08715574274765686136 ) ) ;
#4666 = EDGE_CURVE ( 'NONE', #464, #833, #8973, .T. ) ;
#4667 = EDGE_CURVE ( 'NONE', #8370, #1831, #2567, .T. ) ;
#4668 = PLANE ( 'NONE',  #8695 ) ;
#4669 = EDGE_CURVE ( 'NONE', #5004, #2292, #9660, .T. ) ;
#4670 = CARTESIAN_POINT ( 'NONE',  ( -2.319379539477044450, 0.000000000000000000, -5.206772373731661574 ) ) ;
#4671 = UNCERTAINTY_MEASURE_WITH_UNIT (LENGTH_MEASURE( 1.000000000000000082E-05 ), #4757, 'distance_accuracy_value', 'NONE');
#4672 = LINE ( 'NONE', #3135, #7578 ) ;
#4673 = VERTEX_POINT ( 'NONE', #8879 ) ;
#4674 = EDGE_CURVE ( 'NONE', #423, #200, #5306, .T. ) ;
#4675 = FACE_OUTER_BOUND ( 'NONE', #7653, .T. ) ;
#4677 = CARTESIAN_POINT ( 'NONE',  ( 0.000000000000000000, 4.200000000000000178, 0.000000000000000000 ) ) ;
#4676 = CARTESIAN_POINT ( 'NONE',  ( 4.174999999999999822, 3.449999999999999289, 5.299999999999998046 ) ) ;
#4678 = ADVANCED_FACE ( 'NONE', ( #5107 ), #8097, .F. ) ;
#4679 = EDGE_CURVE ( 'NONE', #8325, #2132, #6036, .T. ) ;
#4680 = CARTESIAN_POINT ( 'NONE',  ( -0.3750000000000000000, 0.5999999999999999778, -0.7999999999999988232 ) ) ;
#4681 = ORIENTED_EDGE ( 'NONE', *, *, #4609, .T. ) ;
#4682 = CARTESIAN_POINT ( 'NONE',  ( 1.937233125836607339, 2.230957548803516932, 5.299999999999998046 ) ) ;
#4683 = DIRECTION ( 'NONE',  ( 0.000000000000000000, 0.000000000000000000, -1.000000000000000000 ) ) ;
#4685 = ORIENTED_EDGE ( 'NONE', *, *, #7593, .T. ) ;
#4684 = DIRECTION ( 'NONE',  ( -0.9745028046914837594, 0.000000000000000000, 0.2243753187149416517 ) ) ;
#4686 = CARTESIAN_POINT ( 'NONE',  ( 0.000000000000000000, 0.000000000000000000, -0.000000000000000000 ) ) ;
#4688 = VERTEX_POINT ( 'NONE', #1399 ) ;
#4687 = PLANE ( 'NONE',  #7094 ) ;
#4689 = FACE_OUTER_BOUND ( 'NONE', #7568, .T. ) ;
#4690 = EDGE_LOOP ( 'NONE', ( #6238, #9142, #2231, #4209, #7834, #4814, #5138, #2629 ) ) ;
#4691 = DIRECTION ( 'NONE',  ( 0.2334453638558993960, 0.9723699203976781114, 3.320040592046328557E-15 ) ) ;
#4692 = ORIENTED_EDGE ( 'NONE', *, *, #1239, .T. ) ;
#4694 = ORIENTED_EDGE ( 'NONE', *, *, #4666, .T. ) ;
#4693 = PLANE ( 'NONE',  #6689 ) ;
#4695 = CARTESIAN_POINT ( 'NONE',  ( -1.849413564507905283, 4.200000000000000178, 7.132552606811363383 ) ) ;
#4696 = DIRECTION ( 'NONE',  ( 1.000000000000000000, -0.000000000000000000, 0.000000000000000000 ) ) ;
#4698 = ORIENTED_EDGE ( 'NONE', *, *, #731, .F. ) ;
#4697 = CARTESIAN_POINT ( 'NONE',  ( -0.8999999999999999112, 0.3119011763445350693, -6.657619764731096623 ) ) ;
#4699 = AXIS2_PLACEMENT_3D ( 'NONE', #1431, #7437, #2211 ) ;
#4700 = VERTEX_POINT ( 'NONE', #8138 ) ;
#4701 = ORIENTED_EDGE ( 'NONE', *, *, #2647, .F. ) ;
#4702 = FACE_OUTER_BOUND ( 'NONE', #13, .T. ) ;
#4703 = ADVANCED_FACE ( 'NONE', ( #4405 ), #617, .T. ) ;
#4704 = ORIENTED_EDGE ( 'NONE', *, *, #5035, .F. ) ;
#4705 = VECTOR ( 'NONE', #2815, 1000.000000000000000 ) ;
#4706 = VECTOR ( 'NONE', #1143, 1000.000000000000000 ) ;
#4708 = ORIENTED_EDGE ( 'NONE', *, *, #8324, .F. ) ;
#4707 = DIRECTION ( 'NONE',  ( 0.000000000000000000, -1.000000000000000000, -1.240100524084728157E-16 ) ) ;
#4709 = ADVANCED_FACE ( 'NONE', ( #670 ), #3658, .T. ) ;
#4710 = AXIS2_PLACEMENT_3D ( 'NONE', #995, #6301, #4836 ) ;
#4711 = DIRECTION ( 'NONE',  ( 0.000000000000000000, 1.000000000000000000, 0.000000000000000000 ) ) ;
#4712 = ORIENTED_EDGE ( 'NONE', *, *, #4901, .F. ) ;
#4713 = ORIENTED_EDGE ( 'NONE', *, *, #6795, .T. ) ;
#4714 = DIRECTION ( 'NONE',  ( -0.8594064115014512506, 0.000000000000000000, -0.5112930860770545927 ) ) ;
#4716 = CARTESIAN_POINT ( 'NONE',  ( 0.000000000000000000, 1.147632372710735815, 2.468729079166620100 ) ) ;
#4715 = CARTESIAN_POINT ( 'NONE',  ( 1.495608527427107814, 4.200000000000000178, 6.495699763439076513 ) ) ;
#4717 = CIRCLE ( 'NONE', #1875, 0.2500000000000002220 ) ;
#4718 = AXIS2_PLACEMENT_3D ( 'NONE', #138, #6287, #9286 ) ;
#4719 = CARTESIAN_POINT ( 'NONE',  ( 0.000000000000000000, 0.000000000000000000, 0.000000000000000000 ) ) ;
#4720 = AXIS2_PLACEMENT_3D ( 'NONE', #8045, #523, #9426 ) ;
#4721 = ADVANCED_FACE ( 'NONE', ( #4702 ), #6128, .F. ) ;
#4722 = ORIENTED_EDGE ( 'NONE', *, *, #1461, .T. ) ;
#4723 = DIRECTION ( 'NONE',  ( 0.000000000000000000, 1.000000000000000000, 0.000000000000000000 ) ) ;
#4724 = VECTOR ( 'NONE', #7150, 1000.000000000000000 ) ;
#4725 = AXIS2_PLACEMENT_3D ( 'NONE', #7408, #4501, #667 ) ;
#4726 = DIRECTION ( 'NONE',  ( 0.000000000000000000, 0.000000000000000000, 1.000000000000000000 ) ) ;
#4727 = VERTEX_POINT ( 'NONE', #6817 ) ;
#4728 = DIRECTION ( 'NONE',  ( -0.9238795325112877377, 0.000000000000000000, 0.3826834323650874503 ) ) ;
#4730 = CARTESIAN_POINT ( 'NONE',  ( 2.743224965086314970, 3.350000000000000533, 5.599999999999997868 ) ) ;
#4729 = LINE ( 'NONE', #9193, #9128 ) ;
#4731 = DIRECTION ( 'NONE',  ( -0.000000000000000000, 1.000000000000000000, 0.000000000000000000 ) ) ;
#4732 = AXIS2_PLACEMENT_3D ( 'NONE', #9389, #5667, #8652 ) ;
#4733 = AXIS2_PLACEMENT_3D ( 'NONE', #1198, #1055, #3299 ) ;
#4734 = EDGE_CURVE ( 'NONE', #1671, #2875, #5419, .T. ) ;
#4735 = ADVANCED_FACE ( 'NONE', ( #2381 ), #5402, .T. ) ;
#4736 = ORIENTED_EDGE ( 'NONE', *, *, #9591, .T. ) ;
#4737 = EDGE_CURVE ( 'NONE', #5768, #9542, #3113, .T. ) ;
#4738 = CARTESIAN_POINT ( 'NONE',  ( 7.099999999999999645, 4.200000000000000178, 6.149999999999997691 ) ) ;
#4739 = DIRECTION ( 'NONE',  ( -0.000000000000000000, 1.000000000000000000, -0.000000000000000000 ) ) ;
#4741 = ORIENTED_EDGE ( 'NONE', *, *, #2305, .F. ) ;
#4740 = LINE ( 'NONE', #7, #9368 ) ;
#4742 = AXIS2_PLACEMENT_3D ( 'NONE', #8816, #2807, #5560 ) ;
#4743 = AXIS2_PLACEMENT_3D ( 'NONE', #8604, #354, #3342 ) ;
#4744 = DIRECTION ( 'NONE',  ( 0.000000000000000000, 0.000000000000000000, -1.000000000000000000 ) ) ;
#4746 = ORIENTED_EDGE ( 'NONE', *, *, #7439, .T. ) ;
#4745 = FACE_OUTER_BOUND ( 'NONE', #8472, .T. ) ;
#4747 = CYLINDRICAL_SURFACE ( 'NONE', #2489, 7.300000000000001599 ) ;
#4748 = VERTEX_POINT ( 'NONE', #4654 ) ;
#4749 = EDGE_CURVE ( 'NONE', #4355, #2292, #2426, .T. ) ;
#4750 = CIRCLE ( 'NONE', #6939, 7.300000000000002487 ) ;
#4751 = VECTOR ( 'NONE', #6762, 1000.000000000000000 ) ;
#4752 = LINE ( 'NONE', #3848, #3675 ) ;
#4753 = ORIENTED_EDGE ( 'NONE', *, *, #3456, .T. ) ;
#4755 = VERTEX_POINT ( 'NONE', #127 ) ;
#4754 = CARTESIAN_POINT ( 'NONE',  ( -4.590942030465840595, 3.200000000000000622, 5.565065611077386620 ) ) ;
#4756 = CARTESIAN_POINT ( 'NONE',  ( 0.000000000000000000, 0.5999999999999999778, 0.000000000000000000 ) ) ;
#4757 =( LENGTH_UNIT ( ) NAMED_UNIT ( * ) SI_UNIT ( .MILLI., .METRE. ) );
#4759 = VERTEX_POINT ( 'NONE', #6084 ) ;
#4758 = CARTESIAN_POINT ( 'NONE',  ( 0.000000000000000000, 0.000000000000000000, -0.000000000000000000 ) ) ;
#4760 = ORIENTED_EDGE ( 'NONE', *, *, #4360, .T. ) ;
#4761 = VECTOR ( 'NONE', #1086, 1000.000000000000114 ) ;
#4762 = ORIENTED_EDGE ( 'NONE', *, *, #2161, .T. ) ;
#4763 = EDGE_CURVE ( 'NONE', #2729, #1918, #5352, .T. ) ;
#4764 = ORIENTED_EDGE ( 'NONE', *, *, #8364, .F. ) ;
#4765 = ORIENTED_EDGE ( 'NONE', *, *, #6698, .T. ) ;
#4766 = VECTOR ( 'NONE', #8003, 1000.000000000000000 ) ;
#4767 = EDGE_CURVE ( 'NONE', #4508, #6972, #5452, .T. ) ;
#4769 = ORIENTED_EDGE ( 'NONE', *, *, #3748, .F. ) ;
#4768 = DIRECTION ( 'NONE',  ( -0.000000000000000000, -1.000000000000000000, -0.000000000000000000 ) ) ;
#4770 = CARTESIAN_POINT ( 'NONE',  ( -3.549999999999998934, 0.5999999999999999778, -0.2999999999999996003 ) ) ;
#4771 = EDGE_LOOP ( 'NONE', ( #4163, #474, #2797, #5793 ) ) ;
#4772 = CARTESIAN_POINT ( 'NONE',  ( 5.219787914004599294, 1.599999999999997646, 5.336184427528454677 ) ) ;
#4774 = FACE_OUTER_BOUND ( 'NONE', #6855, .T. ) ;
#4773 = CARTESIAN_POINT ( 'NONE',  ( 2.157866156935101642, 3.003817488687372528, 5.299999999999998046 ) ) ;
#4775 = CARTESIAN_POINT ( 'NONE',  ( 6.174999999999999822, 4.200000000000000178, 5.299999999999998046 ) ) ;
#4776 = EDGE_CURVE ( 'NONE', #7332, #1201, #3070, .T. ) ;
#4777 = EDGE_CURVE ( 'NONE', #980, #9542, #7605, .T. ) ;
#4778 = ADVANCED_FACE ( 'NONE', ( #823 ), #9072, .T. ) ;
#4779 = VERTEX_POINT ( 'NONE', #9686 ) ;
#4780 = FACE_OUTER_BOUND ( 'NONE', #8, .T. ) ;
#4781 = CIRCLE ( 'NONE', #6965, 0.2999999999999999334 ) ;
#4782 = FACE_OUTER_BOUND ( 'NONE', #84, .T. ) ;
#4783 = EDGE_LOOP ( 'NONE', ( #2952, #3699, #1650, #8280 ) ) ;
#4784 = VECTOR ( 'NONE', #4696, 1000.000000000000000 ) ;
#4785 = DIRECTION ( 'NONE',  ( 1.000000000000000000, 0.000000000000000000, 0.000000000000000000 ) ) ;
#4787 = CARTESIAN_POINT ( 'NONE',  ( -3.000000000000000000, 2.280455006109038507, 5.299999999999998046 ) ) ;
#4786 = LINE ( 'NONE', #7775, #5992 ) ;
#4788 = CARTESIAN_POINT ( 'NONE',  ( 1.899999999999998135, 0.5999999999999999778, 4.049999999999998934 ) ) ;
#4789 = VECTOR ( 'NONE', #4386, 1000.000000000000000 ) ;
#4790 = ORIENTED_EDGE ( 'NONE', *, *, #8324, .T. ) ;
#4791 = DIRECTION ( 'NONE',  ( -0.000000000000000000, -1.000000000000000000, 0.000000000000000000 ) ) ;
#4792 = DIRECTION ( 'NONE',  ( 0.000000000000000000, 0.000000000000000000, 1.000000000000000000 ) ) ;
#4794 = VERTEX_POINT ( 'NONE', #6745 ) ;
#4793 = CARTESIAN_POINT ( 'NONE',  ( 1.050000000000000044, 0.000000000000000000, -6.190000000000002167 ) ) ;
#4795 = AXIS2_PLACEMENT_3D ( 'NONE', #813, #6026, #9158 ) ;
#4796 = CARTESIAN_POINT ( 'NONE',  ( 0.000000000000000000, 4.200000000000000178, 0.000000000000000000 ) ) ;
#4798 = ORIENTED_EDGE ( 'NONE', *, *, #4394, .F. ) ;
#4797 = PLANE ( 'NONE',  #2828 ) ;
#4799 = DIRECTION ( 'NONE',  ( 0.000000000000000000, 0.000000000000000000, -1.000000000000000000 ) ) ;
#4800 = EDGE_CURVE ( 'NONE', #2689, #3023, #8316, .T. ) ;
#4801 = EDGE_CURVE ( 'NONE', #7095, #200, #1482, .T. ) ;
#4802 = EDGE_CURVE ( 'NONE', #5051, #1427, #6017, .T. ) ;
#4803 = ORIENTED_EDGE ( 'NONE', *, *, #7545, .F. ) ;
#4804 = EDGE_CURVE ( 'NONE', #4656, #2575, #2911, .T. ) ;
#4805 = VECTOR ( 'NONE', #3562, 1000.000000000000000 ) ;
#4806 = APPLICATION_CONTEXT ( 'automotive_design' ) ;
#4807 = DIRECTION ( 'NONE',  ( 0.000000000000000000, -0.000000000000000000, 1.000000000000000000 ) ) ;
#4808 = VERTEX_POINT ( 'NONE', #5918 ) ;
#4810 = EDGE_LOOP ( 'NONE', ( #1947, #367, #5214, #1493 ) ) ;
#4809 = LINE ( 'NONE', #8621, #721 ) ;
#4811 = DIRECTION ( 'NONE',  ( 0.000000000000000000, 1.000000000000000000, -0.000000000000000000 ) ) ;
#4812 = DIRECTION ( 'NONE',  ( 0.000000000000000000, 1.000000000000000000, -0.000000000000000000 ) ) ;
#4814 = ORIENTED_EDGE ( 'NONE', *, *, #4184, .F. ) ;
#4813 = CARTESIAN_POINT ( 'NONE',  ( 3.813246603095878928, 0.000000000000000000, -4.236643759389941977 ) ) ;
#4815 = AXIS2_PLACEMENT_3D ( 'NONE', #1510, #4460, #6572 ) ;
#4816 = ORIENTED_EDGE ( 'NONE', *, *, #8737, .T. ) ;
#4817 = ORIENTED_EDGE ( 'NONE', *, *, #3238, .F. ) ;
#4818 = VECTOR ( 'NONE', #1682, 1000.000000000000000 ) ;
#4820 = ORIENTED_EDGE ( 'NONE', *, *, #1501, .T. ) ;
#4819 = CARTESIAN_POINT ( 'NONE',  ( 0.8749999999999998890, 0.2999999999999999889, -4.499999999999999112 ) ) ;
#4821 = SURFACE_STYLE_FILL_AREA ( #387 ) ;
#4822 = LINE ( 'NONE', #8545, #7222 ) ;
#4823 = ORIENTED_EDGE ( 'NONE', *, *, #9701, .T. ) ;
#4824 = AXIS2_PLACEMENT_3D ( 'NONE', #5819, #8076, #8950 ) ;
#4825 = FACE_OUTER_BOUND ( 'NONE', #5498, .T. ) ;
#4827 = DIRECTION ( 'NONE',  ( -0.2334453638558986188, 0.9723699203976782224, -0.000000000000000000 ) ) ;
#4826 = DIRECTION ( 'NONE',  ( 0.000000000000000000, 0.000000000000000000, 1.000000000000000000 ) ) ;
#4828 = CARTESIAN_POINT ( 'NONE',  ( 0.8749999999999995559, 0.6170370868554649890, -0.6705904774487415620 ) ) ;
#4829 = AXIS2_PLACEMENT_3D ( 'NONE', #210, #7735, #2261 ) ;
#4830 = VERTEX_POINT ( 'NONE', #4533 ) ;
#4831 = CARTESIAN_POINT ( 'NONE',  ( 1.899999999999998135, 0.5999999999999999778, 4.049999999999998934 ) ) ;
#4832 = CARTESIAN_POINT ( 'NONE',  ( 1.490087346361316012, -0.3577383210353989318, 4.245099467566001650 ) ) ;
#4833 = ORIENTED_EDGE ( 'NONE', *, *, #2130, .F. ) ;
#4834 = FACE_OUTER_BOUND ( 'NONE', #2517, .T. ) ;
#4836 = DIRECTION ( 'NONE',  ( 0.000000000000000000, 0.000000000000000000, 1.000000000000000000 ) ) ;
#4835 = CARTESIAN_POINT ( 'NONE',  ( 0.6658733778779107881, 0.1598620542654100307, 5.149785371212445284 ) ) ;
#4837 = CARTESIAN_POINT ( 'NONE',  ( 0.9000000000000027978, 0.3000000000000012101, -10.49000000000000199 ) ) ;
#4838 = EDGE_CURVE ( 'NONE', #3714, #3326, #6203, .T. ) ;
#4839 = ORIENTED_EDGE ( 'NONE', *, *, #3304, .T. ) ;
#4840 = DIRECTION ( 'NONE',  ( 0.000000000000000000, 1.000000000000000000, -0.000000000000000000 ) ) ;
#4841 = DIRECTION ( 'NONE',  ( 0.000000000000000000, 0.000000000000000000, 1.000000000000000000 ) ) ;
#4843 = ORIENTED_EDGE ( 'NONE', *, *, #1978, .T. ) ;
#4842 = PLANE ( 'NONE',  #2503 ) ;
#4844 = CARTESIAN_POINT ( 'NONE',  ( 1.024999999999996358, 0.5999999999999999778, 3.350000000000000089 ) ) ;
#4846 = ORIENTED_EDGE ( 'NONE', *, *, #165, .F. ) ;
#4845 = DIRECTION ( 'NONE',  ( 0.8594064115014512506, 0.000000000000000000, 0.5112930860770545927 ) ) ;
#4847 = ADVANCED_FACE ( 'NONE', ( #8172 ), #1488, .F. ) ;
#4848 = CARTESIAN_POINT ( 'NONE',  ( -3.549999999999999378, 0.2999999999999999889, -0.2999999999999996003 ) ) ;
#4849 = EDGE_LOOP ( 'NONE', ( #4911, #3648, #8863, #3871 ) ) ;
#4850 = ORIENTED_EDGE ( 'NONE', *, *, #2552, .T. ) ;
#4852 = VERTEX_POINT ( 'NONE', #2309 ) ;
#4851 = FACE_OUTER_BOUND ( 'NONE', #7117, .T. ) ;
#4854 = EDGE_CURVE ( 'NONE', #4333, #8192, #6601, .T. ) ;
#4853 = CARTESIAN_POINT ( 'NONE',  ( -6.174999999999998046, 1.599999999999999867, 5.299999999999998046 ) ) ;
#4855 = DIRECTION ( 'NONE',  ( -0.000000000000000000, -0.000000000000000000, 1.000000000000000000 ) ) ;
#4857 = ORIENTED_EDGE ( 'NONE', *, *, #3036, .T. ) ;
#4856 = DIRECTION ( 'NONE',  ( -0.000000000000000000, -1.240100524084728157E-16, 1.000000000000000000 ) ) ;
#4858 = CIRCLE ( 'NONE', #9234, 0.3500000000000004774 ) ;
#4859 = ORIENTED_EDGE ( 'NONE', *, *, #9396, .F. ) ;
#4860 = VERTEX_POINT ( 'NONE', #5289 ) ;
#4861 = EDGE_CURVE ( 'NONE', #4103, #3834, #2947, .T. ) ;
#4862 = EDGE_CURVE ( 'NONE', #9510, #710, #9013, .T. ) ;
#4864 = VERTEX_POINT ( 'NONE', #652 ) ;
#4863 = DIRECTION ( 'NONE',  ( 0.000000000000000000, 0.000000000000000000, 1.000000000000000000 ) ) ;
#4865 = AXIS2_PLACEMENT_3D ( 'NONE', #2256, #646, #6645 ) ;
#4866 = EDGE_CURVE ( 'NONE', #3411, #3563, #8554, .T. ) ;
#4867 = CARTESIAN_POINT ( 'NONE',  ( 0.3750000000000000000, 0.5999999999999999778, -1.049999999999998934 ) ) ;
#4868 = LINE ( 'NONE', #7859, #5362 ) ;
#4869 = VERTEX_POINT ( 'NONE', #8902 ) ;
#4871 = CARTESIAN_POINT ( 'NONE',  ( 6.096127999249077334, 4.200000000000000178, 4.194904458598724517 ) ) ;
#4870 = DIRECTION ( 'NONE',  ( -0.000000000000000000, -0.000000000000000000, 1.000000000000000000 ) ) ;
#4872 = LINE ( 'NONE', #8644, #6037 ) ;
#4873 = AXIS2_PLACEMENT_3D ( 'NONE', #2479, #8440, #1123 ) ;
#4874 = EDGE_LOOP ( 'NONE', ( #9547, #2377, #8904, #2288 ) ) ;
#4875 = VECTOR ( 'NONE', #3885, 1000.000000000000000 ) ;
#4876 = DIRECTION ( 'NONE',  ( -0.000000000000000000, -1.000000000000000000, -0.000000000000000000 ) ) ;
#4877 = ORIENTED_EDGE ( 'NONE', *, *, #2713, .T. ) ;
#4878 = CARTESIAN_POINT ( 'NONE',  ( 1.424999999999999156, 0.5999999999999999778, 2.949999999999997957 ) ) ;
#4879 = VERTEX_POINT ( 'NONE', #745 ) ;
#4880 = VECTOR ( 'NONE', #9599, 1000.000000000000000 ) ;
#4881 = AXIS2_PLACEMENT_3D ( 'NONE', #6829, #193, #2484 ) ;
#4882 = CARTESIAN_POINT ( 'NONE',  ( -3.023344536385590420, 2.183218014069269852, 5.599999999999997868 ) ) ;
#4884 = LINE ( 'NONE', #7876, #4706 ) ;
#4883 = DIRECTION ( 'NONE',  ( -0.000000000000000000, 1.000000000000000000, -0.000000000000000000 ) ) ;
#4885 = DIRECTION ( 'NONE',  ( 0.2516678542837351151, 0.06042010615679307972, -0.9659258262890699775 ) ) ;
#4886 = AXIS2_PLACEMENT_3D ( 'NONE', #1054, #7636, #8467 ) ;
#4887 = AXIS2_PLACEMENT_3D ( 'NONE', #4920, #6524, #7907 ) ;
#4888 = CARTESIAN_POINT ( 'NONE',  ( 0.000000000000000000, 0.5999999999999999778, 0.000000000000000000 ) ) ;
#4889 = LINE ( 'NONE', #9492, #2382 ) ;
#4891 = EDGE_LOOP ( 'NONE', ( #9224, #3983, #1801, #5192 ) ) ;
#4890 = DIRECTION ( 'NONE',  ( 1.000000000000000000, -0.000000000000000000, 0.000000000000000000 ) ) ;
#4892 = PLANE ( 'NONE',  #2 ) ;
#4894 = ORIENTED_EDGE ( 'NONE', *, *, #4667, .T. ) ;
#4893 = CARTESIAN_POINT ( 'NONE',  ( -2.940050835968760268, 0.000000000000000000, -6.681773797571976203 ) ) ;
#4895 = ORIENTED_EDGE ( 'NONE', *, *, #3669, .F. ) ;
#4896 = AXIS2_PLACEMENT_3D ( 'NONE', #9524, #3388, #8007 ) ;
#4897 = DIRECTION ( 'NONE',  ( -0.000000000000000000, -1.000000000000000000, -0.000000000000000000 ) ) ;
#4898 = VECTOR ( 'NONE', #8432, 999.9999999999998863 ) ;
#4899 = EDGE_CURVE ( 'NONE', #7753, #7895, #1176, .T. ) ;
#4900 = EDGE_CURVE ( 'NONE', #3261, #7900, #7610, .T. ) ;
#4901 = EDGE_CURVE ( 'NONE', #2287, #482, #1580, .T. ) ;
#4902 = AXIS2_PLACEMENT_3D ( 'NONE', #8308, #2152, #55 ) ;
#4903 = EDGE_CURVE ( 'NONE', #4393, #7804, #3738, .T. ) ;
#4904 = VECTOR ( 'NONE', #7887, 1000.000000000000000 ) ;
#4906 = VERTEX_POINT ( 'NONE', #4488 ) ;
#4905 = LINE ( 'NONE', #7894, #8098 ) ;
#4907 = LINE ( 'NONE', #3310, #5970 ) ;
#4908 = LINE ( 'NONE', #1882, #5721 ) ;
#4910 = ORIENTED_EDGE ( 'NONE', *, *, #8312, .F. ) ;
#4909 = CARTESIAN_POINT ( 'NONE',  ( 5.674999999999998934, 3.449999999999998401, 5.599999999999997868 ) ) ;
#4911 = ORIENTED_EDGE ( 'NONE', *, *, #3751, .F. ) ;
#4912 = AXIS2_PLACEMENT_3D ( 'NONE', #8984, #1320, #5945 ) ;
#4913 = VECTOR ( 'NONE', #8223, 1000.000000000000000 ) ;
#4914 = ORIENTED_EDGE ( 'NONE', *, *, #1569, .T. ) ;
#4915 = ORIENTED_EDGE ( 'NONE', *, *, #5284, .F. ) ;
#4917 = ORIENTED_EDGE ( 'NONE', *, *, #2868, .T. ) ;
#4916 = PLANE ( 'NONE',  #9191 ) ;
#4918 = VECTOR ( 'NONE', #3245, 1000.000000000000000 ) ;
#4919 =( NAMED_UNIT ( * ) PLANE_ANGLE_UNIT ( ) SI_UNIT ( $, .RADIAN. ) );
#4920 = CARTESIAN_POINT ( 'NONE',  ( 2.470092451470720984, 0.5999999999999998668, -5.358044725568028355 ) ) ;
#4921 = ORIENTED_EDGE ( 'NONE', *, *, #886, .F. ) ;
#4923 = DIRECTION ( 'NONE',  ( -0.000000000000000000, -0.000000000000000000, -1.000000000000000000 ) ) ;
#4922 = DIRECTION ( 'NONE',  ( 0.000000000000000000, 1.000000000000000000, 0.000000000000000000 ) ) ;
#4924 = DIRECTION ( 'NONE',  ( -0.000000000000000000, -1.000000000000000000, -0.000000000000000000 ) ) ;
#4925 = ADVANCED_FACE ( 'NONE', ( #7585 ), #6, .F. ) ;
#4926 = EDGE_CURVE ( 'NONE', #9114, #4830, #5133, .T. ) ;
#4927 = EDGE_CURVE ( 'NONE', #7739, #1173, #3749, .T. ) ;
#4928 = AXIS2_PLACEMENT_3D ( 'NONE', #6545, #6590, #8706 ) ;
#4929 = ADVANCED_FACE ( 'NONE', ( #3161 ), #6755, .T. ) ;
#4930 = ORIENTED_EDGE ( 'NONE', *, *, #9695, .F. ) ;
#4931 = DIRECTION ( 'NONE',  ( 0.000000000000000000, -1.141265444721584004E-16, 1.000000000000000000 ) ) ;
#4932 = DIRECTION ( 'NONE',  ( -1.000000000000000000, 0.000000000000000000, 0.000000000000000000 ) ) ;
#4933 = ORIENTED_EDGE ( 'NONE', *, *, #4955, .T. ) ;
#4934 = DIRECTION ( 'NONE',  ( 0.6946583704589887054, 0.000000000000000000, 0.7193398003386594075 ) ) ;
#4936 = DIRECTION ( 'NONE',  ( -0.000000000000000000, 0.000000000000000000, 1.000000000000000000 ) ) ;
#4935 = CARTESIAN_POINT ( 'NONE',  ( 4.549999999999999822, 0.5999999999999998668, 5.849999999999999645 ) ) ;
#4937 = DIRECTION ( 'NONE',  ( -1.000000000000000000, -0.000000000000000000, 0.000000000000000000 ) ) ;
#4938 = VECTOR ( 'NONE', #2090, 1000.000000000000000 ) ;
#4939 = CARTESIAN_POINT ( 'NONE',  ( 5.219787914004600182, 3.199999999999998401, 5.336184427528452900 ) ) ;
#4940 = DIRECTION ( 'NONE',  ( 0.000000000000000000, 0.000000000000000000, -1.000000000000000000 ) ) ;
#4942 = ORIENTED_EDGE ( 'NONE', *, *, #149, .T. ) ;
#4941 = LINE ( 'NONE', #7098, #1402 ) ;
#4943 = CARTESIAN_POINT ( 'NONE',  ( -1.999999999999999112, 0.5999999999999998668, 1.325000000000000178 ) ) ;
#4945 = ORIENTED_EDGE ( 'NONE', *, *, #9065, .F. ) ;
#4944 = DIRECTION ( 'NONE',  ( -0.9723699203976781114, -0.2334453638558993960, 0.000000000000000000 ) ) ;
#4946 = ORIENTED_EDGE ( 'NONE', *, *, #7757, .F. ) ;
#4947 = LINE ( 'NONE', #5772, #5801 ) ;
#4948 = EDGE_CURVE ( 'NONE', #8977, #1604, #5104, .T. ) ;
#4949 = VECTOR ( 'NONE', #6685, 1000.000000000000000 ) ;
#4950 = AXIS2_PLACEMENT_3D ( 'NONE', #8434, #873, #3862 ) ;
#4952 = ORIENTED_EDGE ( 'NONE', *, *, #5696, .F. ) ;
#4951 = DIRECTION ( 'NONE',  ( 0.000000000000000000, 0.000000000000000000, -1.000000000000000000 ) ) ;
#4953 = DIRECTION ( 'NONE',  ( -0.000000000000000000, 0.9659258262890699775, -0.2588190451025145777 ) ) ;
#4954 = SHAPE_DEFINITION_REPRESENTATION ( #4527, #3680 ) ;
#4955 = EDGE_CURVE ( 'NONE', #8147, #6034, #4598, .T. ) ;
#4957 = VERTEX_POINT ( 'NONE', #2318 ) ;
#4956 = DIRECTION ( 'NONE',  ( -1.314184451497581013E-16, 0.000000000000000000, -1.000000000000000000 ) ) ;
#4958 = ORIENTED_EDGE ( 'NONE', *, *, #9049, .F. ) ;
#4959 = AXIS2_PLACEMENT_3D ( 'NONE', #801, #8951, #8123 ) ;
#4960 = ORIENTED_EDGE ( 'NONE', *, *, #7346, .F. ) ;
#4962 = ORIENTED_EDGE ( 'NONE', *, *, #3551, .T. ) ;
#4961 = CARTESIAN_POINT ( 'NONE',  ( 0.000000000000000000, 0.000000000000000000, 0.000000000000000000 ) ) ;
#4963 = VECTOR ( 'NONE', #7621, 1000.000000000000000 ) ;
#4964 = DIRECTION ( 'NONE',  ( 0.000000000000000000, 0.000000000000000000, 1.000000000000000000 ) ) ;
#4965 = CARTESIAN_POINT ( 'NONE',  ( 0.8999999999999998002, 0.5999999999999998668, 5.299999999999998046 ) ) ;
#4966 = VERTEX_POINT ( 'NONE', #9014 ) ;
#4967 = ORIENTED_EDGE ( 'NONE', *, *, #2488, .T. ) ;
#4968 = DIRECTION ( 'NONE',  ( 0.000000000000000000, 1.000000000000000000, 0.000000000000000000 ) ) ;
#4969 = CARTESIAN_POINT ( 'NONE',  ( 4.300000000000000711, 4.200000000000000178, 0.000000000000000000 ) ) ;
#4970 = AXIS2_PLACEMENT_3D ( 'NONE', #9551, #8132, #1304 ) ;
#4971 = ORIENTED_EDGE ( 'NONE', *, *, #640, .T. ) ;
#4972 = CARTESIAN_POINT ( 'NONE',  ( 2.274999999999999467, 0.2999999999999999889, -1.224999999999999423 ) ) ;
#4973 = ORIENTED_EDGE ( 'NONE', *, *, #6269, .T. ) ;
#4974 = EDGE_CURVE ( 'NONE', #5113, #3818, #9061, .T. ) ;
#4975 = FACE_OUTER_BOUND ( 'NONE', #4251, .T. ) ;
#4976 = ORIENTED_EDGE ( 'NONE', *, *, #8865, .T. ) ;
#4977 = VECTOR ( 'NONE', #8477, 999.9999999999998863 ) ;
#4978 = CARTESIAN_POINT ( 'NONE',  ( -0.2125042906920111829, 2.048280208886990916, 5.149785371212445284 ) ) ;
#4979 = EDGE_CURVE ( 'NONE', #5875, #90, #2271, .T. ) ;
#4981 = DIRECTION ( 'NONE',  ( -0.000000000000000000, -1.000000000000000000, -0.000000000000000000 ) ) ;
#4980 = DIRECTION ( 'NONE',  ( -0.000000000000000000, -1.000000000000000000, -0.000000000000000000 ) ) ;
#4982 = DIRECTION ( 'NONE',  ( -0.000000000000000000, -0.000000000000000000, 1.000000000000000000 ) ) ;
#4983 = DIRECTION ( 'NONE',  ( -0.9392372188187643189, -0.2254909059758627987, -0.2588190451025145222 ) ) ;
#4984 = EDGE_CURVE ( 'NONE', #4346, #1918, #4472, .T. ) ;
#4985 = EDGE_CURVE ( 'NONE', #7549, #4466, #7595, .T. ) ;
#4986 = EDGE_CURVE ( 'NONE', #2452, #9654, #5391, .T. ) ;
#4987 = CARTESIAN_POINT ( 'NONE',  ( -6.699999999999998401, 4.200000000000000178, 6.549999999999998934 ) ) ;
#4988 = CARTESIAN_POINT ( 'NONE',  ( 3.050555351932489945, 2.498242567300921646, 5.299999999999998046 ) ) ;
#4990 = ORIENTED_EDGE ( 'NONE', *, *, #9575, .T. ) ;
#4989 = DIRECTION ( 'NONE',  ( -0.000000000000000000, -1.000000000000000000, -0.000000000000000000 ) ) ;
#4991 = LINE ( 'NONE', #4192, #7085 ) ;
#4993 = FACE_OUTER_BOUND ( 'NONE', #1020, .T. ) ;
#4992 = CARTESIAN_POINT ( 'NONE',  ( -7.340836627629893307, 4.200000000000000178, -0.9338723716051084978 ) ) ;
#4994 = CARTESIAN_POINT ( 'NONE',  ( -1.050000000000000044, 0.000000000000000000, -6.190000000000002167 ) ) ;
#4995 = ORIENTED_EDGE ( 'NONE', *, *, #2613, .T. ) ;
#4997 = ORIENTED_EDGE ( 'NONE', *, *, #4010, .F. ) ;
#4996 = DIRECTION ( 'NONE',  ( -0.000000000000000000, 0.000000000000000000, -1.000000000000000000 ) ) ;
#4998 = CARTESIAN_POINT ( 'NONE',  ( -0.6000000000000000888, 1.205866657858800650, 2.686062390081659590 ) ) ;
#4999 = DIRECTION ( 'NONE',  ( 1.000000000000000000, 0.000000000000000000, 0.000000000000000000 ) ) ;
#5001 = ORIENTED_EDGE ( 'NONE', *, *, #1184, .T. ) ;
#5000 = CARTESIAN_POINT ( 'NONE',  ( 0.9000000000000000222, 5.421010862427522170E-17, 5.899999999999997691 ) ) ;
#5002 = CARTESIAN_POINT ( 'NONE',  ( 5.674999999999997158, 1.599999999999997202, 5.599999999999997868 ) ) ;
#5003 = ORIENTED_EDGE ( 'NONE', *, *, #2555, .F. ) ;
#5004 = VERTEX_POINT ( 'NONE', #5442 ) ;
#5006 = ORIENTED_EDGE ( 'NONE', *, *, #270, .T. ) ;
#5005 = DIRECTION ( 'NONE',  ( 0.000000000000000000, 1.000000000000000000, -0.000000000000000000 ) ) ;
#5007 = CARTESIAN_POINT ( 'NONE',  ( 3.918869757271534404E-16, -0.6999999999999999556, -4.200000000000001066 ) ) ;
#5008 = DIRECTION ( 'NONE',  ( 1.000000000000000000, 0.000000000000000000, 0.000000000000000000 ) ) ;
#5009 = ORIENTED_EDGE ( 'NONE', *, *, #1236, .F. ) ;
#5010 = DIRECTION ( 'NONE',  ( 0.000000000000000000, -1.141265444721584004E-16, 1.000000000000000000 ) ) ;
#5011 = CARTESIAN_POINT ( 'NONE',  ( -0.3750000000000000000, 1.449074627379628888, 2.524409288242015492 ) ) ;
#5012 = EDGE_CURVE ( 'NONE', #4178, #5794, #1324, .T. ) ;
#5014 = ORIENTED_EDGE ( 'NONE', *, *, #6230, .T. ) ;
#5013 = LINE ( 'NONE', #2037, #3372 ) ;
#5015 = PLANE ( 'NONE',  #2071 ) ;
#5016 = ORIENTED_EDGE ( 'NONE', *, *, #3429, .T. ) ;
#5017 = CARTESIAN_POINT ( 'NONE',  ( -4.837126351974867511, 4.200000000000000178, -5.467376761759734194 ) ) ;
#5019 = CARTESIAN_POINT ( 'NONE',  ( 2.274999999999999467, 0.5999999999999999778, 0.3000000000000003775 ) ) ;
#5018 = FACE_OUTER_BOUND ( 'NONE', #3255, .T. ) ;
#5020 = VECTOR ( 'NONE', #5959, 1000.000000000000000 ) ;
#5021 = DIRECTION ( 'NONE',  ( 0.000000000000000000, 1.000000000000000000, -0.000000000000000000 ) ) ;
#5022 = CARTESIAN_POINT ( 'NONE',  ( -5.424999999999998046, 3.200000000000000622, 5.899999999999997691 ) ) ;
#5023 = VECTOR ( 'NONE', #2100, 1000.000000000000000 ) ;
#5024 = DIRECTION ( 'NONE',  ( 0.6946583704589887054, 0.000000000000000000, -0.7193398003386594075 ) ) ;
#5025 = FACE_OUTER_BOUND ( 'NONE', #6133, .T. ) ;
#5027 = ORIENTED_EDGE ( 'NONE', *, *, #2485, .T. ) ;
#5026 = CARTESIAN_POINT ( 'NONE',  ( 6.273666803960598060, 0.000000000000000000, -3.732439528362502035 ) ) ;
#5028 = CARTESIAN_POINT ( 'NONE',  ( 4.408728476930475096E-16, -0.6999999999999999556, -4.550000000000000711 ) ) ;
#5030 = ORIENTED_EDGE ( 'NONE', *, *, #4541, .F. ) ;
#5029 = DIRECTION ( 'NONE',  ( 0.9392372188187644300, -0.2254909059758624934, -0.2588190451025144667 ) ) ;
#5031 = AXIS2_PLACEMENT_3D ( 'NONE', #9499, #7526, #8266 ) ;
#5032 = DIRECTION ( 'NONE',  ( 1.000000000000000000, 0.000000000000000000, 0.000000000000000000 ) ) ;
#5033 = VECTOR ( 'NONE', #1017, 1000.000000000000000 ) ;
#5034 = VECTOR ( 'NONE', #8942, 999.9999999999998863 ) ;
#5035 = EDGE_CURVE ( 'NONE', #8419, #6705, #8855, .T. ) ;
#5036 = EDGE_CURVE ( 'NONE', #8528, #2975, #4752, .T. ) ;
#5037 = EDGE_CURVE ( 'NONE', #4292, #4748, #3954, .T. ) ;
#5039 = VERTEX_POINT ( 'NONE', #6854 ) ;
#5038 = LINE ( 'NONE', #8225, #6381 ) ;
#5040 = VECTOR ( 'NONE', #6258, 1000.000000000000114 ) ;
#5041 = VECTOR ( 'NONE', #8968, 1000.000000000000000 ) ;
#5042 = LINE ( 'NONE', #8860, #4238 ) ;
#5044 = ORIENTED_EDGE ( 'NONE', *, *, #1786, .F. ) ;
#5043 = FACE_OUTER_BOUND ( 'NONE', #21, .T. ) ;
#5045 = CARTESIAN_POINT ( 'NONE',  ( 0.000000000000000000, 4.200000000000000178, 0.000000000000000000 ) ) ;
#5046 = ORIENTED_EDGE ( 'NONE', *, *, #8865, .F. ) ;
#5047 = AXIS2_PLACEMENT_3D ( 'NONE', #5267, #3721, #780 ) ;
#5048 = VECTOR ( 'NONE', #2118, 1000.000000000000000 ) ;
#5049 = ORIENTED_EDGE ( 'NONE', *, *, #332, .F. ) ;
#5051 = VERTEX_POINT ( 'NONE', #8281 ) ;
#5050 = FACE_BOUND ( 'NONE', #5697, .T. ) ;
#5052 = CARTESIAN_POINT ( 'NONE',  ( 0.000000000000000000, 0.000000000000000000, 6.549999999999998934 ) ) ;
#5053 = PLANE ( 'NONE',  #8162 ) ;
#5054 = VECTOR ( 'NONE', #4714, 1000.000000000000000 ) ;
#5055 = VERTEX_POINT ( 'NONE', #757 ) ;
#5056 = VECTOR ( 'NONE', #2498, 1000.000000000000000 ) ;
#5057 = EDGE_CURVE ( 'NONE', #8848, #3382, #9489, .T. ) ;
#5058 = DIRECTION ( 'NONE',  ( -0.9745028046914836484, 0.000000000000000000, -0.2243753187149424844 ) ) ;
#5059 = CARTESIAN_POINT ( 'NONE',  ( -4.445813570937528603, 0.5999999999999999778, -4.603774722167421452 ) ) ;
#5060 = ADVANCED_FACE ( 'NONE', ( #1737 ), #117, .T. ) ;
#5061 = VECTOR ( 'NONE', #8498, 1000.000000000000000 ) ;
#5062 = ORIENTED_EDGE ( 'NONE', *, *, #5319, .T. ) ;
#5064 = VERTEX_POINT ( 'NONE', #6119 ) ;
#5063 = CARTESIAN_POINT ( 'NONE',  ( -5.674999999999997158, 1.599999999999999867, 5.599999999999997868 ) ) ;
#5065 = DIRECTION ( 'NONE',  ( -0.3746065934159064637, 0.000000000000000000, -0.9271838545667896447 ) ) ;
#5066 = ORIENTED_EDGE ( 'NONE', *, *, #3219, .F. ) ;
#5067 = DIRECTION ( 'NONE',  ( -0.000000000000000000, -0.000000000000000000, -1.000000000000000000 ) ) ;
#5069 = CARTESIAN_POINT ( 'NONE',  ( -3.749999999999999556, 4.200000000000000178, -1.324999999999999512 ) ) ;
#5068 = LINE ( 'NONE', #5216, #196 ) ;
#5070 = EDGE_CURVE ( 'NONE', #1555, #3525, #9113, .T. ) ;
#5071 = EDGE_CURVE ( 'NONE', #7895, #6488, #2368, .T. ) ;
#5072 = DIRECTION ( 'NONE',  ( 0.000000000000000000, 1.000000000000000000, 0.000000000000000000 ) ) ;
#5073 = VECTOR ( 'NONE', #5723, 1000.000000000000000 ) ;
#5074 = CARTESIAN_POINT ( 'NONE',  ( 0.000000000000000000, 4.200000000000000178, 0.000000000000000000 ) ) ;
#5075 = VECTOR ( 'NONE', #4276, 1000.000000000000000 ) ;
#5076 = LINE ( 'NONE', #5858, #9256 ) ;
#5077 = LINE ( 'NONE', #413, #827 ) ;
#5079 = ORIENTED_EDGE ( 'NONE', *, *, #3378, .T. ) ;
#5078 = DIRECTION ( 'NONE',  ( 1.000000000000000000, 0.000000000000000000, 0.000000000000000000 ) ) ;
#5080 = VERTEX_POINT ( 'NONE', #7281 ) ;
#5081 = DIRECTION ( 'NONE',  ( -0.000000000000000000, 1.000000000000000000, -0.000000000000000000 ) ) ;
#5083 = ORIENTED_EDGE ( 'NONE', *, *, #6175, .F. ) ;
#5082 = FACE_OUTER_BOUND ( 'NONE', #3839, .T. ) ;
#5084 = DIRECTION ( 'NONE',  ( -0.000000000000000000, -1.000000000000000000, -0.000000000000000000 ) ) ;
#5085 = DIRECTION ( 'NONE',  ( 0.000000000000000000, 1.000000000000000000, 0.000000000000000000 ) ) ;
#5087 = ORIENTED_EDGE ( 'NONE', *, *, #6715, .F. ) ;
#5086 = CARTESIAN_POINT ( 'NONE',  ( 0.000000000000000000, 4.200000000000000178, 4.899999999999999467 ) ) ;
#5088 = AXIS2_PLACEMENT_3D ( 'NONE', #8412, #1670, #7778 ) ;
#5089 = DIRECTION ( 'NONE',  ( 0.000000000000000000, 0.000000000000000000, -1.000000000000000000 ) ) ;
#5091 = ORIENTED_EDGE ( 'NONE', *, *, #4424, .F. ) ;
#5090 = DIRECTION ( 'NONE',  ( 0.000000000000000000, 0.000000000000000000, -1.000000000000000000 ) ) ;
#5092 = EDGE_CURVE ( 'NONE', #126, #6906, #539, .T. ) ;
#5093 = EDGE_CURVE ( 'NONE', #4352, #6284, #9177, .T. ) ;
#5094 = VECTOR ( 'NONE', #5942, 1000.000000000000000 ) ;
#5095 = CARTESIAN_POINT ( 'NONE',  ( 0.8749999999999998890, 0.5999999999999999778, -4.499999999999999112 ) ) ;
#5096 = VERTEX_POINT ( 'NONE', #5541 ) ;
#5097 = EDGE_CURVE ( 'NONE', #1410, #2715, #9638, .T. ) ;
#5098 = VECTOR ( 'NONE', #8342, 1000.000000000000000 ) ;
#5100 = VERTEX_POINT ( 'NONE', #7184 ) ;
#5099 = DIRECTION ( 'NONE',  ( 0.000000000000000000, 1.000000000000000000, 0.000000000000000000 ) ) ;
#5101 = CARTESIAN_POINT ( 'NONE',  ( -7.274928168233663506, 4.200000000000000178, 0.6044999148390727273 ) ) ;
#5102 = CARTESIAN_POINT ( 'NONE',  ( -0.9000000000000000222, 0.5999999999999999778, -6.190000000000002167 ) ) ;
#5103 = EDGE_CURVE ( 'NONE', #5794, #7420, #2748, .T. ) ;
#5104 = CIRCLE ( 'NONE', #6041, 7.300000000000001599 ) ;
#5105 = EDGE_LOOP ( 'NONE', ( #2160, #3021, #8960, #2958 ) ) ;
#5106 = LINE ( 'NONE', #8096, #9595 ) ;
#5107 = FACE_OUTER_BOUND ( 'NONE', #5400, .T. ) ;
#5108 = VECTOR ( 'NONE', #4373, 1000.000000000000114 ) ;
#5110 = ORIENTED_EDGE ( 'NONE', *, *, #8491, .T. ) ;
#5109 = CARTESIAN_POINT ( 'NONE',  ( 2.274999999999999467, 0.2999999999999999889, -4.599999999999999645 ) ) ;
#5111 = ORIENTED_EDGE ( 'NONE', *, *, #409, .T. ) ;
#5112 = CARTESIAN_POINT ( 'NONE',  ( -0.6000000000000000888, 1.437410120597455654, 2.391083365635861657 ) ) ;
#5113 = VERTEX_POINT ( 'NONE', #7328 ) ;
#5114 = VERTEX_POINT ( 'NONE', #6495 ) ;
#5115 = DIRECTION ( 'NONE',  ( 0.000000000000000000, 1.000000000000000000, -0.000000000000000000 ) ) ;
#5117 = CARTESIAN_POINT ( 'NONE',  ( -1.999999999999999112, 0.2999999999999999889, 4.299999999999999822 ) ) ;
#5116 = CARTESIAN_POINT ( 'NONE',  ( 1.495608527427107814, 4.200000000000000178, 6.495699763439076513 ) ) ;
#5118 = CARTESIAN_POINT ( 'NONE',  ( -3.749999999999999556, 0.2999999999999999889, -1.324999999999999512 ) ) ;
#5119 = CIRCLE ( 'NONE', #875, 0.3000000000000000444 ) ;
#5120 = LINE ( 'NONE', #5903, #1027 ) ;
#5121 = VECTOR ( 'NONE', #9687, 1000.000000000000000 ) ;
#5122 = CARTESIAN_POINT ( 'NONE',  ( -7.100000000000004086, 4.200000000000000178, 7.245021576138441509E-15 ) ) ;
#5123 = CARTESIAN_POINT ( 'NONE',  ( 0.3750000000000000000, 1.437410120597456542, 2.391083365635864766 ) ) ;
#5125 = EDGE_LOOP ( 'NONE', ( #9645, #8040, #5046, #3213 ) ) ;
#5124 = DIRECTION ( 'NONE',  ( -1.000000000000000000, 0.000000000000000000, 0.000000000000000000 ) ) ;
#5126 = CARTESIAN_POINT ( 'NONE',  ( -0.9000000000000000222, 0.5999999999999999778, -6.190000000000002167 ) ) ;
#5127 = LINE ( 'NONE', #4580, #7531 ) ;
#5128 = LINE ( 'NONE', #9539, #2167 ) ;
#5129 = EDGE_CURVE ( 'NONE', #9729, #9615, #8704, .T. ) ;
#5130 = ADVANCED_FACE ( 'NONE', ( #4186 ), #6543, .T. ) ;
#5131 = VECTOR ( 'NONE', #1628, 1000.000000000000000 ) ;
#5132 = FACE_OUTER_BOUND ( 'NONE', #5105, .T. ) ;
#5133 = LINE ( 'NONE', #20, #2257 ) ;
#5135 = ORIENTED_EDGE ( 'NONE', *, *, #4124, .F. ) ;
#5134 = LINE ( 'NONE', #2159, #7630 ) ;
#5136 = FACE_OUTER_BOUND ( 'NONE', #7806, .T. ) ;
#5138 = ORIENTED_EDGE ( 'NONE', *, *, #1008, .F. ) ;
#5137 = DIRECTION ( 'NONE',  ( -0.000000000000000000, -1.000000000000000000, -0.000000000000000000 ) ) ;
#5139 = LINE ( 'NONE', #3649, #7243 ) ;
#5140 = ORIENTED_EDGE ( 'NONE', *, *, #9173, .F. ) ;
#5141 = ORIENTED_EDGE ( 'NONE', *, *, #8575, .F. ) ;
#5143 = EDGE_LOOP ( 'NONE', ( #8185, #6729, #5235, #7432 ) ) ;
#5142 = LINE ( 'NONE', #7349, #1956 ) ;
#5144 = LINE ( 'NONE', #2865, #5500 ) ;
#5145 = CARTESIAN_POINT ( 'NONE',  ( -3.594691988755337686, 0.000000000000000000, -6.353596580361259072 ) ) ;
#5146 = VERTEX_POINT ( 'NONE', #5763 ) ;
#5147 = CARTESIAN_POINT ( 'NONE',  ( 0.000000000000000000, 4.200000000000000178, 0.000000000000000000 ) ) ;
#5148 = DIRECTION ( 'NONE',  ( 1.000000000000000000, 0.000000000000000000, -5.337610695313253357E-16 ) ) ;
#5149 = EDGE_CURVE ( 'NONE', #5266, #1793, #8746, .T. ) ;
#5150 = ADVANCED_FACE ( 'NONE', ( #1280 ), #2787, .F. ) ;
#5151 = EDGE_CURVE ( 'NONE', #1744, #9372, #1227, .T. ) ;
#5152 = ORIENTED_EDGE ( 'NONE', *, *, #4040, .F. ) ;
#5154 = ORIENTED_EDGE ( 'NONE', *, *, #7316, .F. ) ;
#5153 = LINE ( 'NONE', #8882, #6058 ) ;
#5155 = ORIENTED_EDGE ( 'NONE', *, *, #6291, .F. ) ;
#5156 = LINE ( 'NONE', #38, #4938 ) ;
#5157 = VERTEX_POINT ( 'NONE', #6584 ) ;
#5158 = FACE_OUTER_BOUND ( 'NONE', #4567, .T. ) ;
#5160 = CARTESIAN_POINT ( 'NONE',  ( -4.299999999999973177, 4.200000000000000178, -2.334728763276425106E-14 ) ) ;
#5159 = DIRECTION ( 'NONE',  ( -0.000000000000000000, -0.000000000000000000, 1.000000000000000000 ) ) ;
#5161 = CARTESIAN_POINT ( 'NONE',  ( -0.8999999999999999112, 0.08330823441174382837, -6.463338353117655366 ) ) ;
#5162 = CARTESIAN_POINT ( 'NONE',  ( -1.050000000000000044, 0.000000000000000000, -7.399999999999999467 ) ) ;
#5163 = DIRECTION ( 'NONE',  ( 0.9063077870366509359, 0.000000000000000000, -0.4226182617406973874 ) ) ;
#5165 = ORIENTED_EDGE ( 'NONE', *, *, #1758, .F. ) ;
#5164 = CARTESIAN_POINT ( 'NONE',  ( -6.174999999999998046, 4.200000000000000178, 5.599999999999997868 ) ) ;
#5166 = VECTOR ( 'NONE', #1200, 1000.000000000000000 ) ;
#5167 = ORIENTED_EDGE ( 'NONE', *, *, #1954, .T. ) ;
#5168 = CARTESIAN_POINT ( 'NONE',  ( 1.999999999999999112, 0.5999999999999998668, -1.324999999999999512 ) ) ;
#5170 = DIRECTION ( 'NONE',  ( 1.000000000000000000, -0.000000000000000000, 0.000000000000000000 ) ) ;
#5169 = CARTESIAN_POINT ( 'NONE',  ( 3.050555351932489945, 2.498242567300921646, 5.599999999999997868 ) ) ;
#5171 = CARTESIAN_POINT ( 'NONE',  ( 3.749999999999999112, 0.5999999999999998668, 1.325000000000000400 ) ) ;
#5172 = AXIS2_PLACEMENT_3D ( 'NONE', #132, #6184, #9178 ) ;
#5173 = EDGE_CURVE ( 'NONE', #5080, #8179, #587, .T. ) ;
#5174 = CARTESIAN_POINT ( 'NONE',  ( 0.000000000000000000, 0.2999999999999999889, -1.049999999999998934 ) ) ;
#5175 = CARTESIAN_POINT ( 'NONE',  ( 1.899999999999999245, 0.5999999999999999778, -4.923692341845005593 ) ) ;
#5177 = ORIENTED_EDGE ( 'NONE', *, *, #8988, .F. ) ;
#5176 = FACE_OUTER_BOUND ( 'NONE', #9305, .T. ) ;
#5178 = FACE_OUTER_BOUND ( 'NONE', #1064, .T. ) ;
#5180 = ORIENTED_EDGE ( 'NONE', *, *, #8517, .F. ) ;
#5179 = CARTESIAN_POINT ( 'NONE',  ( -7.210338479410735246, 4.200000000000000178, -1.664637802144621315 ) ) ;
#5181 = AXIS2_PLACEMENT_3D ( 'NONE', #3065, #3808, #6716 ) ;
#5182 = VECTOR ( 'NONE', #4827, 1000.000000000000000 ) ;
#5183 = DIRECTION ( 'NONE',  ( -0.2334453638558981192, -0.9723699203976783334, 0.000000000000000000 ) ) ;
#5184 = AXIS2_PLACEMENT_3D ( 'NONE', #2584, #7478, #879 ) ;
#5185 = AXIS2_PLACEMENT_3D ( 'NONE', #6497, #9352, #7924 ) ;
#5186 = VERTEX_POINT ( 'NONE', #6450 ) ;
#5187 = ADVANCED_FACE ( 'NONE', ( #4283 ), #8014, .F. ) ;
#5188 = EDGE_CURVE ( 'NONE', #3099, #3168, #70, .T. ) ;
#5189 = EDGE_CURVE ( 'NONE', #7521, #7404, #2052, .T. ) ;
#5190 = AXIS2_PLACEMENT_3D ( 'NONE', #8372, #3892, #159 ) ;
#5191 = AXIS2_PLACEMENT_3D ( 'NONE', #3212, #2323, #5493 ) ;
#5192 = ORIENTED_EDGE ( 'NONE', *, *, #1903, .F. ) ;
#5194 = VERTEX_POINT ( 'NONE', #7232 ) ;
#5193 = FACE_OUTER_BOUND ( 'NONE', #6470, .T. ) ;
#5195 = CARTESIAN_POINT ( 'NONE',  ( -2.274999999999999467, 0.2999999999999999889, 3.794707603699265519E-16 ) ) ;
#5196 = CARTESIAN_POINT ( 'NONE',  ( -0.3750000000000000000, 0.3000000000000001554, -0.7999999999999988232 ) ) ;
#5197 = ORIENTED_EDGE ( 'NONE', *, *, #2806, .F. ) ;
#5198 = FACE_OUTER_BOUND ( 'NONE', #419, .T. ) ;
#5199 = VECTOR ( 'NONE', #5423, 1000.000000000000000 ) ;
#5200 = FACE_OUTER_BOUND ( 'NONE', #370, .T. ) ;
#5201 = VECTOR ( 'NONE', #317, 1000.000000000000000 ) ;
#5202 = ORIENTED_EDGE ( 'NONE', *, *, #3096, .F. ) ;
#5203 = ADVANCED_FACE ( 'NONE', ( #5857 ), #2098, .F. ) ;
#5204 = ORIENTED_EDGE ( 'NONE', *, *, #6912, .F. ) ;
#5206 = VERTEX_POINT ( 'NONE', #9259 ) ;
#5205 = CARTESIAN_POINT ( 'NONE',  ( 0.8749999999999995559, 1.437410120597456098, 2.391083365635864322 ) ) ;
#5207 = CIRCLE ( 'NONE', #4742, 7.300000000000002487 ) ;
#5208 = VECTOR ( 'NONE', #4980, 1000.000000000000000 ) ;
#5209 = ORIENTED_EDGE ( 'NONE', *, *, #9293, .F. ) ;
#5210 = CARTESIAN_POINT ( 'NONE',  ( 0.4409716802473783726, 2.360234174678017549, 4.918241908473789614 ) ) ;
#5211 = EDGE_LOOP ( 'NONE', ( #5453, #6893, #7789, #7045 ) ) ;
#5212 = ORIENTED_EDGE ( 'NONE', *, *, #2475, .T. ) ;
#5214 = ORIENTED_EDGE ( 'NONE', *, *, #1540, .F. ) ;
#5213 = ADVANCED_FACE ( 'NONE', ( #2516 ), #7923, .T. ) ;
#5215 = DIRECTION ( 'NONE',  ( 0.000000000000000000, 1.000000000000000000, -0.000000000000000000 ) ) ;
#5217 = DIRECTION ( 'NONE',  ( 0.000000000000000000, 1.000000000000000000, 0.000000000000000000 ) ) ;
#5216 = CARTESIAN_POINT ( 'NONE',  ( 0.3750000000000000000, 1.147632372710735371, 2.468729079166619655 ) ) ;
#5218 = ADVANCED_FACE ( 'NONE', ( #8304 ), #3727, .T. ) ;
#5219 = EDGE_CURVE ( 'NONE', #3168, #9327, #7575, .T. ) ;
#5220 = CARTESIAN_POINT ( 'NONE',  ( -6.174999999999998046, 4.200000000000000178, 5.849999999999998757 ) ) ;
#5221 = EDGE_CURVE ( 'NONE', #1612, #7332, #2886, .T. ) ;
#5222 = AXIS2_PLACEMENT_3D ( 'NONE', #8279, #2315, #860 ) ;
#5223 = AXIS2_PLACEMENT_3D ( 'NONE', #7141, #445, #4082 ) ;
#5224 = DIRECTION ( 'NONE',  ( 0.000000000000000000, 0.000000000000000000, 1.000000000000000000 ) ) ;
#5225 = CARTESIAN_POINT ( 'NONE',  ( -3.957114563163610654, 0.000000000000000000, -4.097712085298143236 ) ) ;
#5227 = VERTEX_POINT ( 'NONE', #3629 ) ;
#5226 = DIRECTION ( 'NONE',  ( -0.000000000000000000, -0.9659258262890700886, 0.2588190451025144667 ) ) ;
#5228 = VECTOR ( 'NONE', #7075, 1000.000000000000000 ) ;
#5229 = LINE ( 'NONE', #4479, #2826 ) ;
#5230 = CARTESIAN_POINT ( 'NONE',  ( 0.9000000000000027978, 1.246832498358330099E-15, -10.49000000000000199 ) ) ;
#5231 = CARTESIAN_POINT ( 'NONE',  ( -0.8999999999999989120, 8.131516293641283255E-16, -6.690000000000003944 ) ) ;
#5232 = VECTOR ( 'NONE', #8406, 1000.000000000000114 ) ;
#5233 = DIRECTION ( 'NONE',  ( -1.000000000000000000, 0.000000000000000000, 0.000000000000000000 ) ) ;
#5235 = ORIENTED_EDGE ( 'NONE', *, *, #5644, .F. ) ;
#5234 = LINE ( 'NONE', #4387, #2759 ) ;
#5236 = EDGE_CURVE ( 'NONE', #6547, #8771, #6785, .T. ) ;
#5237 = DIRECTION ( 'NONE',  ( 0.2334453638558991462, -0.9723699203976781114, 0.000000000000000000 ) ) ;
#5239 = ORIENTED_EDGE ( 'NONE', *, *, #7729, .T. ) ;
#5238 = LINE ( 'NONE', #656, #7242 ) ;
#5240 = ORIENTED_EDGE ( 'NONE', *, *, #407, .T. ) ;
#5241 = DIRECTION ( 'NONE',  ( -0.2334453638558985633, -0.9723699203976782224, -3.738238470815287900E-16 ) ) ;
#5242 = EDGE_LOOP ( 'NONE', ( #3114, #217, #737, #1595 ) ) ;
#5243 = PRODUCT ( 'CH291-1220LF', 'CH291-1220LF', '', ( #8906 ) ) ;
#5244 = VECTOR ( 'NONE', #838, 1000.000000000000000 ) ;
#5245 = ADVANCED_FACE ( 'NONE', ( #4522 ), #3780, .T. ) ;
#5246 = ORIENTED_EDGE ( 'NONE', *, *, #4458, .F. ) ;
#5248 = ORIENTED_EDGE ( 'NONE', *, *, #4610, .F. ) ;
#5247 = CARTESIAN_POINT ( 'NONE',  ( -3.050555351932489945, 2.498242567300921646, 5.599999999999997868 ) ) ;
#5249 = VECTOR ( 'NONE', #1115, 1000.000000000000000 ) ;
#5250 = DIRECTION ( 'NONE',  ( 0.2334453638558993960, -0.9723699203976782224, -7.217479547926805176E-17 ) ) ;
#5251 = DIRECTION ( 'NONE',  ( 0.000000000000000000, 0.000000000000000000, 1.000000000000000000 ) ) ;
#5252 = ORIENTED_EDGE ( 'NONE', *, *, #4253, .F. ) ;
#5253 = DIRECTION ( 'NONE',  ( 1.000000000000000000, 0.000000000000000000, 0.000000000000000000 ) ) ;
#5254 = CARTESIAN_POINT ( 'NONE',  ( -6.174999999999998046, 3.450000000000001066, 5.299999999999998046 ) ) ;
#5255 = AXIS2_PLACEMENT_3D ( 'NONE', #9613, #7503, #8243 ) ;
#5256 = ADVANCED_FACE ( 'NONE', ( #5273 ), #3832, .T. ) ;
#5257 = ADVANCED_FACE ( 'NONE', ( #4575 ), #6688, .F. ) ;
#5259 = ORIENTED_EDGE ( 'NONE', *, *, #1861, .T. ) ;
#5258 = CARTESIAN_POINT ( 'NONE',  ( -1.899999999999998579, 0.5999999999999999778, 1.225000000000000311 ) ) ;
#5260 = AXIS2_PLACEMENT_3D ( 'NONE', #5074, #7008, #3574 ) ;
#5261 = ORIENTED_EDGE ( 'NONE', *, *, #2316, .T. ) ;
#5262 = DIRECTION ( 'NONE',  ( 0.000000000000000000, 0.000000000000000000, -1.000000000000000000 ) ) ;
#5263 = ORIENTED_EDGE ( 'NONE', *, *, #1839, .T. ) ;
#5264 = ORIENTED_EDGE ( 'NONE', *, *, #7985, .T. ) ;
#5265 = EDGE_CURVE ( 'NONE', #3105, #4852, #8111, .T. ) ;
#5266 = VERTEX_POINT ( 'NONE', #8260 ) ;
#5267 = CARTESIAN_POINT ( 'NONE',  ( 0.000000000000000000, 0.2999999999999999889, 0.000000000000000000 ) ) ;
#5269 = DIRECTION ( 'NONE',  ( 0.9723699203976781114, 0.2334453638558991462, -0.000000000000000000 ) ) ;
#5268 = FACE_OUTER_BOUND ( 'NONE', #9367, .T. ) ;
#5270 = LINE ( 'NONE', #2096, #8221 ) ;
#5271 = VECTOR ( 'NONE', #5989, 1000.000000000000000 ) ;
#5272 = ADVANCED_FACE ( 'NONE', ( #8209 ), #9040, .T. ) ;
#5273 = FACE_OUTER_BOUND ( 'NONE', #2654, .T. ) ;
#5274 = EDGE_CURVE ( 'NONE', #175, #6377, #7428, .T. ) ;
#5275 = EDGE_CURVE ( 'NONE', #6776, #3322, #2582, .T. ) ;
#5276 = LINE ( 'NONE', #6786, #6011 ) ;
#5277 = ORIENTED_EDGE ( 'NONE', *, *, #7850, .F. ) ;
#5278 = VECTOR ( 'NONE', #9433, 1000.000000000000000 ) ;
#5279 = DIRECTION ( 'NONE',  ( -0.2516678542837350041, 0.06042010615679306584, -0.9659258262890699775 ) ) ;
#5281 = CARTESIAN_POINT ( 'NONE',  ( 7.374584718483434997, 4.200000000000000178, 0.6127807355902907815 ) ) ;
#5280 = CARTESIAN_POINT ( 'NONE',  ( 5.424999999999998046, 1.599999999999996536, 5.900000000000001243 ) ) ;
#5282 = DIRECTION ( 'NONE',  ( -8.260587980841933849E-16, -1.000000000000000000, 0.000000000000000000 ) ) ;
#5283 = VECTOR ( 'NONE', #4398, 1000.000000000000000 ) ;
#5284 = EDGE_CURVE ( 'NONE', #282, #3943, #9087, .T. ) ;
#5285 = EDGE_CURVE ( 'NONE', #7908, #3411, #5120, .T. ) ;
#5286 = EDGE_CURVE ( 'NONE', #8908, #5055, #2147, .T. ) ;
#5288 = ADVANCED_FACE ( 'NONE', ( #9672 ), #2935, .F. ) ;
#5287 = CYLINDRICAL_SURFACE ( 'NONE', #6387, 0.5000000000000002220 ) ;
#5289 = CARTESIAN_POINT ( 'NONE',  ( -0.9750000000000006439, 0.2999999999999999889, -4.599999999999999645 ) ) ;
#5291 = ORIENTED_EDGE ( 'NONE', *, *, #540, .T. ) ;
#5290 = DIRECTION ( 'NONE',  ( -0.000000000000000000, -1.000000000000000000, -0.000000000000000000 ) ) ;
#5292 = PLANE ( 'NONE',  #8487 ) ;
#5294 = ORIENTED_EDGE ( 'NONE', *, *, #49, .F. ) ;
#5293 = CARTESIAN_POINT ( 'NONE',  ( 2.743224965086314970, 3.350000000000000533, 5.599999999999997868 ) ) ;
#5295 = DIRECTION ( 'NONE',  ( -2.891205793294637601E-15, 1.445602896647318801E-15, -1.000000000000000000 ) ) ;
#5296 = VECTOR ( 'NONE', #7793, 1000.000000000000000 ) ;
#5297 = ORIENTED_EDGE ( 'NONE', *, *, #9086, .F. ) ;
#5298 = CARTESIAN_POINT ( 'NONE',  ( -3.679448476671462132, 0.000000000000000000, -4.087989592393803662 ) ) ;
#5299 = ORIENTED_EDGE ( 'NONE', *, *, #6291, .T. ) ;
#5301 = ORIENTED_EDGE ( 'NONE', *, *, #4854, .F. ) ;
#5300 = DIRECTION ( 'NONE',  ( 5.337610695313253357E-16, -0.000000000000000000, 1.000000000000000000 ) ) ;
#5302 = LINE ( 'NONE', #9656, #8939 ) ;
#5303 = DIRECTION ( 'NONE',  ( -1.000000000000000000, -0.000000000000000000, -0.000000000000000000 ) ) ;
#5304 = EDGE_LOOP ( 'NONE', ( #2536, #1023, #5843, #9714 ) ) ;
#5305 = LINE ( 'NONE', #8290, #7258 ) ;
#5306 = LINE ( 'NONE', #8291, #1630 ) ;
#5307 = ORIENTED_EDGE ( 'NONE', *, *, #5092, .F. ) ;
#5309 = EDGE_LOOP ( 'NONE', ( #6376, #3998, #9190, #7707, #3965, #9562, #8521, #4456, #8871, #2767, #5294, #3365 ) ) ;
#5308 = DIRECTION ( 'NONE',  ( 0.000000000000000000, 0.000000000000000000, 1.000000000000000000 ) ) ;
#5310 = CARTESIAN_POINT ( 'NONE',  ( 0.000000000000000000, 0.000000000000000000, 0.000000000000000000 ) ) ;
#5311 = DIRECTION ( 'NONE',  ( 0.9723699203976781114, 0.2334453638558991462, -0.000000000000000000 ) ) ;
#5312 = ORIENTED_EDGE ( 'NONE', *, *, #8690, .F. ) ;
#5313 = EDGE_LOOP ( 'NONE', ( #2020, #3405, #5263, #3350 ) ) ;
#5314 = ORIENTED_EDGE ( 'NONE', *, *, #4767, .F. ) ;
#5315 = DIRECTION ( 'NONE',  ( -0.2334453638558999511, -0.9723699203976778893, 1.129377263005733529E-17 ) ) ;
#5317 = DIRECTION ( 'NONE',  ( -0.000000000000000000, -1.000000000000000000, -0.000000000000000000 ) ) ;
#5316 = DIRECTION ( 'NONE',  ( 6.911893352558236644E-16, 1.000000000000000000, 1.430449744361087845E-16 ) ) ;
#5318 = CARTESIAN_POINT ( 'NONE',  ( 3.050555351932489945, 2.498242567300921646, 5.299999999999998046 ) ) ;
#5319 = EDGE_CURVE ( 'NONE', #2917, #4033, #6735, .T. ) ;
#5320 = CARTESIAN_POINT ( 'NONE',  ( -4.174999999999998934, 3.450000000000000622, 5.599999999999997868 ) ) ;
#5321 = DIRECTION ( 'NONE',  ( 1.000000000000000000, -0.000000000000000000, -0.000000000000000000 ) ) ;
#5322 = VERTEX_POINT ( 'NONE', #2247 ) ;
#5323 = DIRECTION ( 'NONE',  ( -1.000000000000000000, -0.000000000000000000, -1.314184451497581013E-16 ) ) ;
#5325 = CARTESIAN_POINT ( 'NONE',  ( 3.813246603095878928, 0.5999999999999999778, -4.236643759389941977 ) ) ;
#5324 = CARTESIAN_POINT ( 'NONE',  ( 0.3750000000000000000, 0.6170370868554649890, -0.6705904774487415620 ) ) ;
#5326 = DIRECTION ( 'NONE',  ( 1.000000000000000000, 3.093406186374440349E-32, 3.530397586997124897E-48 ) ) ;
#5327 = VECTOR ( 'NONE', #5326, 1000.000000000000000 ) ;
#5328 = EDGE_LOOP ( 'NONE', ( #821, #8775, #563, #9120 ) ) ;
#5329 = CARTESIAN_POINT ( 'NONE',  ( -4.174999999999998934, 3.450000000000000622, 5.599999999999997868 ) ) ;
#5331 = ORIENTED_EDGE ( 'NONE', *, *, #8110, .F. ) ;
#5330 = FACE_OUTER_BOUND ( 'NONE', #5125, .T. ) ;
#5332 = CARTESIAN_POINT ( 'NONE',  ( 0.000000000000000000, 4.200000000000000178, 0.000000000000000000 ) ) ;
#5334 = VERTEX_POINT ( 'NONE', #3234 ) ;
#5333 = CARTESIAN_POINT ( 'NONE',  ( -4.903388356796439140, 4.200000000000000178, -5.542272333838631937 ) ) ;
#5335 = CARTESIAN_POINT ( 'NONE',  ( 5.424999999999998046, 3.199999999999997513, 5.900000000000003908 ) ) ;
#5336 = ADVANCED_FACE ( 'NONE', ( #1085 ), #1038, .T. ) ;
#5337 = ADVANCED_FACE ( 'NONE', ( #349 ), #9291, .F. ) ;
#5338 = VECTOR ( 'NONE', #1481, 1000.000000000000000 ) ;
#5339 = EDGE_CURVE ( 'NONE', #9058, #6944, #933, .T. ) ;
#5340 = EDGE_LOOP ( 'NONE', ( #1841, #1286, #4648, #5487 ) ) ;
#5341 = DIRECTION ( 'NONE',  ( 0.000000000000000000, 1.000000000000000000, 0.000000000000000000 ) ) ;
#5342 = ORIENTED_EDGE ( 'NONE', *, *, #6356, .T. ) ;
#5344 = ORIENTED_EDGE ( 'NONE', *, *, #4484, .F. ) ;
#5343 = CARTESIAN_POINT ( 'NONE',  ( 3.549999999999998934, 0.5999999999999999778, -0.2999999999999996003 ) ) ;
#5345 = CIRCLE ( 'NONE', #1112, 0.3500000000000004774 ) ;
#5346 = DIRECTION ( 'NONE',  ( 0.000000000000000000, 0.000000000000000000, -1.000000000000000000 ) ) ;
#5347 = DIRECTION ( 'NONE',  ( 0.1822355254921517176, 0.000000000000000000, -0.9832549075639538394 ) ) ;
#5348 = ORIENTED_EDGE ( 'NONE', *, *, #5688, .F. ) ;
#5349 = ORIENTED_EDGE ( 'NONE', *, *, #4531, .F. ) ;
#5350 = LINE ( 'NONE', #4606, #9303 ) ;
#5351 = AXIS2_PLACEMENT_3D ( 'NONE', #4234, #7240, #6503 ) ;
#5352 = LINE ( 'NONE', #3906, #5098 ) ;
#5353 = CIRCLE ( 'NONE', #618, 0.2999999999999999334 ) ;
#5354 = VECTOR ( 'NONE', #9331, 1000.000000000000000 ) ;
#5356 = ORIENTED_EDGE ( 'NONE', *, *, #7040, .F. ) ;
#5355 = DIRECTION ( 'NONE',  ( 0.000000000000000000, 1.000000000000000000, 0.000000000000000000 ) ) ;
#5357 = EDGE_CURVE ( 'NONE', #5845, #3943, #9139, .T. ) ;
#5358 = DIRECTION ( 'NONE',  ( 0.000000000000000000, -1.442810774098246915E-15, 1.000000000000000000 ) ) ;
#5359 = ORIENTED_EDGE ( 'NONE', *, *, #2969, .T. ) ;
#5360 = VECTOR ( 'NONE', #4592, 1000.000000000000000 ) ;
#5361 = ORIENTED_EDGE ( 'NONE', *, *, #2827, .F. ) ;
#5362 = VECTOR ( 'NONE', #2681, 1000.000000000000000 ) ;
#5363 = CARTESIAN_POINT ( 'NONE',  ( 1.849413564507905949, 4.200000000000000178, 7.132552606811364271 ) ) ;
#5365 = DIRECTION ( 'NONE',  ( -1.000000000000000000, 0.000000000000000000, 0.000000000000000000 ) ) ;
#5364 = DIRECTION ( 'NONE',  ( 1.000000000000000000, 0.000000000000000000, 0.000000000000000000 ) ) ;
#5366 = CARTESIAN_POINT ( 'NONE',  ( -1.782100968893421067, 0.000000000000000000, 6.840201765403919332 ) ) ;
#5367 = EDGE_CURVE ( 'NONE', #8318, #1102, #2105, .T. ) ;
#5368 = AXIS2_PLACEMENT_3D ( 'NONE', #5293, #5090, #8277 ) ;
#5369 = DIRECTION ( 'NONE',  ( 0.000000000000000000, 0.000000000000000000, -1.000000000000000000 ) ) ;
#5370 = ADVANCED_FACE ( 'NONE', ( #4780 ), #5420, .T. ) ;
#5371 = CARTESIAN_POINT ( 'NONE',  ( 4.056374298827128300, 4.200000000000000178, 5.906093829678734863 ) ) ;
#5372 = ORIENTED_EDGE ( 'NONE', *, *, #3093, .F. ) ;
#5373 = DIRECTION ( 'NONE',  ( 0.000000000000000000, 0.000000000000000000, 1.000000000000000000 ) ) ;
#5375 = DIRECTION ( 'NONE',  ( 1.000000000000000000, -0.000000000000000000, 0.000000000000000000 ) ) ;
#5374 = DIRECTION ( 'NONE',  ( 1.000000000000000000, 0.000000000000000000, 0.000000000000000000 ) ) ;
#5376 = CIRCLE ( 'NONE', #1135, 5.900000000000000355 ) ;
#5377 = DIRECTION ( 'NONE',  ( 0.000000000000000000, 0.000000000000000000, -1.000000000000000000 ) ) ;
#5378 = AXIS2_PLACEMENT_3D ( 'NONE', #1622, #1526, #4528 ) ;
#5379 = AXIS2_PLACEMENT_3D ( 'NONE', #9022, #4557, #2280 ) ;
#5381 = ORIENTED_EDGE ( 'NONE', *, *, #1954, .F. ) ;
#5380 = VECTOR ( 'NONE', #8596, 1000.000000000000227 ) ;
#5382 = DIRECTION ( 'NONE',  ( 0.4924235601034704368, 0.000000000000000000, 0.8703556959398977000 ) ) ;
#5384 = VERTEX_POINT ( 'NONE', #6293 ) ;
#5383 = CARTESIAN_POINT ( 'NONE',  ( 7.177760825216866536, 4.200000000000000178, 1.330319336092708138 ) ) ;
#5385 = DIRECTION ( 'NONE',  ( -1.000000000000000000, -0.000000000000000000, 0.000000000000000000 ) ) ;
#5387 = ORIENTED_EDGE ( 'NONE', *, *, #8580, .F. ) ;
#5386 = DIRECTION ( 'NONE',  ( 1.758787277686376500E-16, 0.000000000000000000, 1.000000000000000000 ) ) ;
#5388 = EDGE_CURVE ( 'NONE', #3859, #602, #8403, .T. ) ;
#5389 = CARTESIAN_POINT ( 'NONE',  ( -0.8749999999999995559, 0.6170370868554649890, -0.6705904774487415620 ) ) ;
#5390 = AXIS2_PLACEMENT_3D ( 'NONE', #2492, #3982, #1665 ) ;
#5391 = LINE ( 'NONE', #5298, #5886 ) ;
#5392 = EDGE_CURVE ( 'NONE', #2929, #8282, #6930, .T. ) ;
#5393 = EDGE_CURVE ( 'NONE', #3105, #1612, #8556, .T. ) ;
#5394 = VERTEX_POINT ( 'NONE', #3979 ) ;
#5396 = ORIENTED_EDGE ( 'NONE', *, *, #1191, .F. ) ;
#5395 = DIRECTION ( 'NONE',  ( -1.000000000000000000, 0.000000000000000000, 0.000000000000000000 ) ) ;
#5398 = EDGE_CURVE ( 'NONE', #6900, #852, #7037, .T. ) ;
#5397 = CARTESIAN_POINT ( 'NONE',  ( 0.3654713239622577881, 2.342108142830979567, 5.208019656360511007 ) ) ;
#5399 = DIRECTION ( 'NONE',  ( 0.000000000000000000, 1.000000000000000000, -0.000000000000000000 ) ) ;
#5400 = EDGE_LOOP ( 'NONE', ( #8916, #2544, #3196, #1381 ) ) ;
#5401 = ORIENTED_EDGE ( 'NONE', *, *, #1749, .T. ) ;
#5402 = CYLINDRICAL_SURFACE ( 'NONE', #3041, 0.3500000000000004774 ) ;
#5403 = ORIENTED_EDGE ( 'NONE', *, *, #5357, .T. ) ;
#5404 = EDGE_CURVE ( 'NONE', #3849, #3439, #1812, .T. ) ;
#5405 = EDGE_CURVE ( 'NONE', #1671, #529, #6344, .T. ) ;
#5407 = VERTEX_POINT ( 'NONE', #4831 ) ;
#5406 = CARTESIAN_POINT ( 'NONE',  ( -0.3750000000000000000, 1.147632372710734927, 2.468729079166618767 ) ) ;
#5408 = CARTESIAN_POINT ( 'NONE',  ( -5.219787914004601070, 1.599999999999999867, 5.336184427528453789 ) ) ;
#5409 = FACE_OUTER_BOUND ( 'NONE', #2565, .T. ) ;
#5410 = AXIS2_PLACEMENT_3D ( 'NONE', #3888, #4840, #7632 ) ;
#5411 = ORIENTED_EDGE ( 'NONE', *, *, #8270, .F. ) ;
#5412 = CIRCLE ( 'NONE', #1165, 0.4000000000000001887 ) ;
#5413 = ORIENTED_EDGE ( 'NONE', *, *, #1473, .T. ) ;
#5414 = CARTESIAN_POINT ( 'NONE',  ( 4.175000000000000711, 3.449999999999999289, 5.599999999999997868 ) ) ;
#5416 = FACE_OUTER_BOUND ( 'NONE', #608, .T. ) ;
#5415 = CARTESIAN_POINT ( 'NONE',  ( 0.000000000000000000, 4.200000000000000178, 0.000000000000000000 ) ) ;
#5418 = LINE ( 'NONE', #4828, #4455 ) ;
#5417 = VECTOR ( 'NONE', #7750, 1000.000000000000000 ) ;
#5419 = CIRCLE ( 'NONE', #9169, 7.300000000000002487 ) ;
#5420 = PLANE ( 'NONE',  #5428 ) ;
#5421 = CARTESIAN_POINT ( 'NONE',  ( 0.000000000000000000, 4.200000000000000178, 0.000000000000000000 ) ) ;
#5422 = ORIENTED_EDGE ( 'NONE', *, *, #5057, .T. ) ;
#5423 = DIRECTION ( 'NONE',  ( 1.000000000000000000, 0.000000000000000000, 0.000000000000000000 ) ) ;
#5425 = CARTESIAN_POINT ( 'NONE',  ( 5.674999999999998934, 3.449999999999998401, 5.599999999999997868 ) ) ;
#5424 = FACE_OUTER_BOUND ( 'NONE', #9201, .T. ) ;
#5426 = DIRECTION ( 'NONE',  ( 0.6788007455329387874, 0.000000000000000000, -0.7343225094356883309 ) ) ;
#5427 = AXIS2_PLACEMENT_3D ( 'NONE', #5022, #3531, #8843 ) ;
#5428 = AXIS2_PLACEMENT_3D ( 'NONE', #3279, #3926, #9187 ) ;
#5429 = VERTEX_POINT ( 'NONE', #4031 ) ;
#5430 = CARTESIAN_POINT ( 'NONE',  ( 0.000000000000000000, 4.200000000000000178, 6.549999999999998934 ) ) ;
#5431 = DIRECTION ( 'NONE',  ( 0.000000000000000000, 1.000000000000000000, -0.000000000000000000 ) ) ;
#5433 = EDGE_LOOP ( 'NONE', ( #229, #1620, #3978, #6161 ) ) ;
#5432 = DIRECTION ( 'NONE',  ( 0.000000000000000000, 0.000000000000000000, -1.000000000000000000 ) ) ;
#5434 = DIRECTION ( 'NONE',  ( -0.9063077870366517130, 0.000000000000000000, 0.4226182617406956110 ) ) ;
#5436 = ORIENTED_EDGE ( 'NONE', *, *, #150, .T. ) ;
#5435 = DIRECTION ( 'NONE',  ( -1.000000000000000000, 0.000000000000000000, 0.000000000000000000 ) ) ;
#5437 = ADVANCED_FACE ( 'NONE', ( #141 ), #5467, .F. ) ;
#5438 = EDGE_CURVE ( 'NONE', #5429, #2141, #2747, .T. ) ;
#5439 = FACE_OUTER_BOUND ( 'NONE', #6404, .T. ) ;
#5440 = CIRCLE ( 'NONE', #713, 0.3000000000000007661 ) ;
#5441 = ADVANCED_FACE ( 'NONE', ( #6244 ), #3132, .T. ) ;
#5442 = CARTESIAN_POINT ( 'NONE',  ( 6.174999999999999822, 0.5999999999999998668, 5.849999999999998757 ) ) ;
#5443 = VECTOR ( 'NONE', #5382, 1000.000000000000227 ) ;
#5444 = VECTOR ( 'NONE', #4374, 1000.000000000000000 ) ;
#5445 = ORIENTED_EDGE ( 'NONE', *, *, #7024, .F. ) ;
#5447 = ORIENTED_EDGE ( 'NONE', *, *, #9649, .F. ) ;
#5446 = DIRECTION ( 'NONE',  ( -1.000000000000000000, 0.000000000000000000, 0.000000000000000000 ) ) ;
#5448 = AXIS2_PLACEMENT_3D ( 'NONE', #2714, #1833, #5543 ) ;
#5449 = LINE ( 'NONE', #173, #4560 ) ;
#5450 = FACE_OUTER_BOUND ( 'NONE', #7490, .T. ) ;
#5451 = ORIENTED_EDGE ( 'NONE', *, *, #1108, .T. ) ;
#5452 = LINE ( 'NONE', #6907, #856 ) ;
#5453 = ORIENTED_EDGE ( 'NONE', *, *, #1461, .F. ) ;
#5455 = ORIENTED_EDGE ( 'NONE', *, *, #8991, .F. ) ;
#5454 = CARTESIAN_POINT ( 'NONE',  ( 0.000000000000000000, 3.833974596215561803, 0.000000000000000000 ) ) ;
#5456 = PLANE ( 'NONE',  #4225 ) ;
#5457 = DIRECTION ( 'NONE',  ( -0.2334453638558993960, -0.9723699203976781114, -3.320040592046328557E-15 ) ) ;
#5458 = VERTEX_POINT ( 'NONE', #8504 ) ;
#5459 = ORIENTED_EDGE ( 'NONE', *, *, #2827, .T. ) ;
#5460 = CARTESIAN_POINT ( 'NONE',  ( 0.9000000000000017986, 0.3119011763445350693, -6.657619764731096623 ) ) ;
#5462 = DIRECTION ( 'NONE',  ( 0.000000000000000000, 0.000000000000000000, -1.000000000000000000 ) ) ;
#5461 = CARTESIAN_POINT ( 'NONE',  ( 0.2125042906920105168, 2.048280208886990472, 5.149785371212445284 ) ) ;
#5463 = DIRECTION ( 'NONE',  ( 0.000000000000000000, 0.000000000000000000, 1.000000000000000000 ) ) ;
#5464 = EDGE_CURVE ( 'NONE', #5334, #3719, #7084, .T. ) ;
#5465 = EDGE_CURVE ( 'NONE', #2972, #3950, #7218, .T. ) ;
#5466 = EDGE_CURVE ( 'NONE', #9333, #5322, #8000, .T. ) ;
#5467 = PLANE ( 'NONE',  #6052 ) ;
#5468 = CIRCLE ( 'NONE', #743, 0.4500000000000007327 ) ;
#5469 = LINE ( 'NONE', #9189, #507 ) ;
#5470 = ORIENTED_EDGE ( 'NONE', *, *, #9467, .T. ) ;
#5471 = DIRECTION ( 'NONE',  ( 0.9743700647852344687, 0.000000000000000000, 0.2249510543438677512 ) ) ;
#5473 = CARTESIAN_POINT ( 'NONE',  ( 0.000000000000000000, 4.200000000000000178, 5.299999999999998046 ) ) ;
#5472 = FACE_OUTER_BOUND ( 'NONE', #4652, .T. ) ;
#5474 = FACE_OUTER_BOUND ( 'NONE', #5661, .T. ) ;
#5475 = ORIENTED_EDGE ( 'NONE', *, *, #6569, .F. ) ;
#5476 = LINE ( 'NONE', #8659, #3802 ) ;
#5477 = CARTESIAN_POINT ( 'NONE',  ( -0.3750000000000000000, 1.100000000000000311, -0.7999999999999988232 ) ) ;
#5479 = ORIENTED_EDGE ( 'NONE', *, *, #6767, .T. ) ;
#5478 = DIRECTION ( 'NONE',  ( 0.000000000000000000, 0.000000000000000000, 1.000000000000000000 ) ) ;
#5480 = FACE_OUTER_BOUND ( 'NONE', #4810, .T. ) ;
#5482 = ORIENTED_EDGE ( 'NONE', *, *, #7714, .F. ) ;
#5481 = DIRECTION ( 'NONE',  ( 0.000000000000000000, 0.000000000000000000, -1.000000000000000000 ) ) ;
#5483 = CARTESIAN_POINT ( 'NONE',  ( 0.8749999999999995559, 1.147632372710734927, 2.468729079166618767 ) ) ;
#5484 = VERTEX_POINT ( 'NONE', #483 ) ;
#5485 = CIRCLE ( 'NONE', #3264, 5.900000000000000355 ) ;
#5486 = CARTESIAN_POINT ( 'NONE',  ( -0.8999999999999989120, 1.246832498358330099E-15, -10.49000000000000199 ) ) ;
#5487 = ORIENTED_EDGE ( 'NONE', *, *, #985, .T. ) ;
#5489 = ORIENTED_EDGE ( 'NONE', *, *, #5592, .F. ) ;
#5488 = CARTESIAN_POINT ( 'NONE',  ( 0.000000000000000000, 0.000000000000000000, 0.000000000000000000 ) ) ;
#5490 = DIRECTION ( 'NONE',  ( 0.000000000000000000, 0.000000000000000000, 1.000000000000000000 ) ) ;
#5491 = LINE ( 'NONE', #3211, #3984 ) ;
#5492 = EDGE_CURVE ( 'NONE', #8977, #6823, #1220, .T. ) ;
#5494 = VERTEX_POINT ( 'NONE', #5711 ) ;
#5493 = DIRECTION ( 'NONE',  ( 0.000000000000000000, 0.000000000000000000, 1.000000000000000000 ) ) ;
#5495 = AXIS2_PLACEMENT_3D ( 'NONE', #3395, #5581, #414 ) ;
#5496 = EDGE_CURVE ( 'NONE', #3177, #7577, #5013, .T. ) ;
#5497 = ORIENTED_EDGE ( 'NONE', *, *, #4327, .F. ) ;
#5498 = EDGE_LOOP ( 'NONE', ( #2920, #6773, #1372, #6317 ) ) ;
#5499 = ORIENTED_EDGE ( 'NONE', *, *, #2306, .F. ) ;
#5500 = VECTOR ( 'NONE', #1394, 1000.000000000000000 ) ;
#5502 = ORIENTED_EDGE ( 'NONE', *, *, #1066, .F. ) ;
#5501 = DIRECTION ( 'NONE',  ( -0.9745028046914839814, 0.000000000000000000, -0.2243753187149409578 ) ) ;
#5503 = LINE ( 'NONE', #8492, #6435 ) ;
#5504 = AXIS2_PLACEMENT_3D ( 'NONE', #1575, #7481, #6740 ) ;
#5505 = DIRECTION ( 'NONE',  ( -1.000000000000000000, 0.000000000000000000, -0.000000000000000000 ) ) ;
#5506 = ORIENTED_EDGE ( 'NONE', *, *, #5103, .F. ) ;
#5507 = CARTESIAN_POINT ( 'NONE',  ( -2.157866156935100310, 3.003817488687383630, 2.299999999999997602 ) ) ;
#5509 = DIRECTION ( 'NONE',  ( 0.000000000000000000, 0.9063077870366536004, -0.4226182617406915587 ) ) ;
#5508 = LINE ( 'NONE', #7715, #5061 ) ;
#5510 = CARTESIAN_POINT ( 'NONE',  ( 0.3750000000000000000, 1.457322679224499540, 2.618684952224779039 ) ) ;
#5511 = CIRCLE ( 'NONE', #1113, 0.1000000000000002554 ) ;
#5512 = ORIENTED_EDGE ( 'NONE', *, *, #3402, .T. ) ;
#5513 = CARTESIAN_POINT ( 'NONE',  ( -0.9000000000000000222, 0.2999999999999996558, 8.959999999999995524 ) ) ;
#5514 = VECTOR ( 'NONE', #5081, 1000.000000000000000 ) ;
#5515 = EDGE_CURVE ( 'NONE', #2715, #1918, #5660, .T. ) ;
#5516 = AXIS2_PLACEMENT_3D ( 'NONE', #329, #3313, #6326 ) ;
#5517 = ADVANCED_FACE ( 'NONE', ( #1265 ), #1138, .F. ) ;
#5518 = EDGE_CURVE ( 'NONE', #5194, #1559, #4127, .T. ) ;
#5519 = LINE ( 'NONE', #4032, #4434 ) ;
#5520 = ORIENTED_EDGE ( 'NONE', *, *, #9416, .T. ) ;
#5521 = DIRECTION ( 'NONE',  ( -0.9723699203976781114, 0.2334453638558991462, -0.000000000000000000 ) ) ;
#5522 = ADVANCED_FACE ( 'NONE', ( #1988 ), #4273, .F. ) ;
#5524 = CARTESIAN_POINT ( 'NONE',  ( -6.174999999999998046, 0.5999999999999999778, 5.599999999999997868 ) ) ;
#5523 = FACE_OUTER_BOUND ( 'NONE', #659, .T. ) ;
#5525 = DIRECTION ( 'NONE',  ( 0.000000000000000000, 0.000000000000000000, -1.000000000000000000 ) ) ;
#5526 = AXIS2_PLACEMENT_3D ( 'NONE', #1828, #7930, #7787 ) ;
#5527 = ORIENTED_EDGE ( 'NONE', *, *, #3908, .T. ) ;
#5528 = EDGE_CURVE ( 'NONE', #2025, #4095, #7302, .T. ) ;
#5529 = DIRECTION ( 'NONE',  ( 0.9392372188187643189, 0.2254909059758627987, 0.2588190451025145222 ) ) ;
#5530 = CARTESIAN_POINT ( 'NONE',  ( -1.024999999999996358, 0.5999999999999999778, 3.350000000000000089 ) ) ;
#5532 = ORIENTED_EDGE ( 'NONE', *, *, #2822, .T. ) ;
#5531 = CARTESIAN_POINT ( 'NONE',  ( -2.887143597233360559, 3.178901511579296901, 5.599999999999997868 ) ) ;
#5533 = VECTOR ( 'NONE', #9182, 1000.000000000000000 ) ;
#5534 = CIRCLE ( 'NONE', #8028, 3.300000000000002043 ) ;
#5535 = DIRECTION ( 'NONE',  ( -0.000000000000000000, -0.000000000000000000, 1.000000000000000000 ) ) ;
#5537 = ORIENTED_EDGE ( 'NONE', *, *, #2853, .F. ) ;
#5536 = CARTESIAN_POINT ( 'NONE',  ( 0.000000000000000000, 4.200000000000000178, 0.000000000000000000 ) ) ;
#5538 = CARTESIAN_POINT ( 'NONE',  ( 5.433986569824091895, 4.200000000000000178, -5.023125516943746760 ) ) ;
#5539 = ORIENTED_EDGE ( 'NONE', *, *, #9647, .T. ) ;
#5540 = VECTOR ( 'NONE', #2634, 1000.000000000000000 ) ;
#5541 = CARTESIAN_POINT ( 'NONE',  ( 3.957114563163610654, 0.000000000000000000, -4.097712085298143236 ) ) ;
#5542 = ORIENTED_EDGE ( 'NONE', *, *, #1540, .T. ) ;
#5544 = ORIENTED_EDGE ( 'NONE', *, *, #8868, .F. ) ;
#5543 = DIRECTION ( 'NONE',  ( 1.000000000000000000, 0.000000000000000000, 0.000000000000000000 ) ) ;
#5545 = CARTESIAN_POINT ( 'NONE',  ( -0.8999999999999989120, 0.3000000000000012101, -10.49000000000000199 ) ) ;
#5546 = LINE ( 'NONE', #2620, #9326 ) ;
#5548 = ORIENTED_EDGE ( 'NONE', *, *, #5673, .T. ) ;
#5547 = LINE ( 'NONE', #4697, #4898 ) ;
#5549 = ORIENTED_EDGE ( 'NONE', *, *, #997, .F. ) ;
#5550 = VECTOR ( 'NONE', #2148, 1000.000000000000000 ) ;
#5551 = ORIENTED_EDGE ( 'NONE', *, *, #7915, .T. ) ;
#5552 = ORIENTED_EDGE ( 'NONE', *, *, #4543, .T. ) ;
#5553 = VECTOR ( 'NONE', #5065, 999.9999999999998863 ) ;
#5555 = ORIENTED_EDGE ( 'NONE', *, *, #7649, .F. ) ;
#5554 = CARTESIAN_POINT ( 'NONE',  ( 6.466838485689899940, 0.000000000000000000, 4.899999999999997691 ) ) ;
#5556 = FILL_AREA_STYLE_COLOUR ( '', #2804 ) ;
#5557 = CARTESIAN_POINT ( 'NONE',  ( 0.000000000000000000, 4.200000000000000178, 0.000000000000000000 ) ) ;
#5558 = ORIENTED_EDGE ( 'NONE', *, *, #3708, .T. ) ;
#5559 = ORIENTED_EDGE ( 'NONE', *, *, #6378, .T. ) ;
#5560 = DIRECTION ( 'NONE',  ( 0.000000000000000000, 0.000000000000000000, 1.000000000000000000 ) ) ;
#5562 = DIRECTION ( 'NONE',  ( 0.000000000000000000, 1.000000000000000000, -0.000000000000000000 ) ) ;
#5561 = CARTESIAN_POINT ( 'NONE',  ( 0.000000000000000000, 4.200000000000000178, 0.000000000000000000 ) ) ;
#5563 = CARTESIAN_POINT ( 'NONE',  ( 5.674999999999998046, 3.449999999999998401, 5.299999999999998046 ) ) ;
#5564 = ORIENTED_EDGE ( 'NONE', *, *, #264, .F. ) ;
#5565 = DIRECTION ( 'NONE',  ( -0.000000000000000000, -1.000000000000000000, -0.000000000000000000 ) ) ;
#5566 = EDGE_CURVE ( 'NONE', #3278, #3661, #578, .T. ) ;
#5567 = AXIS2_PLACEMENT_3D ( 'NONE', #7035, #139, #9185 ) ;
#5568 = ORIENTED_EDGE ( 'NONE', *, *, #360, .T. ) ;
#5569 = CARTESIAN_POINT ( 'NONE',  ( 0.000000000000000000, 0.000000000000000000, 0.000000000000000000 ) ) ;
#5570 = ORIENTED_EDGE ( 'NONE', *, *, #9306, .F. ) ;
#5571 = VECTOR ( 'NONE', #1067, 1000.000000000000000 ) ;
#5572 = FACE_OUTER_BOUND ( 'NONE', #7553, .T. ) ;
#5574 = PLANE ( 'NONE',  #4385 ) ;
#5573 = LINE ( 'NONE', #3427, #5695 ) ;
#5575 = CARTESIAN_POINT ( 'NONE',  ( 1.899999999999998801, 0.2999999999999999889, 3.794707603699265519E-16 ) ) ;
#5576 = VECTOR ( 'NONE', #4559, 1000.000000000000000 ) ;
#5577 = EDGE_CURVE ( 'NONE', #3682, #7521, #8563, .T. ) ;
#5578 = ORIENTED_EDGE ( 'NONE', *, *, #6105, .T. ) ;
#5579 = LINE ( 'NONE', #8368, #6504 ) ;
#5580 = DIRECTION ( 'NONE',  ( 0.000000000000000000, 0.000000000000000000, 1.000000000000000000 ) ) ;
#5582 = EDGE_LOOP ( 'NONE', ( #4798, #9472, #8083, #2493, #7836, #1784, #6958, #4930, #35, #2511, #7889, #975, #3028, #3891, #5297, #8056, #6837, #7068 ) ) ;
#5581 = DIRECTION ( 'NONE',  ( 0.000000000000000000, 1.000000000000000000, -0.000000000000000000 ) ) ;
#5583 = VECTOR ( 'NONE', #2700, 1000.000000000000114 ) ;
#5584 = DIRECTION ( 'NONE',  ( -0.4226182617406956110, 0.000000000000000000, -0.9063077870366517130 ) ) ;
#5586 = VERTEX_POINT ( 'NONE', #9520 ) ;
#5585 = CARTESIAN_POINT ( 'NONE',  ( 2.274999999999999467, 0.5999999999999999778, 0.3000000000000003775 ) ) ;
#5587 = CARTESIAN_POINT ( 'NONE',  ( -4.549999999999998934, 0.5999999999999999778, 5.849999999999997868 ) ) ;
#5588 = ORIENTED_EDGE ( 'NONE', *, *, #2552, .F. ) ;
#5589 = EDGE_CURVE ( 'NONE', #6034, #9494, #9348, .T. ) ;
#5590 = ADVANCED_FACE ( 'NONE', ( #440 ), #3423, .T. ) ;
#5591 = VECTOR ( 'NONE', #1618, 1000.000000000000000 ) ;
#5592 = EDGE_CURVE ( 'NONE', #4210, #5157, #2258, .T. ) ;
#5593 = VERTEX_POINT ( 'NONE', #6394 ) ;
#5595 = ORIENTED_EDGE ( 'NONE', *, *, #6672, .T. ) ;
#5594 = FACE_OUTER_BOUND ( 'NONE', #3767, .T. ) ;
#5596 = PLANE ( 'NONE',  #8785 ) ;
#5597 = DIRECTION ( 'NONE',  ( 0.2516678542837350041, -0.06042010615679306584, 0.9659258262890699775 ) ) ;
#5599 = ORIENTED_EDGE ( 'NONE', *, *, #4901, .T. ) ;
#5598 = LINE ( 'NONE', #8763, #8488 ) ;
#5600 = VECTOR ( 'NONE', #1842, 1000.000000000000000 ) ;
#5601 = ORIENTED_EDGE ( 'NONE', *, *, #5916, .F. ) ;
#5602 = VERTEX_POINT ( 'NONE', #8052 ) ;
#5603 = ORIENTED_EDGE ( 'NONE', *, *, #6973, .T. ) ;
#5604 = VECTOR ( 'NONE', #9366, 1000.000000000000000 ) ;
#5606 = EDGE_LOOP ( 'NONE', ( #4556, #2369, #3554, #4952 ) ) ;
#5605 = DIRECTION ( 'NONE',  ( -0.000000000000000000, 1.000000000000000000, -0.000000000000000000 ) ) ;
#5607 = CARTESIAN_POINT ( 'NONE',  ( 2.274999999999999467, 0.2999999999999999889, -0.2999999999999996558 ) ) ;
#5608 = DIRECTION ( 'NONE',  ( -0.3826834323650873393, 0.000000000000000000, 0.9238795325112877377 ) ) ;
#5609 = ORIENTED_EDGE ( 'NONE', *, *, #5236, .F. ) ;
#5611 = LINE ( 'NONE', #7993, #1998 ) ;
#5610 = CARTESIAN_POINT ( 'NONE',  ( 0.000000000000000000, 4.200000000000000178, 0.000000000000000000 ) ) ;
#5612 = CARTESIAN_POINT ( 'NONE',  ( -0.6000000000000000888, 1.457322679224499540, 2.618684952224779039 ) ) ;
#5613 = AXIS2_PLACEMENT_3D ( 'NONE', #6997, #2653, #5628 ) ;
#5614 = DIRECTION ( 'NONE',  ( -0.000000000000000000, -0.000000000000000000, 1.000000000000000000 ) ) ;
#5615 = CARTESIAN_POINT ( 'NONE',  ( 5.674999999999998046, 3.199999999999997957, 5.299999999999998046 ) ) ;
#5616 = EDGE_LOOP ( 'NONE', ( #305, #9484, #7220, #269 ) ) ;
#5617 = CARTESIAN_POINT ( 'NONE',  ( 3.918869757271534404E-16, -0.6999999999999999556, -4.200000000000001066 ) ) ;
#5619 = DIRECTION ( 'NONE',  ( -0.000000000000000000, 0.000000000000000000, 1.000000000000000000 ) ) ;
#5618 = LINE ( 'NONE', #1857, #9289 ) ;
#5620 = EDGE_CURVE ( 'NONE', #2844, #6677, #2638, .T. ) ;
#5621 = EDGE_CURVE ( 'NONE', #1222, #7512, #7955, .T. ) ;
#5622 = CARTESIAN_POINT ( 'NONE',  ( -0.8749999999999995559, 0.5999999999999999778, -0.7999999999999988232 ) ) ;
#5623 = ADVANCED_FACE ( 'NONE', ( #8780 ), #4317, .F. ) ;
#5624 = EDGE_CURVE ( 'NONE', #4346, #7758, #8292, .T. ) ;
#5625 = ORIENTED_EDGE ( 'NONE', *, *, #6952, .F. ) ;
#5626 = CARTESIAN_POINT ( 'NONE',  ( 2.133942768563687142, 0.000000000000000000, -5.281693692414842545 ) ) ;
#5627 = LINE ( 'NONE', #2557, #820 ) ;
#5629 = EDGE_LOOP ( 'NONE', ( #8397, #4414, #8339, #7754 ) ) ;
#5628 = DIRECTION ( 'NONE',  ( 0.000000000000000000, 0.000000000000000000, 1.000000000000000000 ) ) ;
#5630 = CARTESIAN_POINT ( 'NONE',  ( 2.274999999999999467, 0.5999999999999999778, 0.3000000000000003775 ) ) ;
#5632 = ORIENTED_EDGE ( 'NONE', *, *, #7130, .T. ) ;
#5631 = PLANE ( 'NONE',  #5526 ) ;
#5633 = DIRECTION ( 'NONE',  ( 0.000000000000000000, -0.000000000000000000, 1.000000000000000000 ) ) ;
#5634 = ORIENTED_EDGE ( 'NONE', *, *, #6421, .T. ) ;
#5636 = EDGE_LOOP ( 'NONE', ( #5742, #4962, #7654, #4176 ) ) ;
#5635 = CARTESIAN_POINT ( 'NONE',  ( 2.980325504954630222, 4.200000000000000178, -6.773304945483917372 ) ) ;
#5637 = EDGE_CURVE ( 'NONE', #6519, #5845, #8925, .T. ) ;
#5638 = CARTESIAN_POINT ( 'NONE',  ( -1.899999999999997913, 0.5999999999999999778, 4.049999999999998934 ) ) ;
#5639 = CARTESIAN_POINT ( 'NONE',  ( 6.466838485689899940, 4.200000000000000178, 4.449999999999998401 ) ) ;
#5641 = ORIENTED_EDGE ( 'NONE', *, *, #4213, .T. ) ;
#5640 = DIRECTION ( 'NONE',  ( -0.000000000000000000, 1.000000000000000000, 1.442810774098246915E-15 ) ) ;
#5642 = EDGE_CURVE ( 'NONE', #1893, #4178, #8146, .T. ) ;
#5643 = EDGE_CURVE ( 'NONE', #5712, #916, #7462, .T. ) ;
#5644 = EDGE_CURVE ( 'NONE', #3465, #2456, #2874, .T. ) ;
#5645 = EDGE_LOOP ( 'NONE', ( #4958, #8662, #7493, #7021 ) ) ;
#5646 = VERTEX_POINT ( 'NONE', #1552 ) ;
#5648 = VERTEX_POINT ( 'NONE', #9614 ) ;
#5647 = CARTESIAN_POINT ( 'NONE',  ( 7.276086315973259389, 4.200000000000000178, 1.348542888641922621 ) ) ;
#5649 = AXIS2_PLACEMENT_3D ( 'NONE', #7290, #4337, #3541 ) ;
#5650 = CARTESIAN_POINT ( 'NONE',  ( 0.9000000000000017986, 5.963111948670274387E-16, -6.690000000000000391 ) ) ;
#5651 = PLANE ( 'NONE',  #6442 ) ;
#5652 = ORIENTED_EDGE ( 'NONE', *, *, #4237, .T. ) ;
#5654 = CARTESIAN_POINT ( 'NONE',  ( -0.8999999999999989120, 1.246832498358330099E-15, -10.49000000000000199 ) ) ;
#5653 = DIRECTION ( 'NONE',  ( -1.000000000000000000, 0.000000000000000000, 0.000000000000000000 ) ) ;
#5655 = DIRECTION ( 'NONE',  ( 0.000000000000000000, 1.000000000000000000, -0.000000000000000000 ) ) ;
#5656 = VECTOR ( 'NONE', #1651, 1000.000000000000227 ) ;
#5657 = EDGE_CURVE ( 'NONE', #4103, #6618, #2137, .T. ) ;
#5658 = EDGE_LOOP ( 'NONE', ( #401, #6164, #3634, #9176 ) ) ;
#5659 = AXIS2_PLACEMENT_3D ( 'NONE', #4730, #4629, #2499 ) ;
#5660 = LINE ( 'NONE', #7132, #4165 ) ;
#5661 = EDGE_LOOP ( 'NONE', ( #2622, #998, #5447, #5152 ) ) ;
#5662 = CARTESIAN_POINT ( 'NONE',  ( 0.4238326649262328383, 2.099015662731559484, 5.208019656360511007 ) ) ;
#5663 = EDGE_LOOP ( 'NONE', ( #9181, #9068, #1122, #1296 ) ) ;
#5664 = VECTOR ( 'NONE', #1971, 1000.000000000000000 ) ;
#5665 = AXIS2_PLACEMENT_3D ( 'NONE', #1808, #394, #4072 ) ;
#5666 = VECTOR ( 'NONE', #8847, 1000.000000000000000 ) ;
#5667 = DIRECTION ( 'NONE',  ( 0.000000000000000000, 1.000000000000000000, -0.000000000000000000 ) ) ;
#5669 = CARTESIAN_POINT ( 'NONE',  ( 5.424999999999999822, 3.199999999999998401, 5.599999999999997868 ) ) ;
#5668 = CARTESIAN_POINT ( 'NONE',  ( -2.237997801249778984, 0.000000000000000000, -5.024078606232306399 ) ) ;
#5670 = DIRECTION ( 'NONE',  ( -0.2334453638558986188, 0.9723699203976782224, -0.000000000000000000 ) ) ;
#5671 = CIRCLE ( 'NONE', #3608, 0.5999999999999998668 ) ;
#5672 = AXIS2_PLACEMENT_3D ( 'NONE', #3511, #5608, #7207 ) ;
#5673 = EDGE_CURVE ( 'NONE', #7454, #852, #6257, .T. ) ;
#5674 = CARTESIAN_POINT ( 'NONE',  ( 0.000000000000000000, 0.5999999999999999778, -1.324999999999999512 ) ) ;
#5675 = DIRECTION ( 'NONE',  ( -0.000000000000000000, -0.000000000000000000, 1.000000000000000000 ) ) ;
#5677 = EDGE_LOOP ( 'NONE', ( #3759, #315, #4698, #1446 ) ) ;
#5676 = LINE ( 'NONE', #9310, #8481 ) ;
#5678 = DIRECTION ( 'NONE',  ( -0.9676937674929103617, 0.000000000000000000, -0.2521284838239766235 ) ) ;
#5680 = ORIENTED_EDGE ( 'NONE', *, *, #4610, .T. ) ;
#5679 = CARTESIAN_POINT ( 'NONE',  ( 2.157866156935102531, 3.003817488687372528, 2.299999999999997602 ) ) ;
#5681 = CIRCLE ( 'NONE', #1886, 0.2999999999999981570 ) ;
#5682 = DIRECTION ( 'NONE',  ( -0.000000000000000000, -1.000000000000000000, -0.000000000000000000 ) ) ;
#5683 = CIRCLE ( 'NONE', #6920, 7.399999999999998579 ) ;
#5684 = AXIS2_PLACEMENT_3D ( 'NONE', #4024, #4663, #6921 ) ;
#5685 = AXIS2_PLACEMENT_3D ( 'NONE', #6556, #9544, #8080 ) ;
#5687 = ORIENTED_EDGE ( 'NONE', *, *, #287, .F. ) ;
#5686 = CARTESIAN_POINT ( 'NONE',  ( 4.549999999999999822, 0.5999999999999999778, 5.849999999999999645 ) ) ;
#5688 = EDGE_CURVE ( 'NONE', #2132, #8974, #7780, .T. ) ;
#5689 = DIRECTION ( 'NONE',  ( 0.000000000000000000, 0.000000000000000000, 1.000000000000000000 ) ) ;
#5690 = LINE ( 'NONE', #8624, #3357 ) ;
#5692 = ORIENTED_EDGE ( 'NONE', *, *, #8270, .T. ) ;
#5691 = DIRECTION ( 'NONE',  ( -0.000000000000000000, -1.000000000000000000, -0.000000000000000000 ) ) ;
#5693 = VERTEX_POINT ( 'NONE', #8100 ) ;
#5694 = VECTOR ( 'NONE', #2563, 1000.000000000000227 ) ;
#5695 = VECTOR ( 'NONE', #4883, 1000.000000000000000 ) ;
#5696 = EDGE_CURVE ( 'NONE', #2721, #2010, #3662, .T. ) ;
#5697 = EDGE_LOOP ( 'NONE', ( #6658, #2388, #338, #1508, #428, #1392, #4510, #4960 ) ) ;
#5698 = EDGE_CURVE ( 'NONE', #1149, #5458, #5153, .T. ) ;
#5700 = ORIENTED_EDGE ( 'NONE', *, *, #3402, .F. ) ;
#5699 = DIRECTION ( 'NONE',  ( 0.000000000000000000, 0.000000000000000000, 1.000000000000000000 ) ) ;
#5701 = AXIS2_PLACEMENT_3D ( 'NONE', #5415, #1518, #6922 ) ;
#5702 = DIRECTION ( 'NONE',  ( -0.000000000000000000, -1.000000000000000000, -0.000000000000000000 ) ) ;
#5703 = FACE_OUTER_BOUND ( 'NONE', #2978, .T. ) ;
#5704 = ORIENTED_EDGE ( 'NONE', *, *, #4553, .T. ) ;
#5705 = PLANE ( 'NONE',  #5665 ) ;
#5706 = CARTESIAN_POINT ( 'NONE',  ( 1.999999999999999112, 0.5999999999999998668, -4.957007724752754640 ) ) ;
#5707 = VECTOR ( 'NONE', #8751, 1000.000000000000000 ) ;
#5708 = ADVANCED_FACE ( 'NONE', ( #4362 ), #5939, .F. ) ;
#5709 = EDGE_CURVE ( 'NONE', #5931, #2169, #1502, .T. ) ;
#5710 = ORIENTED_EDGE ( 'NONE', *, *, #7227, .F. ) ;
#5711 = CARTESIAN_POINT ( 'NONE',  ( 1.566274348783026404, 2.141898225938618339, 5.197777478867209311 ) ) ;
#5712 = VERTEX_POINT ( 'NONE', #7561 ) ;
#5713 = DIRECTION ( 'NONE',  ( 0.000000000000000000, 1.000000000000000000, 0.000000000000000000 ) ) ;
#5714 = VERTEX_POINT ( 'NONE', #829 ) ;
#5715 = DIRECTION ( 'NONE',  ( -0.000000000000000000, -1.000000000000000000, -0.000000000000000000 ) ) ;
#5717 = CARTESIAN_POINT ( 'NONE',  ( 1.050000000000000044, 4.200000000000000178, -5.400000000000000355 ) ) ;
#5716 = LINE ( 'NONE', #8700, #5208 ) ;
#5718 = CYLINDRICAL_SURFACE ( 'NONE', #3497, 0.2250000000000000888 ) ;
#5719 = AXIS2_PLACEMENT_3D ( 'NONE', #1952, #1277, #2646 ) ;
#5720 = DIRECTION ( 'NONE',  ( 0.6626200482157351690, 0.000000000000000000, 0.7489557207890041868 ) ) ;
#5721 = VECTOR ( 'NONE', #6372, 1000.000000000000000 ) ;
#5722 = CARTESIAN_POINT ( 'NONE',  ( -5.219787914004601070, 3.200000000000000622, 5.336184427528452900 ) ) ;
#5723 = DIRECTION ( 'NONE',  ( -0.000000000000000000, 1.000000000000000000, -0.000000000000000000 ) ) ;
#5725 = ORIENTED_EDGE ( 'NONE', *, *, #1839, .F. ) ;
#5724 = FACE_OUTER_BOUND ( 'NONE', #9218, .T. ) ;
#5726 = LINE ( 'NONE', #6549, #5822 ) ;
#5728 = ORIENTED_EDGE ( 'NONE', *, *, #8092, .F. ) ;
#5727 = FACE_OUTER_BOUND ( 'NONE', #6702, .T. ) ;
#5729 = LINE ( 'NONE', #506, #4378 ) ;
#5730 = VECTOR ( 'NONE', #4924, 1000.000000000000000 ) ;
#5732 = VERTEX_POINT ( 'NONE', #1405 ) ;
#5731 = CARTESIAN_POINT ( 'NONE',  ( 1.899999999999998579, 0.5999999999999999778, 1.225000000000000311 ) ) ;
#5733 = CARTESIAN_POINT ( 'NONE',  ( -4.903388356796439140, 4.200000000000000178, -5.542272333838631937 ) ) ;
#5735 = ORIENTED_EDGE ( 'NONE', *, *, #6804, .T. ) ;
#5734 = CARTESIAN_POINT ( 'NONE',  ( 1.324999999999999067, 0.2999999999999999889, -4.500000000000000000 ) ) ;
#5736 = DIRECTION ( 'NONE',  ( -0.000000000000000000, -1.000000000000000000, -0.000000000000000000 ) ) ;
#5737 = ORIENTED_EDGE ( 'NONE', *, *, #3551, .F. ) ;
#5738 = EDGE_CURVE ( 'NONE', #3580, #3557, #9662, .T. ) ;
#5739 = VECTOR ( 'NONE', #7967, 1000.000000000000000 ) ;
#5740 = EDGE_LOOP ( 'NONE', ( #3472, #2633, #6908, #3257, #4108, #9479, #1041, #6339 ) ) ;
#5742 = ORIENTED_EDGE ( 'NONE', *, *, #2411, .T. ) ;
#5741 = CARTESIAN_POINT ( 'NONE',  ( 0.000000000000000000, 0.000000000000000000, 0.000000000000000000 ) ) ;
#5743 = VECTOR ( 'NONE', #9628, 1000.000000000000000 ) ;
#5744 = CARTESIAN_POINT ( 'NONE',  ( 3.918869757271534404E-16, -0.5999999999999995337, -4.200000000000001066 ) ) ;
#5745 = LINE ( 'NONE', #1257, #1880 ) ;
#5746 = EDGE_CURVE ( 'NONE', #8001, #747, #1810, .T. ) ;
#5747 = VERTEX_POINT ( 'NONE', #8976 ) ;
#5748 = PLANE ( 'NONE',  #8918 ) ;
#5749 = FACE_OUTER_BOUND ( 'NONE', #7099, .T. ) ;
#5750 = VECTOR ( 'NONE', #8636, 1000.000000000000000 ) ;
#5751 = DIRECTION ( 'NONE',  ( -0.9743700647852345798, 0.000000000000000000, 0.2249510543438675847 ) ) ;
#5752 = VERTEX_POINT ( 'NONE', #8831 ) ;
#5753 = CYLINDRICAL_SURFACE ( 'NONE', #7269, 3.300000000000001155 ) ;
#5754 = VERTEX_POINT ( 'NONE', #2235 ) ;
#5755 = VECTOR ( 'NONE', #2421, 1000.000000000000000 ) ;
#5756 = FACE_OUTER_BOUND ( 'NONE', #893, .T. ) ;
#5758 = DIRECTION ( 'NONE',  ( 1.000000000000000000, 0.000000000000000000, 0.000000000000000000 ) ) ;
#5757 = DIRECTION ( 'NONE',  ( 0.9723699203976781114, -0.2334453638558991462, 0.000000000000000000 ) ) ;
#5759 = ADVANCED_FACE ( 'NONE', ( #4408 ), #4509, .F. ) ;
#5760 = EDGE_CURVE ( 'NONE', #1694, #3077, #7504, .T. ) ;
#5761 = FACE_OUTER_BOUND ( 'NONE', #8555, .T. ) ;
#5762 = EDGE_CURVE ( 'NONE', #2875, #6547, #772, .T. ) ;
#5763 = CARTESIAN_POINT ( 'NONE',  ( -4.590942030465840595, 1.599999999999999867, 5.565065611077387508 ) ) ;
#5764 = CARTESIAN_POINT ( 'NONE',  ( -0.8749999999999996669, 1.204193574817832513, 2.590024968517631532 ) ) ;
#5765 = LINE ( 'NONE', #7234, #5073 ) ;
#5767 = ORIENTED_EDGE ( 'NONE', *, *, #7081, .F. ) ;
#5766 = CARTESIAN_POINT ( 'NONE',  ( 7.177760825216866536, 0.000000000000000000, 1.330319336092708138 ) ) ;
#5768 = VERTEX_POINT ( 'NONE', #5554 ) ;
#5769 = LINE ( 'NONE', #7434, #6754 ) ;
#5771 = ORIENTED_EDGE ( 'NONE', *, *, #5189, .F. ) ;
#5770 = DIRECTION ( 'NONE',  ( -1.000000000000000000, 0.000000000000000000, 0.000000000000000000 ) ) ;
#5772 = CARTESIAN_POINT ( 'NONE',  ( 4.903388356796438252, 4.200000000000000178, -5.542272333838630161 ) ) ;
#5773 = EDGE_CURVE ( 'NONE', #1070, #1301, #85, .T. ) ;
#5775 = ORIENTED_EDGE ( 'NONE', *, *, #3154, .T. ) ;
#5774 = CARTESIAN_POINT ( 'NONE',  ( -1.999999999999999112, 0.2999999999999999889, -4.957007724752754640 ) ) ;
#5776 = DIRECTION ( 'NONE',  ( 6.360652745248294783E-15, 0.000000000000000000, 1.000000000000000000 ) ) ;
#5778 = ORIENTED_EDGE ( 'NONE', *, *, #7850, .T. ) ;
#5777 = DIRECTION ( 'NONE',  ( -0.000000000000000000, 1.000000000000000000, -0.000000000000000000 ) ) ;
#5779 = LINE ( 'NONE', #5095, #1904 ) ;
#5780 = ORIENTED_EDGE ( 'NONE', *, *, #8025, .F. ) ;
#5781 = ORIENTED_EDGE ( 'NONE', *, *, #5642, .T. ) ;
#5782 = EDGE_CURVE ( 'NONE', #4095, #1409, #6820, .T. ) ;
#5784 = ORIENTED_EDGE ( 'NONE', *, *, #8580, .T. ) ;
#5783 = LINE ( 'NONE', #2768, #1036 ) ;
#5785 = EDGE_CURVE ( 'NONE', #2844, #2739, #3075, .T. ) ;
#5786 = CARTESIAN_POINT ( 'NONE',  ( -7.099999999999997868, 4.200000000000000178, 6.149999999999999467 ) ) ;
#5787 = DIRECTION ( 'NONE',  ( 1.000000000000000000, -1.255551108993921765E-15, 0.000000000000000000 ) ) ;
#5788 = EDGE_LOOP ( 'NONE', ( #1406, #5578, #2185, #1167 ) ) ;
#5789 = LINE ( 'NONE', #1397, #2933 ) ;
#5790 = DIRECTION ( 'NONE',  ( 0.000000000000000000, 0.000000000000000000, -1.000000000000000000 ) ) ;
#5791 = ORIENTED_EDGE ( 'NONE', *, *, #4135, .F. ) ;
#5793 = ORIENTED_EDGE ( 'NONE', *, *, #2680, .T. ) ;
#5792 = DIRECTION ( 'NONE',  ( -1.000000000000000000, -0.000000000000000000, 0.000000000000000000 ) ) ;
#5794 = VERTEX_POINT ( 'NONE', #4819 ) ;
#5795 = DIRECTION ( 'NONE',  ( -0.2334453638558993960, -0.9723699203976781114, -3.320040592046328557E-15 ) ) ;
#5796 = ORIENTED_EDGE ( 'NONE', *, *, #885, .F. ) ;
#5797 = ORIENTED_EDGE ( 'NONE', *, *, #8191, .F. ) ;
#5798 = DIRECTION ( 'NONE',  ( 0.000000000000000000, 0.000000000000000000, 1.000000000000000000 ) ) ;
#5800 = CARTESIAN_POINT ( 'NONE',  ( 0.8749999999999995559, 1.147632372710735371, 2.468729079166618323 ) ) ;
#5799 = DIRECTION ( 'NONE',  ( 0.000000000000000000, -1.000000000000000000, 0.000000000000000000 ) ) ;
#5801 = VECTOR ( 'NONE', #3492, 1000.000000000000000 ) ;
#5802 = DIRECTION ( 'NONE',  ( 0.000000000000000000, 0.000000000000000000, 1.000000000000000000 ) ) ;
#5803 = ADVANCED_FACE ( 'NONE', ( #6233 ), #130, .T. ) ;
#5804 = ADVANCED_FACE ( 'NONE', ( #291 ), #2477, .F. ) ;
#5805 = ADVANCED_FACE ( 'NONE', ( #6088 ), #7655, .F. ) ;
#5806 = DIRECTION ( 'NONE',  ( -0.9723699203976778893, 0.2334453638558996735, 0.000000000000000000 ) ) ;
#5807 = CONICAL_SURFACE ( 'NONE', #1713, 0.4499999999999999001, 0.7853981633974471688 ) ;
#5808 = AXIS2_PLACEMENT_3D ( 'NONE', #6399, #2745, #5758 ) ;
#5809 = EDGE_CURVE ( 'NONE', #4755, #2594, #3222, .T. ) ;
#5810 = CARTESIAN_POINT ( 'NONE',  ( -0.8749999999999995559, 1.147632372710735593, 2.468729079166619211 ) ) ;
#5811 = CARTESIAN_POINT ( 'NONE',  ( 0.000000000000000000, 0.000000000000000000, -0.000000000000000000 ) ) ;
#5813 = VERTEX_POINT ( 'NONE', #8489 ) ;
#5812 = LINE ( 'NONE', #7331, #6290 ) ;
#5814 = VERTEX_POINT ( 'NONE', #1750 ) ;
#5815 = CARTESIAN_POINT ( 'NONE',  ( -5.424999999999998046, 3.200000000000000622, 5.899999999999997691 ) ) ;
#5816 = ORIENTED_EDGE ( 'NONE', *, *, #8365, .T. ) ;
#5817 = CARTESIAN_POINT ( 'NONE',  ( 1.489750127485976794, 0.000000000000000000, 6.907514361018399995 ) ) ;
#5818 = AXIS2_PLACEMENT_3D ( 'NONE', #1894, #3374, #5008 ) ;
#5819 = CARTESIAN_POINT ( 'NONE',  ( 0.9000000000000000222, 0.5999999999999999778, 5.899999999999997691 ) ) ;
#5821 = ORIENTED_EDGE ( 'NONE', *, *, #3451, .T. ) ;
#5820 = DIRECTION ( 'NONE',  ( 0.3420201433256628287, -3.708189824274869338E-16, 0.9396926207859105373 ) ) ;
#5822 = VECTOR ( 'NONE', #4291, 1000.000000000000000 ) ;
#5823 = CIRCLE ( 'NONE', #5191, 7.300000000000002487 ) ;
#5824 = DIRECTION ( 'NONE',  ( 0.000000000000000000, 0.000000000000000000, -1.000000000000000000 ) ) ;
#5826 = EDGE_LOOP ( 'NONE', ( #3111, #4366, #8490, #2528 ) ) ;
#5825 = DIRECTION ( 'NONE',  ( -0.9063077870366508249, -0.000000000000000000, -0.4226182617406975539 ) ) ;
#5827 = DIRECTION ( 'NONE',  ( 0.000000000000000000, 1.000000000000000000, 0.000000000000000000 ) ) ;
#5828 = ORIENTED_EDGE ( 'NONE', *, *, #3751, .T. ) ;
#5829 = VECTOR ( 'NONE', #4081, 1000.000000000000000 ) ;
#5830 = AXIS2_PLACEMENT_3D ( 'NONE', #906, #3893, #6892 ) ;
#5831 = ORIENTED_EDGE ( 'NONE', *, *, #9108, .F. ) ;
#5833 = VERTEX_POINT ( 'NONE', #6865 ) ;
#5832 = CARTESIAN_POINT ( 'NONE',  ( -0.8749999999999995559, 1.244188384379823598, 2.675794114407785251 ) ) ;
#5834 = DIRECTION ( 'NONE',  ( 0.000000000000000000, 0.000000000000000000, 1.000000000000000000 ) ) ;
#5835 = CYLINDRICAL_SURFACE ( 'NONE', #633, 0.2500000000000002220 ) ;
#5836 = VECTOR ( 'NONE', #6871, 1000.000000000000000 ) ;
#5837 = ORIENTED_EDGE ( 'NONE', *, *, #4185, .F. ) ;
#5838 = AXIS2_PLACEMENT_3D ( 'NONE', #3287, #7180, #2549 ) ;
#5839 = DIRECTION ( 'NONE',  ( 1.000000000000000000, 0.000000000000000000, 1.239088197126291063E-16 ) ) ;
#5840 = CARTESIAN_POINT ( 'NONE',  ( -4.056374298827127411, 4.200000000000000178, 5.906093829678736640 ) ) ;
#5841 = AXIS2_PLACEMENT_3D ( 'NONE', #1995, #3568, #7365 ) ;
#5842 = AXIS2_PLACEMENT_3D ( 'NONE', #5174, #5867, #4532 ) ;
#5843 = ORIENTED_EDGE ( 'NONE', *, *, #2184, .F. ) ;
#5845 = VERTEX_POINT ( 'NONE', #2529 ) ;
#5844 = DIRECTION ( 'NONE',  ( 0.8594064115014511396, 0.000000000000000000, -0.5112930860770545927 ) ) ;
#5846 = VERTEX_POINT ( 'NONE', #876 ) ;
#5847 = LINE ( 'NONE', #8103, #60 ) ;
#5848 = EDGE_LOOP ( 'NONE', ( #4634, #5953, #1688, #3107 ) ) ;
#5849 = EDGE_CURVE ( 'NONE', #532, #7972, #4613, .T. ) ;
#5850 = EDGE_LOOP ( 'NONE', ( #9062, #2976, #5791, #2523, #8442, #4554, #5943, #3650 ) ) ;
#5851 = DIRECTION ( 'NONE',  ( -0.000000000000000000, 1.000000000000000000, -0.000000000000000000 ) ) ;
#5853 = DIRECTION ( 'NONE',  ( 1.000000000000000000, 0.000000000000000000, 2.710505431213760099E-16 ) ) ;
#5852 = DIRECTION ( 'NONE',  ( 1.000000000000000000, 0.000000000000000000, 0.000000000000000000 ) ) ;
#5854 = CARTESIAN_POINT ( 'NONE',  ( -1.024999999999999245, 0.5999999999999999778, 2.950000000000000178 ) ) ;
#5855 = VECTOR ( 'NONE', #5859, 1000.000000000000114 ) ;
#5856 = EDGE_CURVE ( 'NONE', #8104, #6551, #7940, .T. ) ;
#5857 = FACE_OUTER_BOUND ( 'NONE', #1814, .T. ) ;
#5858 = CARTESIAN_POINT ( 'NONE',  ( -5.674999999999997158, 4.200000000000000178, 5.299999999999998046 ) ) ;
#5859 = DIRECTION ( 'NONE',  ( -0.6626200482157350580, 0.000000000000000000, -0.7489557207890041868 ) ) ;
#5861 = ORIENTED_EDGE ( 'NONE', *, *, #4253, .T. ) ;
#5860 = DIRECTION ( 'NONE',  ( 1.000000000000000000, 0.000000000000000000, 0.000000000000000000 ) ) ;
#5862 = PLANE ( 'NONE',  #8648 ) ;
#5864 = DIRECTION ( 'NONE',  ( -1.000000000000000000, 0.000000000000000000, 0.000000000000000000 ) ) ;
#5863 = DIRECTION ( 'NONE',  ( 1.000000000000000000, 0.000000000000000000, -0.000000000000000000 ) ) ;
#5865 = DIRECTION ( 'NONE',  ( -0.000000000000000000, 1.000000000000000000, 0.000000000000000000 ) ) ;
#5866 = EDGE_CURVE ( 'NONE', #2010, #5593, #5901, .T. ) ;
#5867 = DIRECTION ( 'NONE',  ( 0.000000000000000000, 1.000000000000000000, -0.000000000000000000 ) ) ;
#5868 = CARTESIAN_POINT ( 'NONE',  ( 0.000000000000000000, 0.000000000000000000, 0.000000000000000000 ) ) ;
#5870 = ORIENTED_EDGE ( 'NONE', *, *, #7347, .T. ) ;
#5869 = DIRECTION ( 'NONE',  ( 1.000000000000000000, -0.000000000000000000, 0.000000000000000000 ) ) ;
#5871 = AXIS2_PLACEMENT_3D ( 'NONE', #4182, #1860, #7182 ) ;
#5872 = CARTESIAN_POINT ( 'NONE',  ( 4.219813216640448950, 3.700000000000000622, -4.811774767865448332 ) ) ;
#5873 = DIRECTION ( 'NONE',  ( 0.000000000000000000, 0.000000000000000000, 1.000000000000000000 ) ) ;
#5875 = VERTEX_POINT ( 'NONE', #8438 ) ;
#5874 = FACE_OUTER_BOUND ( 'NONE', #3901, .T. ) ;
#5876 = VECTOR ( 'NONE', #2469, 1000.000000000000000 ) ;
#5877 = CARTESIAN_POINT ( 'NONE',  ( -3.890140309090414306, 4.066025403784439440, -4.435854864125960084 ) ) ;
#5878 = ORIENTED_EDGE ( 'NONE', *, *, #8872, .F. ) ;
#5879 = ADVANCED_FACE ( 'NONE', ( #7608 ), #3866, .F. ) ;
#5880 = EDGE_CURVE ( 'NONE', #4130, #4346, #3172, .T. ) ;
#5881 = EDGE_CURVE ( 'NONE', #2674, #8022, #2383, .T. ) ;
#5883 = ORIENTED_EDGE ( 'NONE', *, *, #9683, .T. ) ;
#5882 = CARTESIAN_POINT ( 'NONE',  ( 0.3750000000000000000, 0.6170370868554651000, -0.6705904774487415620 ) ) ;
#5884 = DIRECTION ( 'NONE',  ( 0.000000000000000000, 0.000000000000000000, 1.000000000000000000 ) ) ;
#5885 = CARTESIAN_POINT ( 'NONE',  ( 0.7818019484660533314, 1.244188384379823598, 2.675794114407785251 ) ) ;
#5886 = VECTOR ( 'NONE', #7544, 1000.000000000000000 ) ;
#5887 = ORIENTED_EDGE ( 'NONE', *, *, #1765, .T. ) ;
#5888 = CARTESIAN_POINT ( 'NONE',  ( 0.09560852742711117846, 0.000000000000000000, 0.02201347570273634244 ) ) ;
#5889 = DIRECTION ( 'NONE',  ( -1.000000000000000000, 0.000000000000000000, -0.000000000000000000 ) ) ;
#5890 = AXIS2_PLACEMENT_3D ( 'NONE', #1944, #6486, #7270 ) ;
#5891 = ORIENTED_EDGE ( 'NONE', *, *, #7942, .T. ) ;
#5893 = VERTEX_POINT ( 'NONE', #3817 ) ;
#5892 = CARTESIAN_POINT ( 'NONE',  ( 0.7818019484660531093, 1.457322679224499540, 2.618684952224779039 ) ) ;
#5894 = ORIENTED_EDGE ( 'NONE', *, *, #6473, .T. ) ;
#5895 = CARTESIAN_POINT ( 'NONE',  ( 0.3750000000000000000, 0.6000000000000000888, -0.7999999999999988232 ) ) ;
#5896 = ORIENTED_EDGE ( 'NONE', *, *, #5566, .F. ) ;
#5897 = CARTESIAN_POINT ( 'NONE',  ( -1.424999999999999156, 0.5999999999999999778, -4.499999999999999112 ) ) ;
#5899 = PLANE ( 'NONE',  #3923 ) ;
#5898 = CARTESIAN_POINT ( 'NONE',  ( -4.693548073463539971, 1.599999999999999867, 5.846973397313160348 ) ) ;
#5900 = DIRECTION ( 'NONE',  ( 1.758787277686376500E-16, -0.000000000000000000, -1.000000000000000000 ) ) ;
#5901 = CIRCLE ( 'NONE', #4485, 0.2500000000000002220 ) ;
#5902 = EDGE_CURVE ( 'NONE', #9032, #774, #922, .T. ) ;
#5903 = CARTESIAN_POINT ( 'NONE',  ( 0.9000000000000017986, 0.08330823441174357857, -6.463338353117655366 ) ) ;
#5904 = VECTOR ( 'NONE', #1241, 1000.000000000000000 ) ;
#5905 = ADVANCED_FACE ( 'NONE', ( #3912 ), #3968, .F. ) ;
#5906 = CARTESIAN_POINT ( 'NONE',  ( -0.8749999999999995559, 1.100000000000000311, -0.7999999999999988232 ) ) ;
#5908 = ORIENTED_EDGE ( 'NONE', *, *, #2284, .F. ) ;
#5907 = CARTESIAN_POINT ( 'NONE',  ( 0.6000000000000000888, 1.205866657858800650, 2.686062390081659590 ) ) ;
#5909 = ADVANCED_FACE ( 'NONE', ( #1934 ), #519, .T. ) ;
#5910 = ORIENTED_EDGE ( 'NONE', *, *, #8211, .T. ) ;
#5911 = LINE ( 'NONE', #4429, #3305 ) ;
#5913 = DIRECTION ( 'NONE',  ( 0.000000000000000000, 0.000000000000000000, -1.000000000000000000 ) ) ;
#5912 = SURFACE_STYLE_USAGE ( .BOTH. , #8800 ) ;
#5914 = EDGE_CURVE ( 'NONE', #1604, #3682, #473, .T. ) ;
#5915 = CARTESIAN_POINT ( 'NONE',  ( -1.424999999999999156, 0.2999999999999999889, -4.499999999999999112 ) ) ;
#5916 = EDGE_CURVE ( 'NONE', #5813, #512, #1254, .T. ) ;
#5917 = DIRECTION ( 'NONE',  ( 0.4043942529147874221, 0.2588190451025214056, -0.8771989455657763779 ) ) ;
#5918 = CARTESIAN_POINT ( 'NONE',  ( -1.402862594083897463, 2.822557170216995814, 5.197777478867208423 ) ) ;
#5920 = ORIENTED_EDGE ( 'NONE', *, *, #4372, .F. ) ;
#5919 = CARTESIAN_POINT ( 'NONE',  ( -0.9749999999999999778, 0.5999999999999999778, -4.500000000000000000 ) ) ;
#5921 = CARTESIAN_POINT ( 'NONE',  ( 2.321277911634231916, 2.323158544408997717, 5.599999999999997868 ) ) ;
#5923 = ORIENTED_EDGE ( 'NONE', *, *, #5285, .T. ) ;
#5922 = LINE ( 'NONE', #4492, #8496 ) ;
#5924 = DIRECTION ( 'NONE',  ( -0.4924235601034704368, 0.000000000000000000, 0.8703556959398978110 ) ) ;
#5925 = VERTEX_POINT ( 'NONE', #7122 ) ;
#5926 = EDGE_CURVE ( 'NONE', #7512, #372, #7624, .T. ) ;
#5927 = ADVANCED_FACE ( 'NONE', ( #7987 ), #335, .T. ) ;
#5928 = ADVANCED_FACE ( 'NONE', ( #2677, #4162, #5050, #9328 ), #1168, .F. ) ;
#5929 = ORIENTED_EDGE ( 'NONE', *, *, #7315, .F. ) ;
#5931 = VERTEX_POINT ( 'NONE', #8727 ) ;
#5930 = CARTESIAN_POINT ( 'NONE',  ( -0.9000000000000000222, 0.2999999999999999889, -5.390000000000001457 ) ) ;
#5933 = ADVANCED_FACE ( 'NONE', ( #384 ), #3508, .F. ) ;
#5932 = DIRECTION ( 'NONE',  ( 0.000000000000000000, -0.000000000000000000, 1.000000000000000000 ) ) ;
#5934 = CARTESIAN_POINT ( 'NONE',  ( -0.8999999999999999112, 0.3119011763445350693, -6.657619764731096623 ) ) ;
#5935 = ORIENTED_EDGE ( 'NONE', *, *, #5188, .F. ) ;
#5936 = LINE ( 'NONE', #7502, #3724 ) ;
#5937 = CARTESIAN_POINT ( 'NONE',  ( -0.8999999999999999112, 0.3000000000000005440, -6.690000000000003944 ) ) ;
#5938 = ORIENTED_EDGE ( 'NONE', *, *, #5515, .F. ) ;
#5940 = ORIENTED_EDGE ( 'NONE', *, *, #1691, .T. ) ;
#5939 = PLANE ( 'NONE',  #8408 ) ;
#5941 = VERTEX_POINT ( 'NONE', #5647 ) ;
#5942 = DIRECTION ( 'NONE',  ( 0.000000000000000000, -1.000000000000000000, 0.000000000000000000 ) ) ;
#5943 = ORIENTED_EDGE ( 'NONE', *, *, #918, .F. ) ;
#5944 = ORIENTED_EDGE ( 'NONE', *, *, #9620, .T. ) ;
#5945 = DIRECTION ( 'NONE',  ( -0.3746065934159064637, 0.000000000000000000, -0.9271838545667896447 ) ) ;
#5947 = DIRECTION ( 'NONE',  ( -0.000000000000000000, -1.000000000000000000, -0.000000000000000000 ) ) ;
#5946 = CARTESIAN_POINT ( 'NONE',  ( 1.050000000000000044, 4.200000000000000178, -5.400000000000000355 ) ) ;
#5948 = LINE ( 'NONE', #3673, #2871 ) ;
#5949 = EDGE_CURVE ( 'NONE', #1014, #8022, #1468, .T. ) ;
#5950 = CARTESIAN_POINT ( 'NONE',  ( 0.000000000000000000, 4.200000000000000178, 0.000000000000000000 ) ) ;
#5951 = DIRECTION ( 'NONE',  ( 0.6946583704589887054, 0.000000000000000000, 0.7193398003386594075 ) ) ;
#5953 = ORIENTED_EDGE ( 'NONE', *, *, #7102, .F. ) ;
#5952 = CARTESIAN_POINT ( 'NONE',  ( -3.749999999999999556, 4.200000000000000178, -1.324999999999999512 ) ) ;
#5954 = VECTOR ( 'NONE', #1820, 1000.000000000000000 ) ;
#5955 = ORIENTED_EDGE ( 'NONE', *, *, #1594, .T. ) ;
#5956 = DIRECTION ( 'NONE',  ( -1.000000000000000000, -0.000000000000000000, -0.000000000000000000 ) ) ;
#5958 = CYLINDRICAL_SURFACE ( 'NONE', #320, 7.300000000000003375 ) ;
#5957 = CARTESIAN_POINT ( 'NONE',  ( -5.424999999999998046, 1.599999999999999867, 5.599999999999999645 ) ) ;
#5959 = DIRECTION ( 'NONE',  ( 1.000000000000000000, -5.782411586589365527E-16, -0.000000000000000000 ) ) ;
#5960 = EDGE_CURVE ( 'NONE', #4830, #2241, #4326, .T. ) ;
#5961 = AXIS2_PLACEMENT_3D ( 'NONE', #5007, #7990, #1256 ) ;
#5962 = CONICAL_SURFACE ( 'NONE', #4226, 6.400000000000000355, 1.308996938995746540 ) ;
#5963 = LINE ( 'NONE', #4487, #3320 ) ;
#5964 = AXIS2_PLACEMENT_3D ( 'NONE', #740, #3734, #8851 ) ;
#5965 = DIRECTION ( 'NONE',  ( -0.000000000000000000, -1.000000000000000000, -0.000000000000000000 ) ) ;
#5967 = ORIENTED_EDGE ( 'NONE', *, *, #7800, .F. ) ;
#5966 = PLANE ( 'NONE',  #3232 ) ;
#5969 = ORIENTED_EDGE ( 'NONE', *, *, #1298, .F. ) ;
#5968 = CARTESIAN_POINT ( 'NONE',  ( 0.9000000000000000222, 0.5999999999999999778, -5.390000000000001457 ) ) ;
#5970 = VECTOR ( 'NONE', #7059, 1000.000000000000000 ) ;
#5971 = AXIS2_PLACEMENT_3D ( 'NONE', #4716, #5509, #5365 ) ;
#5972 = CARTESIAN_POINT ( 'NONE',  ( 2.274999999999999467, 0.2999999999999999889, 0.3000000000000004330 ) ) ;
#5973 = VECTOR ( 'NONE', #5226, 999.9999999999998863 ) ;
#5974 = ORIENTED_EDGE ( 'NONE', *, *, #4183, .F. ) ;
#5975 = CIRCLE ( 'NONE', #9111, 7.300000000000002487 ) ;
#5976 = CIRCLE ( 'NONE', #4568, 0.1000000000000002554 ) ;
#5977 = EDGE_LOOP ( 'NONE', ( #907, #330, #2459, #3206 ) ) ;
#5979 = ORIENTED_EDGE ( 'NONE', *, *, #5782, .T. ) ;
#5978 = DIRECTION ( 'NONE',  ( 0.4043942529147874221, -0.2588190451025214056, 0.8771989455657763779 ) ) ;
#5980 = DIRECTION ( 'NONE',  ( 1.000000000000000000, 0.000000000000000000, 2.710505431213760099E-16 ) ) ;
#5981 = LINE ( 'NONE', #9657, #2666 ) ;
#5982 = ORIENTED_EDGE ( 'NONE', *, *, #2316, .F. ) ;
#5983 = DIRECTION ( 'NONE',  ( 0.000000000000000000, 1.000000000000000000, -0.000000000000000000 ) ) ;
#5984 = AXIS2_PLACEMENT_3D ( 'NONE', #9485, #2694, #533 ) ;
#5985 = PLANE ( 'NONE',  #3990 ) ;
#5986 = CIRCLE ( 'NONE', #2985, 5.500000000000000000 ) ;
#5987 = EDGE_CURVE ( 'NONE', #4748, #3561, #5783, .T. ) ;
#5988 = EDGE_CURVE ( 'NONE', #2025, #2188, #8770, .T. ) ;
#5990 = ORIENTED_EDGE ( 'NONE', *, *, #7226, .F. ) ;
#5989 = DIRECTION ( 'NONE',  ( -1.000000000000000000, -0.000000000000000000, 0.000000000000000000 ) ) ;
#5991 = VECTOR ( 'NONE', #4618, 1000.000000000000000 ) ;
#5992 = VECTOR ( 'NONE', #1949, 1000.000000000000000 ) ;
#5993 = VERTEX_POINT ( 'NONE', #7855 ) ;
#5994 = DIRECTION ( 'NONE',  ( 0.000000000000000000, 1.000000000000000000, 0.000000000000000000 ) ) ;
#5995 = ORIENTED_EDGE ( 'NONE', *, *, #4329, .F. ) ;
#5996 = ORIENTED_EDGE ( 'NONE', *, *, #5621, .F. ) ;
#5997 = ORIENTED_EDGE ( 'NONE', *, *, #2968, .F. ) ;
#5998 = CARTESIAN_POINT ( 'NONE',  ( -3.749999999999999112, 4.200000000000000178, 1.325000000000000400 ) ) ;
#6000 = DIRECTION ( 'NONE',  ( 0.2516678542837350041, -0.06042010615679306584, 0.9659258262890699775 ) ) ;
#5999 = DIRECTION ( 'NONE',  ( 0.9396926207859105373, -1.201162510494325407E-15, -0.3420201433256628287 ) ) ;
#6001 = CARTESIAN_POINT ( 'NONE',  ( 4.837126351974867511, 4.200000000000000178, -5.467376761759734194 ) ) ;
#6002 = ORIENTED_EDGE ( 'NONE', *, *, #2430, .T. ) ;
#6003 = ADVANCED_FACE ( 'NONE', ( #1074 ), #4916, .T. ) ;
#6004 = ADVANCED_FACE ( 'NONE', ( #2628 ), #6426, .T. ) ;
#6005 = AXIS2_PLACEMENT_3D ( 'NONE', #4442, #6751, #9060 ) ;
#6006 = VECTOR ( 'NONE', #7662, 1000.000000000000000 ) ;
#6007 = AXIS2_PLACEMENT_3D ( 'NONE', #2157, #4435, #8171 ) ;
#6008 = DIRECTION ( 'NONE',  ( 0.000000000000000000, 1.000000000000000000, 0.000000000000000000 ) ) ;
#6009 = CARTESIAN_POINT ( 'NONE',  ( 7.210338479410735246, 4.200000000000000178, -1.664637802144620204 ) ) ;
#6010 = VERTEX_POINT ( 'NONE', #4205 ) ;
#6011 = VECTOR ( 'NONE', #5321, 1000.000000000000000 ) ;
#6012 = CARTESIAN_POINT ( 'NONE',  ( -0.3750000000000000000, 1.100000000000000311, -0.7999999999999988232 ) ) ;
#6014 = FACE_OUTER_BOUND ( 'NONE', #1989, .T. ) ;
#6013 = CARTESIAN_POINT ( 'NONE',  ( -6.174999999999998046, 4.200000000000000178, 0.000000000000000000 ) ) ;
#6015 = CYLINDRICAL_SURFACE ( 'NONE', #8772, 0.05000000000000056483 ) ;
#6016 = CARTESIAN_POINT ( 'NONE',  ( 3.749999999999999112, 4.200000000000000178, 1.325000000000000400 ) ) ;
#6017 = LINE ( 'NONE', #5175, #699 ) ;
#6019 = ORIENTED_EDGE ( 'NONE', *, *, #7915, .F. ) ;
#6018 = PLANE ( 'NONE',  #95 ) ;
#6020 = DIRECTION ( 'NONE',  ( -0.9676937674929102506, 0.000000000000000000, 0.2521284838239766235 ) ) ;
#6022 = ORIENTED_EDGE ( 'NONE', *, *, #5809, .F. ) ;
#6021 = DIRECTION ( 'NONE',  ( 0.000000000000000000, 0.000000000000000000, -1.000000000000000000 ) ) ;
#6023 = DIRECTION ( 'NONE',  ( 0.2516678542837350041, -0.06042010615679305890, 0.9659258262890699775 ) ) ;
#6024 = VERTEX_POINT ( 'NONE', #7203 ) ;
#6025 = VECTOR ( 'NONE', #2145, 1000.000000000000000 ) ;
#6026 = DIRECTION ( 'NONE',  ( -0.000000000000000000, 1.000000000000000000, -0.000000000000000000 ) ) ;
#6027 = ORIENTED_EDGE ( 'NONE', *, *, #4776, .T. ) ;
#6029 = ORIENTED_EDGE ( 'NONE', *, *, #4339, .T. ) ;
#6028 = PLANE ( 'NONE',  #6537 ) ;
#6030 = PRODUCT_DEFINITION_FORMATION_WITH_SPECIFIED_SOURCE ( 'ANY', '', #5243, .NOT_KNOWN. ) ;
#6031 = DIRECTION ( 'NONE',  ( -0.9723699203976783334, -0.2334453638558981192, -0.000000000000000000 ) ) ;
#6032 = CARTESIAN_POINT ( 'NONE',  ( 5.424999999999998046, 1.599999999999996758, 5.900000000000001243 ) ) ;
#6033 = EDGE_CURVE ( 'NONE', #8314, #5004, #5142, .T. ) ;
#6034 = VERTEX_POINT ( 'NONE', #711 ) ;
#6035 = CARTESIAN_POINT ( 'NONE',  ( 7.276086315973259389, 4.200000000000000178, 1.348542888641922621 ) ) ;
#6036 = LINE ( 'NONE', #4358, #2876 ) ;
#6037 = VECTOR ( 'NONE', #1850, 1000.000000000000227 ) ;
#6038 = VERTEX_POINT ( 'NONE', #6613 ) ;
#6040 = ORIENTED_EDGE ( 'NONE', *, *, #212, .T. ) ;
#6039 = CARTESIAN_POINT ( 'NONE',  ( 0.8749999999999995559, 1.449074627379628888, 2.524409288242015492 ) ) ;
#6041 = AXIS2_PLACEMENT_3D ( 'NONE', #3804, #6218, #6807 ) ;
#6042 = ORIENTED_EDGE ( 'NONE', *, *, #7519, .F. ) ;
#6043 = CARTESIAN_POINT ( 'NONE',  ( 4.549999999999999822, 4.200000000000000178, 6.549999999999998934 ) ) ;
#6044 = CARTESIAN_POINT ( 'NONE',  ( 2.274999999999999467, 0.5999999999999999778, 3.794707603699265519E-16 ) ) ;
#6045 = ORIENTED_EDGE ( 'NONE', *, *, #8217, .F. ) ;
#6046 = ORIENTED_EDGE ( 'NONE', *, *, #5398, .T. ) ;
#6047 = ORIENTED_EDGE ( 'NONE', *, *, #7649, .T. ) ;
#6048 = DIRECTION ( 'NONE',  ( -1.636531581110195409E-16, 0.000000000000000000, -1.000000000000000000 ) ) ;
#6050 = FACE_OUTER_BOUND ( 'NONE', #6940, .T. ) ;
#6049 = PLANE ( 'NONE',  #7257 ) ;
#6051 = CARTESIAN_POINT ( 'NONE',  ( 3.549999999999998490, 0.5999999999999999778, 1.225000000000000311 ) ) ;
#6052 = AXIS2_PLACEMENT_3D ( 'NONE', #7815, #3876, #6875 ) ;
#6053 = CARTESIAN_POINT ( 'NONE',  ( -2.255856501335797848, 0.5999999999999999778, -4.837699878791127617 ) ) ;
#6054 = ADVANCED_FACE ( 'NONE', ( #6562 ), #6713, .T. ) ;
#6055 = EDGE_CURVE ( 'NONE', #1561, #1014, #2813, .T. ) ;
#6056 = FACE_OUTER_BOUND ( 'NONE', #1811, .T. ) ;
#6057 = VERTEX_POINT ( 'NONE', #2273 ) ;
#6058 = VECTOR ( 'NONE', #2186, 1000.000000000000000 ) ;
#6059 = DIRECTION ( 'NONE',  ( -0.000000000000000000, -1.000000000000000000, -0.000000000000000000 ) ) ;
#6060 = EDGE_CURVE ( 'NONE', #9449, #4333, #3553, .T. ) ;
#6062 = DIRECTION ( 'NONE',  ( -0.000000000000000000, -1.000000000000000000, -0.000000000000000000 ) ) ;
#6061 = CYLINDRICAL_SURFACE ( 'NONE', #2688, 0.6000000000000045297 ) ;
#6063 = LINE ( 'NONE', #4530, #3904 ) ;
#6064 = VECTOR ( 'NONE', #5869, 1000.000000000000000 ) ;
#6065 = ORIENTED_EDGE ( 'NONE', *, *, #6715, .T. ) ;
#6066 = DIRECTION ( 'NONE',  ( 0.000000000000000000, 0.000000000000000000, 1.000000000000000000 ) ) ;
#6068 = ORIENTED_EDGE ( 'NONE', *, *, #5129, .F. ) ;
#6067 = CARTESIAN_POINT ( 'NONE',  ( 2.129843337663889447, 1.974429513928041002, 4.534877215452723043 ) ) ;
#6069 = CARTESIAN_POINT ( 'NONE',  ( 0.000000000000000000, 0.000000000000000000, 0.000000000000000000 ) ) ;
#6071 = EDGE_LOOP ( 'NONE', ( #8145, #8035, #8293, #625 ) ) ;
#6070 = DIRECTION ( 'NONE',  ( 0.4924235601034704368, 0.000000000000000000, -0.8703556959398978110 ) ) ;
#6072 = CARTESIAN_POINT ( 'NONE',  ( -3.249999999999998668, 0.2999999999999999889, 1.225000000000000311 ) ) ;
#6073 = VECTOR ( 'NONE', #2606, 1000.000000000000114 ) ;
#6074 = EDGE_CURVE ( 'NONE', #1343, #334, #5119, .T. ) ;
#6075 = DIRECTION ( 'NONE',  ( 0.000000000000000000, 0.9659258262890699775, -0.2588190451025145777 ) ) ;
#6077 = ORIENTED_EDGE ( 'NONE', *, *, #1710, .T. ) ;
#6076 = DIRECTION ( 'NONE',  ( -0.2036417511401809599, 0.000000000000000000, -0.9790454724845830681 ) ) ;
#6078 = LINE ( 'NONE', #913, #7213 ) ;
#6079 = DIRECTION ( 'NONE',  ( 0.000000000000000000, 0.000000000000000000, 1.000000000000000000 ) ) ;
#6080 = ORIENTED_EDGE ( 'NONE', *, *, #7705, .F. ) ;
#6081 = EDGE_LOOP ( 'NONE', ( #9376, #1832, #477, #9324 ) ) ;
#6082 = LINE ( 'NONE', #9071, #361 ) ;
#6083 = ORIENTED_EDGE ( 'NONE', *, *, #8987, .T. ) ;
#6084 = CARTESIAN_POINT ( 'NONE',  ( 2.237997801249780316, 0.000000000000000000, -5.024078606232305511 ) ) ;
#6085 = EDGE_CURVE ( 'NONE', #7500, #3730, #5440, .T. ) ;
#6086 = EDGE_CURVE ( 'NONE', #4673, #1653, #8820, .T. ) ;
#6087 = ORIENTED_EDGE ( 'NONE', *, *, #894, .T. ) ;
#6089 = ORIENTED_EDGE ( 'NONE', *, *, #5643, .T. ) ;
#6088 = FACE_OUTER_BOUND ( 'NONE', #8125, .T. ) ;
#6090 = ORIENTED_EDGE ( 'NONE', *, *, #5092, .T. ) ;
#6091 = CARTESIAN_POINT ( 'NONE',  ( 5.424999999999998046, 1.599999999999996758, 5.900000000000001243 ) ) ;
#6092 = ORIENTED_EDGE ( 'NONE', *, *, #6622, .F. ) ;
#6093 = CARTESIAN_POINT ( 'NONE',  ( 6.174999999999999822, 4.200000000000000178, 5.299999999999998046 ) ) ;
#6095 = DIRECTION ( 'NONE',  ( -0.9392372188187643189, 0.2254909059758627987, 0.2588190451025144667 ) ) ;
#6094 = PLANE ( 'NONE',  #5701 ) ;
#6096 = CARTESIAN_POINT ( 'NONE',  ( 4.837126351974867511, 4.200000000000000178, -5.467376761759734194 ) ) ;
#6097 = DIRECTION ( 'NONE',  ( 0.000000000000000000, 0.000000000000000000, -1.000000000000000000 ) ) ;
#6098 = EDGE_CURVE ( 'NONE', #336, #1216, #9698, .T. ) ;
#6099 = FACE_OUTER_BOUND ( 'NONE', #9255, .T. ) ;
#6100 = ORIENTED_EDGE ( 'NONE', *, *, #6992, .F. ) ;
#6101 = DIRECTION ( 'NONE',  ( 1.000000000000000000, -0.000000000000000000, -0.000000000000000000 ) ) ;
#6103 = DIRECTION ( 'NONE',  ( -0.000000000000000000, -1.000000000000000000, -0.000000000000000000 ) ) ;
#6102 = DIRECTION ( 'NONE',  ( -0.3420201433256622736, 1.445602896647328267E-15, -0.9396926207859106484 ) ) ;
#6104 = FACE_OUTER_BOUND ( 'NONE', #6427, .T. ) ;
#6105 = EDGE_CURVE ( 'NONE', #9519, #6138, #3218, .T. ) ;
#6106 = EDGE_CURVE ( 'NONE', #1918, #8089, #2957, .T. ) ;
#6107 = EDGE_CURVE ( 'NONE', #1906, #3164, #4351, .T. ) ;
#6108 = AXIS2_PLACEMENT_3D ( 'NONE', #4038, #996, #6153 ) ;
#6109 = ORIENTED_EDGE ( 'NONE', *, *, #230, .T. ) ;
#6110 = CARTESIAN_POINT ( 'NONE',  ( 5.322393957002297782, 1.599999999999997424, 5.618092213764226628 ) ) ;
#6112 = ORIENTED_EDGE ( 'NONE', *, *, #765, .F. ) ;
#6111 = LINE ( 'NONE', #5383, #891 ) ;
#6113 = CARTESIAN_POINT ( 'NONE',  ( 0.4681980515339462801, 1.457322679224499762, 2.618684952224779483 ) ) ;
#6115 = ORIENTED_EDGE ( 'NONE', *, *, #8458, .T. ) ;
#6114 = CARTESIAN_POINT ( 'NONE',  ( 3.549999999999998934, 0.2999999999999999889, -0.2999999999999996003 ) ) ;
#6116 = CARTESIAN_POINT ( 'NONE',  ( -5.674999999999997158, 4.200000000000000178, 5.299999999999998046 ) ) ;
#6117 = EDGE_CURVE ( 'NONE', #4514, #8558, #607, .T. ) ;
#6118 = VECTOR ( 'NONE', #6841, 1000.000000000000000 ) ;
#6119 = CARTESIAN_POINT ( 'NONE',  ( 5.674999999999998046, 1.599999999999997202, 5.299999999999998046 ) ) ;
#6120 = ORIENTED_EDGE ( 'NONE', *, *, #5464, .T. ) ;
#6122 = ORIENTED_EDGE ( 'NONE', *, *, #287, .T. ) ;
#6121 = DIRECTION ( 'NONE',  ( 0.2334453638558993960, -0.9723699203976782224, -7.217479547926805176E-17 ) ) ;
#6123 = AXIS2_PLACEMENT_3D ( 'NONE', #7248, #7159, #5089 ) ;
#6124 = CARTESIAN_POINT ( 'NONE',  ( 1.782100968893422399, 4.200000000000000178, 6.840201765403918444 ) ) ;
#6125 = DIRECTION ( 'NONE',  ( -0.9832549075639538394, 0.000000000000000000, -0.1822355254921517176 ) ) ;
#6126 = VERTEX_POINT ( 'NONE', #3602 ) ;
#6127 = VERTEX_POINT ( 'NONE', #2170 ) ;
#6128 = PLANE ( 'NONE',  #4950 ) ;
#6129 = AXIS2_PLACEMENT_3D ( 'NONE', #4093, #5385, #7103 ) ;
#6130 = AXIS2_PLACEMENT_3D ( 'NONE', #5952, #1328, #5078 ) ;
#6131 = ORIENTED_EDGE ( 'NONE', *, *, #8964, .T. ) ;
#6133 = EDGE_LOOP ( 'NONE', ( #2265, #2128, #6629, #2282, #5944 ) ) ;
#6132 = CARTESIAN_POINT ( 'NONE',  ( -5.322393957002300446, 1.599999999999999867, 5.618092213764226628 ) ) ;
#6134 = DIRECTION ( 'NONE',  ( -0.4027466898587341304, 0.000000000000000000, -0.9153114791194484345 ) ) ;
#6135 = LINE ( 'NONE', #5557, #326 ) ;
#6136 = ORIENTED_EDGE ( 'NONE', *, *, #3674, .F. ) ;
#6137 = AXIS2_PLACEMENT_3D ( 'NONE', #6012, #9634, #691 ) ;
#6138 = VERTEX_POINT ( 'NONE', #5882 ) ;
#6139 = CIRCLE ( 'NONE', #168, 0.3000000000000042633 ) ;
#6140 = DIRECTION ( 'NONE',  ( 1.084202172485503448E-15, 1.000000000000000000, 9.200715907177786799E-32 ) ) ;
#6142 = CARTESIAN_POINT ( 'NONE',  ( 2.980325504954630222, 4.200000000000000178, -6.773304945483917372 ) ) ;
#6141 = DIRECTION ( 'NONE',  ( -0.2516678542837351151, -0.06042010615679307972, 0.9659258262890699775 ) ) ;
#6143 = CARTESIAN_POINT ( 'NONE',  ( 4.549999999999999822, 0.5999999999999999778, 5.849999999999999645 ) ) ;
#6144 = VECTOR ( 'NONE', #603, 1000.000000000000000 ) ;
#6145 = CONICAL_SURFACE ( 'NONE', #5830, 0.5749999999999999556, 0.7853981633974488341 ) ;
#6146 = EDGE_CURVE ( 'NONE', #8254, #464, #1345, .T. ) ;
#6147 = DIRECTION ( 'NONE',  ( 0.000000000000000000, -1.000000000000000000, 0.000000000000000000 ) ) ;
#6148 = DIRECTION ( 'NONE',  ( -0.000000000000000000, -1.000000000000000000, -0.000000000000000000 ) ) ;
#6149 = ORIENTED_EDGE ( 'NONE', *, *, #4450, .F. ) ;
#6150 = DIRECTION ( 'NONE',  ( 1.000000000000000000, 0.000000000000000000, 0.000000000000000000 ) ) ;
#6152 = DIRECTION ( 'NONE',  ( 0.000000000000000000, 0.000000000000000000, 1.000000000000000000 ) ) ;
#6151 = CARTESIAN_POINT ( 'NONE',  ( 2.840461957126083181, 3.373344536385590509, 5.599999999999997868 ) ) ;
#6153 = DIRECTION ( 'NONE',  ( 0.000000000000000000, 0.000000000000000000, 1.000000000000000000 ) ) ;
#6154 = MECHANICAL_DESIGN_GEOMETRIC_PRESENTATION_REPRESENTATION (  '', ( #18 ), #6619 ) ;
#6156 = VERTEX_POINT ( 'NONE', #5247 ) ;
#6155 = CIRCLE ( 'NONE', #2532, 7.399999999999999467 ) ;
#6157 = AXIS2_PLACEMENT_3D ( 'NONE', #8794, #364, #5024 ) ;
#6158 = CARTESIAN_POINT ( 'NONE',  ( 0.000000000000000000, 4.200000000000000178, 0.000000000000000000 ) ) ;
#6159 = CARTESIAN_POINT ( 'NONE',  ( -4.693548073463539971, 1.599999999999999867, 5.846973397313160348 ) ) ;
#6161 = ORIENTED_EDGE ( 'NONE', *, *, #3669, .T. ) ;
#6160 = LINE ( 'NONE', #903, #564 ) ;
#6162 = LINE ( 'NONE', #9312, #3927 ) ;
#6164 = ORIENTED_EDGE ( 'NONE', *, *, #8026, .F. ) ;
#6163 = CARTESIAN_POINT ( 'NONE',  ( 0.3750000000000000000, 1.100000000000000311, -0.7999999999999988232 ) ) ;
#6165 = ORIENTED_EDGE ( 'NONE', *, *, #1593, .F. ) ;
#6166 = DIRECTION ( 'NONE',  ( 0.000000000000000000, 1.000000000000000000, 0.000000000000000000 ) ) ;
#6167 = ORIENTED_EDGE ( 'NONE', *, *, #2198, .T. ) ;
#6168 = AXIS2_PLACEMENT_3D ( 'NONE', #3437, #2704, #637 ) ;
#6169 = DIRECTION ( 'NONE',  ( 0.000000000000000000, 1.000000000000000000, 0.000000000000000000 ) ) ;
#6170 = ORIENTED_EDGE ( 'NONE', *, *, #286, .T. ) ;
#6172 = ORIENTED_EDGE ( 'NONE', *, *, #8365, .F. ) ;
#6171 = CARTESIAN_POINT ( 'NONE',  ( -0.6499999999999995781, 1.457322679224499540, 2.618684952224779039 ) ) ;
#6173 = LINE ( 'NONE', #4695, #6598 ) ;
#6174 = CARTESIAN_POINT ( 'NONE',  ( 7.112901472932216862, 0.000000000000000000, -1.642142696710234384 ) ) ;
#6175 = EDGE_CURVE ( 'NONE', #3745, #7905, #1499, .T. ) ;
#6176 = EDGE_CURVE ( 'NONE', #5814, #2524, #1202, .T. ) ;
#6177 = ORIENTED_EDGE ( 'NONE', *, *, #8747, .F. ) ;
#6178 = DIRECTION ( 'NONE',  ( 0.000000000000000000, -1.000000000000000000, 0.000000000000000000 ) ) ;
#6179 = ORIENTED_EDGE ( 'NONE', *, *, #4112, .T. ) ;
#6180 = VECTOR ( 'NONE', #4855, 1000.000000000000000 ) ;
#6181 = ORIENTED_EDGE ( 'NONE', *, *, #8271, .T. ) ;
#6183 = ORIENTED_EDGE ( 'NONE', *, *, #1703, .T. ) ;
#6182 = DIRECTION ( 'NONE',  ( 0.000000000000000000, 1.000000000000000000, -0.000000000000000000 ) ) ;
#6184 = DIRECTION ( 'NONE',  ( 0.000000000000000000, 1.000000000000000000, -0.000000000000000000 ) ) ;
#6185 = DIRECTION ( 'NONE',  ( 0.000000000000000000, 0.000000000000000000, 1.000000000000000000 ) ) ;
#6186 = AXIS2_PLACEMENT_3D ( 'NONE', #2407, #6995, #1627 ) ;
#6187 = ORIENTED_EDGE ( 'NONE', *, *, #225, .T. ) ;
#6188 = VECTOR ( 'NONE', #195, 1000.000000000000000 ) ;
#6189 = ORIENTED_EDGE ( 'NONE', *, *, #2711, .T. ) ;
#6190 = DIRECTION ( 'NONE',  ( -0.000000000000000000, -1.000000000000000000, -0.000000000000000000 ) ) ;
#6192 = DIRECTION ( 'NONE',  ( 1.000000000000000000, -0.000000000000000000, 0.000000000000000000 ) ) ;
#6191 = CARTESIAN_POINT ( 'NONE',  ( 1.324999999999998401, 0.5999999999999999778, -4.599999999999999645 ) ) ;
#6193 = CARTESIAN_POINT ( 'NONE',  ( -4.174999999999998934, 1.349999999999999645, 5.299999999999998046 ) ) ;
#6194 = CIRCLE ( 'NONE', #3664, 7.300000000000003375 ) ;
#6195 = DIRECTION ( 'NONE',  ( -0.000000000000000000, -1.000000000000000000, -0.000000000000000000 ) ) ;
#6196 = CARTESIAN_POINT ( 'NONE',  ( -6.359607445110737167, 4.200000000000000178, -3.783568836970202742 ) ) ;
#6197 = ORIENTED_EDGE ( 'NONE', *, *, #9267, .F. ) ;
#6198 = EDGE_CURVE ( 'NONE', #9603, #9380, #8912, .T. ) ;
#6199 = DIRECTION ( 'NONE',  ( 0.3420201433256630508, -3.708189824274871803E-16, 0.9396926207859104263 ) ) ;
#6201 = DIRECTION ( 'NONE',  ( -1.000000000000000000, -8.828192289664103880E-17, -3.749237047729912819E-16 ) ) ;
#6200 = CARTESIAN_POINT ( 'NONE',  ( 2.157866156935102531, 3.003817488687372084, 2.299999999999997602 ) ) ;
#6202 = DIRECTION ( 'NONE',  ( 1.000000000000000000, 0.000000000000000000, 0.000000000000000000 ) ) ;
#6203 = CIRCLE ( 'NONE', #8394, 0.3999999999999997446 ) ;
#6204 = ADVANCED_FACE ( 'NONE', ( #5193 ), #6028, .F. ) ;
#6205 = ADVANCED_FACE ( 'NONE', ( #6757 ), #3013, .F. ) ;
#6206 = VECTOR ( 'NONE', #6147, 1000.000000000000000 ) ;
#6207 = ORIENTED_EDGE ( 'NONE', *, *, #7803, .T. ) ;
#6208 = CARTESIAN_POINT ( 'NONE',  ( 0.8749999999999998890, 0.5999999999999999778, -4.499999999999999112 ) ) ;
#6209 = FACE_OUTER_BOUND ( 'NONE', #7676, .T. ) ;
#6211 = ORIENTED_EDGE ( 'NONE', *, *, #7492, .F. ) ;
#6210 = DIRECTION ( 'NONE',  ( -2.567847250623563393E-16, -1.141265444721583757E-16, 1.000000000000000000 ) ) ;
#6212 = ADVANCED_FACE ( 'NONE', ( #8330 ), #7747, .F. ) ;
#6213 = DIRECTION ( 'NONE',  ( 0.2334453638558989796, 0.9723699203976782224, 0.000000000000000000 ) ) ;
#6215 = ORIENTED_EDGE ( 'NONE', *, *, #4063, .F. ) ;
#6214 = FACE_OUTER_BOUND ( 'NONE', #7613, .T. ) ;
#6216 = CARTESIAN_POINT ( 'NONE',  ( -3.957114563163610654, 0.000000000000000000, -4.097712085298143236 ) ) ;
#6217 = ORIENTED_EDGE ( 'NONE', *, *, #5097, .T. ) ;
#6218 = DIRECTION ( 'NONE',  ( 0.000000000000000000, 1.000000000000000000, -0.000000000000000000 ) ) ;
#6219 = ORIENTED_EDGE ( 'NONE', *, *, #4474, .F. ) ;
#6221 = ORIENTED_EDGE ( 'NONE', *, *, #8491, .F. ) ;
#6220 = CARTESIAN_POINT ( 'NONE',  ( -3.100000000000000533, 2.280455006109038507, 5.599999999999997868 ) ) ;
#6222 = CYLINDRICAL_SURFACE ( 'NONE', #3290, 0.1999999999999996503 ) ;
#6223 = LINE ( 'NONE', #328, #5876 ) ;
#6225 = ORIENTED_EDGE ( 'NONE', *, *, #5151, .T. ) ;
#6224 = FACE_OUTER_BOUND ( 'NONE', #9666, .T. ) ;
#6226 = EDGE_LOOP ( 'NONE', ( #1884, #4850, #1626, #5652 ) ) ;
#6227 = EDGE_LOOP ( 'NONE', ( #4050, #2519, #5030, #5891 ) ) ;
#6228 = ADVANCED_FACE ( 'NONE', ( #2465 ), #6267, .F. ) ;
#6229 = EDGE_CURVE ( 'NONE', #1831, #3561, #9162, .T. ) ;
#6230 = EDGE_CURVE ( 'NONE', #7363, #1921, #8414, .T. ) ;
#6231 = ORIENTED_EDGE ( 'NONE', *, *, #3639, .F. ) ;
#6232 = EDGE_CURVE ( 'NONE', #5693, #4727, #3106, .T. ) ;
#6234 = EDGE_LOOP ( 'NONE', ( #6869, #7829, #5006, #3500, #2336, #8046, #5969, #5344, #831, #5277, #877, #5248, #5066, #6022, #5135, #9663, #3655, #9703, #6802, #5996, #5140, #5609, #8174, #9648, #3412, #2831, #727, #1838, #3716, #7590, #4497, #6029, #5940, #9323, #3590, #6810, #927, #6337, #678, #3616, #7511, #8894, #2272, #8725, #792, #30, #8253, #6420, #6714, #1613, #5165, #5537, #4077, #9217, #582, #1215, #5796, #9005, #2022, #2962, #4496, #3117, #4156, #3663, #5997, #5908, #2175, #3692, #5202, #9652, #8130, #2043, #7052, #2091, #6654, #5396, #8469, #9676, #6778, #967 ) ) ;
#6233 = FACE_OUTER_BOUND ( 'NONE', #6081, .T. ) ;
#6235 = DIRECTION ( 'NONE',  ( 1.000000000000000000, 0.000000000000000000, -0.000000000000000000 ) ) ;
#6236 = CARTESIAN_POINT ( 'NONE',  ( 6.616046845367564266, 4.200000000000000178, -3.085113310707080281 ) ) ;
#6237 = ORIENTED_EDGE ( 'NONE', *, *, #4804, .T. ) ;
#6238 = ORIENTED_EDGE ( 'NONE', *, *, #5189, .T. ) ;
#6239 = DIRECTION ( 'NONE',  ( -0.000000000000000000, -0.000000000000000000, 1.000000000000000000 ) ) ;
#6241 = PLANE ( 'NONE',  #2660 ) ;
#6240 = PLANE ( 'NONE',  #660 ) ;
#6242 = LINE ( 'NONE', #3231, #3821 ) ;
#6243 = EDGE_LOOP ( 'NONE', ( #4515, #3410, #7342, #3696 ) ) ;
#6244 = FACE_OUTER_BOUND ( 'NONE', #5340, .T. ) ;
#6245 = VERTEX_POINT ( 'NONE', #7644 ) ;
#6246 = CYLINDRICAL_SURFACE ( 'NONE', #2227, 0.1000000000000002554 ) ;
#6247 = ORIENTED_EDGE ( 'NONE', *, *, #3158, .T. ) ;
#6248 = FACE_OUTER_BOUND ( 'NONE', #1923, .T. ) ;
#6250 = CARTESIAN_POINT ( 'NONE',  ( 0.000000000000000000, 0.000000000000000000, -0.000000000000000000 ) ) ;
#6249 = CARTESIAN_POINT ( 'NONE',  ( 2.274999999999999467, 0.2999999999999999889, 4.300000000000000711 ) ) ;
#6251 = CARTESIAN_POINT ( 'NONE',  ( -0.2880046469771315731, 2.066406240734028454, 4.860007623325723891 ) ) ;
#6252 = ORIENTED_EDGE ( 'NONE', *, *, #8140, .F. ) ;
#6253 = DIRECTION ( 'NONE',  ( -0.3420201433256625512, 3.708189824274869338E-16, -0.9396926207859105373 ) ) ;
#6254 = LINE ( 'NONE', #7633, #8818 ) ;
#6256 = EDGE_LOOP ( 'NONE', ( #3939, #3887, #158, #170 ) ) ;
#6255 = LINE ( 'NONE', #7828, #6073 ) ;
#6257 =( BOUNDED_CURVE ( )  B_SPLINE_CURVE ( 3, ( #5205, #6039, #5892, #2824 ),
 .UNSPECIFIED., .F., .F. ) 
 B_SPLINE_CURVE_WITH_KNOTS ( ( 4, 4 ),
 ( 1.570796326794896558, 3.141592653589793116 ),
 .UNSPECIFIED. ) 
 CURVE ( )  GEOMETRIC_REPRESENTATION_ITEM ( )  RATIONAL_B_SPLINE_CURVE ( ( 1.000000000000000000, 0.8047378541243649375, 0.8047378541243649375, 1.000000000000000000 ) ) 
 REPRESENTATION_ITEM ( '' )  );
#6258 = DIRECTION ( 'NONE',  ( -0.000000000000000000, 0.2588190451025145777, 0.9659258262890699775 ) ) ;
#6260 = ORIENTED_EDGE ( 'NONE', *, *, #288, .T. ) ;
#6259 = DIRECTION ( 'NONE',  ( 0.2334453638558993682, -0.9723699203976781114, -7.217479547926802711E-17 ) ) ;
#6261 = DIRECTION ( 'NONE',  ( -0.000000000000000000, 1.000000000000000000, 0.000000000000000000 ) ) ;
#6262 = ADVANCED_FACE ( 'NONE', ( #9261 ), #171, .T. ) ;
#6263 = ORIENTED_EDGE ( 'NONE', *, *, #1521, .F. ) ;
#6264 = AXIS2_PLACEMENT_3D ( 'NONE', #9704, #5058, #8917 ) ;
#6265 = CARTESIAN_POINT ( 'NONE',  ( -0.2650294975595885449, 1.829496976797513330, 5.149785371212445284 ) ) ;
#6266 = VERTEX_POINT ( 'NONE', #7597 ) ;
#6268 = VERTEX_POINT ( 'NONE', #865 ) ;
#6267 = PLANE ( 'NONE',  #6844 ) ;
#6269 = EDGE_CURVE ( 'NONE', #8379, #4673, #2370, .T. ) ;
#6270 = DIRECTION ( 'NONE',  ( 0.000000000000000000, 1.000000000000000000, 0.000000000000000000 ) ) ;
#6271 = LINE ( 'NONE', #1159, #2872 ) ;
#6273 = ORIENTED_EDGE ( 'NONE', *, *, #7055, .F. ) ;
#6272 = DIRECTION ( 'NONE',  ( 0.000000000000000000, 0.000000000000000000, -1.000000000000000000 ) ) ;
#6274 = AXIS2_PLACEMENT_3D ( 'NONE', #274, #3153, #9359 ) ;
#6275 = ORIENTED_EDGE ( 'NONE', *, *, #5637, .F. ) ;
#6276 = VERTEX_POINT ( 'NONE', #6220 ) ;
#6277 = EDGE_CURVE ( 'NONE', #2326, #7758, #1739, .T. ) ;
#6278 = MECHANICAL_DESIGN_GEOMETRIC_PRESENTATION_REPRESENTATION (  '', ( #1105 ), #8154 ) ;
#6280 = ORIENTED_EDGE ( 'NONE', *, *, #1192, .F. ) ;
#6279 = DIRECTION ( 'NONE',  ( -0.2516678542837349486, 0.06042010615679306584, -0.9659258262890699775 ) ) ;
#6281 = DIRECTION ( 'NONE',  ( 0.2334453638558999511, -0.9723699203976778893, 1.129377263005733529E-17 ) ) ;
#6282 = VECTOR ( 'NONE', #1527, 1000.000000000000000 ) ;
#6283 = LINE ( 'NONE', #8493, #4561 ) ;
#6284 = VERTEX_POINT ( 'NONE', #1543 ) ;
#6285 = LINE ( 'NONE', #5363, #648 ) ;
#6287 = DIRECTION ( 'NONE',  ( 0.000000000000000000, 1.000000000000000000, -0.000000000000000000 ) ) ;
#6286 = CARTESIAN_POINT ( 'NONE',  ( -2.840461957126082737, 3.373344536385590509, 5.599999999999997868 ) ) ;
#6288 = VECTOR ( 'NONE', #5932, 1000.000000000000000 ) ;
#6289 = DIRECTION ( 'NONE',  ( -0.000000000000000000, -1.000000000000000000, -0.000000000000000000 ) ) ;
#6290 = VECTOR ( 'NONE', #590, 1000.000000000000000 ) ;
#6291 = EDGE_CURVE ( 'NONE', #7911, #5206, #8429, .T. ) ;
#6292 = VERTEX_POINT ( 'NONE', #3850 ) ;
#6293 = CARTESIAN_POINT ( 'NONE',  ( 6.700000000000000178, 4.200000000000000178, 6.549999999999997158 ) ) ;
#6294 = VECTOR ( 'NONE', #7447, 1000.000000000000000 ) ;
#6295 = VECTOR ( 'NONE', #2229, 1000.000000000000227 ) ;
#6296 = DIRECTION ( 'NONE',  ( 0.000000000000000000, 1.000000000000000000, 0.000000000000000000 ) ) ;
#6297 = ORIENTED_EDGE ( 'NONE', *, *, #8829, .F. ) ;
#6298 = EDGE_CURVE ( 'NONE', #6010, #6481, #815, .T. ) ;
#6299 = PLANE ( 'NONE',  #339 ) ;
#6301 = DIRECTION ( 'NONE',  ( 0.000000000000000000, 1.000000000000000000, -0.000000000000000000 ) ) ;
#6300 = DIRECTION ( 'NONE',  ( -1.000000000000000000, 0.000000000000000000, -0.000000000000000000 ) ) ;
#6302 = ADVANCED_FACE ( 'NONE', ( #962 ), #4693, .T. ) ;
#6303 = ADVANCED_FACE ( 'NONE', ( #6856 ), #2320, .F. ) ;
#6304 = DIRECTION ( 'NONE',  ( -1.000000000000000000, -0.000000000000000000, -0.000000000000000000 ) ) ;
#6305 = EDGE_CURVE ( 'NONE', #4688, #7158, #9115, .T. ) ;
#6306 = VECTOR ( 'NONE', #8507, 1000.000000000000000 ) ;
#6307 = VECTOR ( 'NONE', #2414, 1000.000000000000000 ) ;
#6308 = ORIENTED_EDGE ( 'NONE', *, *, #2130, .T. ) ;
#6309 = CARTESIAN_POINT ( 'NONE',  ( -1.649999999999997913, 0.5999999999999999778, 4.300000000000000711 ) ) ;
#6310 = DIRECTION ( 'NONE',  ( -1.000000000000000000, 0.000000000000000000, 0.000000000000000000 ) ) ;
#6312 = ORIENTED_EDGE ( 'NONE', *, *, #1417, .F. ) ;
#6311 = CARTESIAN_POINT ( 'NONE',  ( 4.549999999999999822, 0.000000000000000000, 5.299999999999998046 ) ) ;
#6313 = AXIS2_PLACEMENT_3D ( 'NONE', #3597, #1974, #2766 ) ;
#6314 = AXIS2_PLACEMENT_3D ( 'NONE', #2881, #5852, #682 ) ;
#6315 = DIRECTION ( 'NONE',  ( 0.000000000000000000, 0.000000000000000000, -1.000000000000000000 ) ) ;
#6317 = ORIENTED_EDGE ( 'NONE', *, *, #116, .T. ) ;
#6316 = FACE_OUTER_BOUND ( 'NONE', #7992, .T. ) ;
#6318 = FACE_OUTER_BOUND ( 'NONE', #7058, .T. ) ;
#6319 = VERTEX_POINT ( 'NONE', #119 ) ;
#6320 = VECTOR ( 'NONE', #4870, 1000.000000000000000 ) ;
#6321 = ORIENTED_EDGE ( 'NONE', *, *, #1219, .T. ) ;
#6323 = ORIENTED_EDGE ( 'NONE', *, *, #6954, .T. ) ;
#6322 = PLANE ( 'NONE',  #9361 ) ;
#6324 = LINE ( 'NONE', #7897, #941 ) ;
#6325 = DIRECTION ( 'NONE',  ( -0.000000000000000000, -0.000000000000000000, 1.000000000000000000 ) ) ;
#6327 = ORIENTED_EDGE ( 'NONE', *, *, #3010, .F. ) ;
#6326 = DIRECTION ( 'NONE',  ( 0.000000000000000000, 0.000000000000000000, -1.000000000000000000 ) ) ;
#6328 = AXIS2_PLACEMENT_3D ( 'NONE', #4425, #9674, #9728 ) ;
#6329 = ORIENTED_EDGE ( 'NONE', *, *, #5219, .F. ) ;
#6330 = ORIENTED_EDGE ( 'NONE', *, *, #1710, .F. ) ;
#6331 = AXIS2_PLACEMENT_3D ( 'NONE', #442, #6347, #7219 ) ;
#6333 = VERTEX_POINT ( 'NONE', #7011 ) ;
#6332 = DIRECTION ( 'NONE',  ( -0.2334453638558986188, 0.9723699203976782224, -0.000000000000000000 ) ) ;
#6334 = EDGE_CURVE ( 'NONE', #9010, #5494, #7791, .T. ) ;
#6335 = CARTESIAN_POINT ( 'NONE',  ( 0.000000000000000000, 0.000000000000000000, 0.000000000000000000 ) ) ;
#6336 = CARTESIAN_POINT ( 'NONE',  ( 6.700000000000000178, 0.000000000000000000, 6.549999999999997158 ) ) ;
#6337 = ORIENTED_EDGE ( 'NONE', *, *, #6085, .T. ) ;
#6338 = ADVANCED_FACE ( 'NONE', ( #911 ), #3404, .T. ) ;
#6339 = ORIENTED_EDGE ( 'NONE', *, *, #3496, .T. ) ;
#6341 = LINE ( 'NONE', #5654, #3126 ) ;
#6340 = LINE ( 'NONE', #8549, #1145 ) ;
#6342 = LINE ( 'NONE', #4268, #5730 ) ;
#6343 = ORIENTED_EDGE ( 'NONE', *, *, #3096, .T. ) ;
#6344 = LINE ( 'NONE', #2444, #709 ) ;
#6345 = AXIS2_PLACEMENT_3D ( 'NONE', #4622, #1762, #8551 ) ;
#6346 = ORIENTED_EDGE ( 'NONE', *, *, #7839, .T. ) ;
#6347 = DIRECTION ( 'NONE',  ( 1.000000000000000000, 0.000000000000000000, -0.000000000000000000 ) ) ;
#6348 = ORIENTED_EDGE ( 'NONE', *, *, #1703, .F. ) ;
#6349 = AXIS2_PLACEMENT_3D ( 'NONE', #5639, #4812, #7114 ) ;
#6350 = DIRECTION ( 'NONE',  ( -0.000000000000000000, -1.000000000000000000, -0.000000000000000000 ) ) ;
#6352 = DIRECTION ( 'NONE',  ( -1.000000000000000000, 0.000000000000000000, -0.000000000000000000 ) ) ;
#6351 = CYLINDRICAL_SURFACE ( 'NONE', #5838, 0.2250000000000000888 ) ;
#6353 = CARTESIAN_POINT ( 'NONE',  ( 6.096127999249077334, 0.000000000000000000, 4.194904458598724517 ) ) ;
#6354 = VECTOR ( 'NONE', #9168, 1000.000000000000000 ) ;
#6355 = ADVANCED_FACE ( 'NONE', ( #4150 ), #1156, .T. ) ;
#6356 = EDGE_CURVE ( 'NONE', #774, #8619, #1509, .T. ) ;
#6357 = EDGE_CURVE ( 'NONE', #3834, #4041, #422, .T. ) ;
#6358 = ORIENTED_EDGE ( 'NONE', *, *, #6882, .T. ) ;
#6359 = ADVANCED_FACE ( 'NONE', ( #1110 ), #322, .T. ) ;
#6360 = FACE_OUTER_BOUND ( 'NONE', #3314, .T. ) ;
#6361 = CARTESIAN_POINT ( 'NONE',  ( 1.489750127485976794, 4.200000000000000178, 6.907514361018399995 ) ) ;
#6363 = ORIENTED_EDGE ( 'NONE', *, *, #2108, .F. ) ;
#6362 = CARTESIAN_POINT ( 'NONE',  ( -0.9000000000000000222, 5.421010862427522170E-17, 5.899999999999997691 ) ) ;
#6364 = DIRECTION ( 'NONE',  ( 0.9723699203976782224, -0.2334453638558989796, 0.000000000000000000 ) ) ;
#6366 = ORIENTED_EDGE ( 'NONE', *, *, #3701, .T. ) ;
#6365 = CARTESIAN_POINT ( 'NONE',  ( 0.000000000000000000, 4.200000000000000178, 0.000000000000000000 ) ) ;
#6367 = CARTESIAN_POINT ( 'NONE',  ( -7.274928168233663506, 0.000000000000000000, 0.6044999148390727273 ) ) ;
#6368 = ORIENTED_EDGE ( 'NONE', *, *, #674, .F. ) ;
#6370 = ORIENTED_EDGE ( 'NONE', *, *, #9723, .F. ) ;
#6369 = LINE ( 'NONE', #460, #4649 ) ;
#6371 = DIRECTION ( 'NONE',  ( 0.000000000000000000, 0.000000000000000000, -1.000000000000000000 ) ) ;
#6372 = DIRECTION ( 'NONE',  ( -0.000000000000000000, -1.000000000000000000, -0.000000000000000000 ) ) ;
#6374 = ORIENTED_EDGE ( 'NONE', *, *, #2000, .T. ) ;
#6373 = DIRECTION ( 'NONE',  ( -1.000000000000000000, -0.000000000000000000, -0.000000000000000000 ) ) ;
#6375 = VECTOR ( 'NONE', #9219, 1000.000000000000000 ) ;
#6376 = ORIENTED_EDGE ( 'NONE', *, *, #8210, .F. ) ;
#6377 = VERTEX_POINT ( 'NONE', #5731 ) ;
#6378 = EDGE_CURVE ( 'NONE', #5833, #7843, #6369, .T. ) ;
#6379 = ORIENTED_EDGE ( 'NONE', *, *, #696, .F. ) ;
#6380 = ORIENTED_EDGE ( 'NONE', *, *, #8765, .F. ) ;
#6381 = VECTOR ( 'NONE', #1489, 1000.000000000000000 ) ;
#6383 = EDGE_LOOP ( 'NONE', ( #1005, #1843, #2355, #5520 ) ) ;
#6382 = CARTESIAN_POINT ( 'NONE',  ( -0.3749999999999998890, 1.204193574817832291, 2.590024968517631532 ) ) ;
#6384 = DIRECTION ( 'NONE',  ( 0.000000000000000000, 0.000000000000000000, 1.000000000000000000 ) ) ;
#6385 = CARTESIAN_POINT ( 'NONE',  ( -1.050000000000000044, 0.5999999999999999778, -6.313279654822841813 ) ) ;
#6386 = ORIENTED_EDGE ( 'NONE', *, *, #212, .F. ) ;
#6387 = AXIS2_PLACEMENT_3D ( 'NONE', #596, #6699, #3641 ) ;
#6389 = DIRECTION ( 'NONE',  ( 3.097720492815722728E-16, 0.000000000000000000, -1.000000000000000000 ) ) ;
#6388 = LINE ( 'NONE', #6286, #6320 ) ;
#6390 = CARTESIAN_POINT ( 'NONE',  ( 6.359607445110738055, 4.200000000000000178, -3.783568836970204075 ) ) ;
#6391 = CIRCLE ( 'NONE', #5613, 0.3999999999999997446 ) ;
#6392 = ADVANCED_FACE ( 'NONE', ( #9406 ), #6322, .F. ) ;
#6393 = ORIENTED_EDGE ( 'NONE', *, *, #3297, .F. ) ;
#6394 = CARTESIAN_POINT ( 'NONE',  ( -1.649999999999997913, 0.5999999999999999778, 4.300000000000000711 ) ) ;
#6395 = CARTESIAN_POINT ( 'NONE',  ( -6.466838485689897276, 4.200000000000000178, 4.450000000000000178 ) ) ;
#6396 = ORIENTED_EDGE ( 'NONE', *, *, #7304, .T. ) ;
#6397 = CARTESIAN_POINT ( 'NONE',  ( -3.749999999999999112, 0.5999999999999999778, 1.325000000000000400 ) ) ;
#6399 = CARTESIAN_POINT ( 'NONE',  ( 0.000000000000000000, 3.000000000000000000, 5.599999999999997868 ) ) ;
#6398 = CARTESIAN_POINT ( 'NONE',  ( -1.399999999999999245, 4.200000000000000178, 6.517713239141810000 ) ) ;
#6400 = CARTESIAN_POINT ( 'NONE',  ( 1.999999999999999112, 0.5999999999999999778, 0.000000000000000000 ) ) ;
#6401 = DIRECTION ( 'NONE',  ( -0.000000000000000000, 0.7619764731093033872, -0.6476047053781396334 ) ) ;
#6402 = CARTESIAN_POINT ( 'NONE',  ( 0.8749999999999995559, 0.4700298732486079545, -0.06011787616176798160 ) ) ;
#6404 = EDGE_LOOP ( 'NONE', ( #5704, #8072, #8764, #509 ) ) ;
#6403 = DIRECTION ( 'NONE',  ( 0.2334453638558993682, -0.9723699203976781114, -7.217479547926802711E-17 ) ) ;
#6405 = CARTESIAN_POINT ( 'NONE',  ( 0.4993330212113533118, 2.117141694578597022, 4.918241908473789614 ) ) ;
#6407 = ORIENTED_EDGE ( 'NONE', *, *, #550, .F. ) ;
#6406 = LINE ( 'NONE', #4193, #3306 ) ;
#6408 = VERTEX_POINT ( 'NONE', #5635 ) ;
#6409 = PLANE ( 'NONE',  #7522 ) ;
#6410 = ADVANCED_FACE ( 'NONE', ( #5594 ), #1792, .F. ) ;
#6411 = EDGE_CURVE ( 'NONE', #1490, #8708, #8715, .T. ) ;
#6412 = ADVANCED_FACE ( 'NONE', ( #9317 ), #508, .F. ) ;
#6414 = ORIENTED_EDGE ( 'NONE', *, *, #8184, .T. ) ;
#6413 = DIRECTION ( 'NONE',  ( 1.000000000000000000, -0.000000000000000000, 1.020425574104005182E-15 ) ) ;
#6415 = FACE_OUTER_BOUND ( 'NONE', #74, .T. ) ;
#6416 = CARTESIAN_POINT ( 'NONE',  ( 0.5518582280789310346, 1.898358462489119658, 4.918241908473789614 ) ) ;
#6418 = ORIENTED_EDGE ( 'NONE', *, *, #3458, .F. ) ;
#6417 = DIRECTION ( 'NONE',  ( -1.000000000000000000, 0.000000000000000000, 0.000000000000000000 ) ) ;
#6419 = EDGE_CURVE ( 'NONE', #1500, #5384, #3494, .T. ) ;
#6420 = ORIENTED_EDGE ( 'NONE', *, *, #4423, .F. ) ;
#6421 = EDGE_CURVE ( 'NONE', #4126, #5941, #2569, .T. ) ;
#6422 = EDGE_CURVE ( 'NONE', #6972, #2504, #3448, .T. ) ;
#6423 = AXIS2_PLACEMENT_3D ( 'NONE', #1217, #2587, #2635 ) ;
#6424 = VERTEX_POINT ( 'NONE', #6511 ) ;
#6425 = ORIENTED_EDGE ( 'NONE', *, *, #8962, .F. ) ;
#6427 = EDGE_LOOP ( 'NONE', ( #8532, #3995, #8095, #1681 ) ) ;
#6426 = PLANE ( 'NONE',  #6838 ) ;
#6428 = AXIS2_PLACEMENT_3D ( 'NONE', #9315, #4146, #2514 ) ;
#6429 = DIRECTION ( 'NONE',  ( -0.9723699203976780003, 0.2334453638558993682, 0.000000000000000000 ) ) ;
#6430 = DIRECTION ( 'NONE',  ( -0.000000000000000000, -1.000000000000000000, -0.000000000000000000 ) ) ;
#6431 = ORIENTED_EDGE ( 'NONE', *, *, #83, .F. ) ;
#6432 = ORIENTED_EDGE ( 'NONE', *, *, #2553, .T. ) ;
#6433 = CYLINDRICAL_SURFACE ( 'NONE', #597, 7.300000000000003375 ) ;
#6434 = DIRECTION ( 'NONE',  ( 1.000000000000000000, -0.000000000000000000, -0.000000000000000000 ) ) ;
#6435 = VECTOR ( 'NONE', #7407, 1000.000000000000000 ) ;
#6436 = VERTEX_POINT ( 'NONE', #2518 ) ;
#6437 = DIRECTION ( 'NONE',  ( 0.000000000000000000, 1.000000000000000000, 0.000000000000000000 ) ) ;
#6438 = LINE ( 'NONE', #9436, #3339 ) ;
#6439 = ORIENTED_EDGE ( 'NONE', *, *, #4241, .T. ) ;
#6440 = CIRCLE ( 'NONE', #8479, 0.1000000000000002554 ) ;
#6441 = VECTOR ( 'NONE', #6095, 999.9999999999998863 ) ;
#6442 = AXIS2_PLACEMENT_3D ( 'NONE', #1214, #7991, #9515 ) ;
#6443 = LINE ( 'NONE', #2598, #6459 ) ;
#6445 = DIRECTION ( 'NONE',  ( 0.000000000000000000, 1.000000000000000000, 0.000000000000000000 ) ) ;
#6444 = DIRECTION ( 'NONE',  ( 0.000000000000000000, 0.7071067811865483499, 0.7071067811865467956 ) ) ;
#6446 = LINE ( 'NONE', #7228, #8539 ) ;
#6447 = ADVANCED_FACE ( 'NONE', ( #4851 ), #7837, .F. ) ;
#6448 = AXIS2_PLACEMENT_3D ( 'NONE', #1962, #8665, #3538 ) ;
#6449 = VECTOR ( 'NONE', #612, 1000.000000000000000 ) ;
#6450 = CARTESIAN_POINT ( 'NONE',  ( -6.096127999249073781, 4.200000000000000178, 4.194904458598726293 ) ) ;
#6451 = CARTESIAN_POINT ( 'NONE',  ( -0.9000000000000000222, 0.3000000000000000444, 5.899999999999997691 ) ) ;
#6452 = DIRECTION ( 'NONE',  ( 0.000000000000000000, -1.240100524084728157E-16, 1.000000000000000000 ) ) ;
#6454 = EDGE_LOOP ( 'NONE', ( #5725, #3544, #2867, #8345 ) ) ;
#6453 = DIRECTION ( 'NONE',  ( -0.000000000000000000, 1.000000000000000000, -0.000000000000000000 ) ) ;
#6455 = EDGE_CURVE ( 'NONE', #8588, #9327, #4809, .T. ) ;
#6456 = DIRECTION ( 'NONE',  ( -0.2334453638558981192, 0.9723699203976783334, -0.000000000000000000 ) ) ;
#6458 = CARTESIAN_POINT ( 'NONE',  ( 5.424999999999998046, 3.199999999999997513, 5.900000000000003908 ) ) ;
#6457 = CARTESIAN_POINT ( 'NONE',  ( 3.643934344765680677, 0.000000000000000000, -6.440632149955242802 ) ) ;
#6459 = VECTOR ( 'NONE', #6350, 1000.000000000000000 ) ;
#6460 = LINE ( 'NONE', #2798, #2012 ) ;
#6461 = AXIS2_PLACEMENT_3D ( 'NONE', #2362, #6259, #9251 ) ;
#6462 = VECTOR ( 'NONE', #6469, 1000.000000000000000 ) ;
#6463 = EDGE_CURVE ( 'NONE', #1339, #8423, #4905, .T. ) ;
#6465 = ORIENTED_EDGE ( 'NONE', *, *, #3156, .F. ) ;
#6464 = CARTESIAN_POINT ( 'NONE',  ( 0.8750000000000000000, 0.5999999999999999778, -4.499999999999999112 ) ) ;
#6466 = CARTESIAN_POINT ( 'NONE',  ( 0.000000000000000000, 0.000000000000000000, 0.000000000000000000 ) ) ;
#6468 = EDGE_LOOP ( 'NONE', ( #348, #548, #2607, #2725 ) ) ;
#6467 = LINE ( 'NONE', #8587, #481 ) ;
#6469 = DIRECTION ( 'NONE',  ( -0.000000000000000000, -1.000000000000000000, -0.000000000000000000 ) ) ;
#6470 = EDGE_LOOP ( 'NONE', ( #591, #7361, #5177, #4447 ) ) ;
#6471 = VECTOR ( 'NONE', #5183, 1000.000000000000114 ) ;
#6472 = AXIS2_PLACEMENT_3D ( 'NONE', #3294, #3348, #2408 ) ;
#6473 = EDGE_CURVE ( 'NONE', #1201, #6610, #2799, .T. ) ;
#6474 = ADVANCED_FACE ( 'NONE', ( #5176 ), #1338, .T. ) ;
#6476 = EDGE_LOOP ( 'NONE', ( #6787, #1505, #6821, #9616, #3317, #2164, #560, #378, #8516, #8422, #2585, #2446, #1037, #7318, #2559, #957, #7031, #2626, #7022, #3958, #9148, #9252, #8506, #7736, #712, #9015 ) ) ;
#6475 = CARTESIAN_POINT ( 'NONE',  ( -4.299999999999973177, 4.200000000000000178, -2.334728763276425106E-14 ) ) ;
#6477 = CIRCLE ( 'NONE', #977, 0.2500000000000002220 ) ;
#6478 = CARTESIAN_POINT ( 'NONE',  ( 6.466838485689899940, 4.200000000000000178, 4.449999999999998401 ) ) ;
#6479 = DIRECTION ( 'NONE',  ( -3.614007241618338910E-15, 0.000000000000000000, 1.000000000000000000 ) ) ;
#6480 = ORIENTED_EDGE ( 'NONE', *, *, #7672, .T. ) ;
#6481 = VERTEX_POINT ( 'NONE', #2948 ) ;
#6482 = CARTESIAN_POINT ( 'NONE',  ( 0.000000000000000000, 0.5999999999999999778, 0.000000000000000000 ) ) ;
#6483 = DIRECTION ( 'NONE',  ( -1.000000000000000000, 0.000000000000000000, 1.239088197126291063E-16 ) ) ;
#6484 = AXIS2_PLACEMENT_3D ( 'NONE', #156, #2506, #209 ) ;
#6485 = ADVANCED_FACE ( 'NONE', ( #8811 ), #6701, .F. ) ;
#6486 = DIRECTION ( 'NONE',  ( 0.000000000000000000, 1.000000000000000000, -0.000000000000000000 ) ) ;
#6487 = FACE_OUTER_BOUND ( 'NONE', #623, .T. ) ;
#6488 = VERTEX_POINT ( 'NONE', #1436 ) ;
#6489 = DIRECTION ( 'NONE',  ( 0.000000000000000000, 1.000000000000000000, 0.000000000000000000 ) ) ;
#6491 = DIRECTION ( 'NONE',  ( 0.000000000000000000, 0.000000000000000000, 1.000000000000000000 ) ) ;
#6490 = PLANE ( 'NONE',  #2843 ) ;
#6492 = CARTESIAN_POINT ( 'NONE',  ( -5.674999999999997158, 3.450000000000000622, 5.599999999999997868 ) ) ;
#6493 = EDGE_CURVE ( 'NONE', #1712, #36, #5234, .T. ) ;
#6494 = VECTOR ( 'NONE', #8303, 1000.000000000000114 ) ;
#6495 = CARTESIAN_POINT ( 'NONE',  ( 5.674999999999997158, 1.349999999999996980, 5.599999999999997868 ) ) ;
#6496 = EDGE_CURVE ( 'NONE', #7905, #8676, #888, .T. ) ;
#6497 = CARTESIAN_POINT ( 'NONE',  ( -6.699999999999998401, 4.200000000000000178, 6.149999999999999467 ) ) ;
#6498 = LINE ( 'NONE', #542, #33 ) ;
#6500 = ORIENTED_EDGE ( 'NONE', *, *, #8391, .T. ) ;
#6499 = DIRECTION ( 'NONE',  ( -0.9396926207859105373, 0.000000000000000000, -0.3420201433256628287 ) ) ;
#6501 = CARTESIAN_POINT ( 'NONE',  ( 3.050555351932489945, 2.498242567300921646, 5.299999999999998046 ) ) ;
#6503 = DIRECTION ( 'NONE',  ( -1.000000000000000000, 0.000000000000000000, 1.239088197126291063E-16 ) ) ;
#6502 = CARTESIAN_POINT ( 'NONE',  ( -7.210338479410735246, 4.200000000000000178, -1.664637802144621315 ) ) ;
#6504 = VECTOR ( 'NONE', #1775, 1000.000000000000000 ) ;
#6505 = LINE ( 'NONE', #7192, #8143 ) ;
#6506 = VECTOR ( 'NONE', #2686, 1000.000000000000000 ) ;
#6507 = ADVANCED_FACE ( 'NONE', ( #8760 ), #2856, .F. ) ;
#6508 = ADVANCED_FACE ( 'NONE', ( #6653 ), #8903, .F. ) ;
#6509 = EDGE_CURVE ( 'NONE', #1532, #3730, #5134, .T. ) ;
#6510 = VECTOR ( 'NONE', #3642, 1000.000000000000000 ) ;
#6512 = ORIENTED_EDGE ( 'NONE', *, *, #8140, .T. ) ;
#6511 = CARTESIAN_POINT ( 'NONE',  ( -2.321277911634231916, 2.323158544408997717, 5.299999999999998046 ) ) ;
#6513 = CARTESIAN_POINT ( 'NONE',  ( 1.324999999999999067, 0.5999999999999999778, -4.500000000000000000 ) ) ;
#6515 = ORIENTED_EDGE ( 'NONE', *, *, #5620, .T. ) ;
#6514 = DIRECTION ( 'NONE',  ( 0.000000000000000000, 0.000000000000000000, 1.000000000000000000 ) ) ;
#6516 = CARTESIAN_POINT ( 'NONE',  ( -1.024999999999996358, 0.2999999999999999889, 3.350000000000000089 ) ) ;
#6517 = VERTEX_POINT ( 'NONE', #8173 ) ;
#6518 = AXIS2_PLACEMENT_3D ( 'NONE', #2738, #3383, #2690 ) ;
#6519 = VERTEX_POINT ( 'NONE', #4294 ) ;
#6521 = ORIENTED_EDGE ( 'NONE', *, *, #9723, .T. ) ;
#6520 = DIRECTION ( 'NONE',  ( -8.260587980841933849E-16, -1.000000000000000000, 0.000000000000000000 ) ) ;
#6522 = AXIS2_PLACEMENT_3D ( 'NONE', #3116, #4707, #86 ) ;
#6523 = CARTESIAN_POINT ( 'NONE',  ( -3.249999999999999556, 0.2999999999999999889, 3.794707603699265519E-16 ) ) ;
#6524 = DIRECTION ( 'NONE',  ( 0.9081431738250895780, 0.000000000000000000, 0.4186597375374103702 ) ) ;
#6525 = ORIENTED_EDGE ( 'NONE', *, *, #5093, .T. ) ;
#6526 = LINE ( 'NONE', #1940, #5182 ) ;
#6527 = DIRECTION ( 'NONE',  ( -0.4226182617406973874, 0.000000000000000000, 0.9063077870366509359 ) ) ;
#6528 = ADVANCED_FACE ( 'NONE', ( #7486 ), #5966, .T. ) ;
#6529 = EDGE_CURVE ( 'NONE', #5747, #334, #8077, .T. ) ;
#6530 = VECTOR ( 'NONE', #8392, 1000.000000000000000 ) ;
#6531 = EDGE_CURVE ( 'NONE', #7350, #6517, #5038, .T. ) ;
#6532 = ORIENTED_EDGE ( 'NONE', *, *, #5902, .F. ) ;
#6534 = ORIENTED_EDGE ( 'NONE', *, *, #5624, .F. ) ;
#6533 = DIRECTION ( 'NONE',  ( -0.000000000000000000, -0.000000000000000000, 1.000000000000000000 ) ) ;
#6535 = DIRECTION ( 'NONE',  ( -0.9676937674929103617, 0.000000000000000000, -0.2521284838239766235 ) ) ;
#6536 = ORIENTED_EDGE ( 'NONE', *, *, #8868, .T. ) ;
#6537 = AXIS2_PLACEMENT_3D ( 'NONE', #759, #8041, #4446 ) ;
#6538 = CARTESIAN_POINT ( 'NONE',  ( -6.174999999999998046, 4.200000000000000178, 5.299999999999998046 ) ) ;
#6540 = CARTESIAN_POINT ( 'NONE',  ( -2.274999999999999467, 0.5999999999999999778, 0.3000000000000004330 ) ) ;
#6539 = CARTESIAN_POINT ( 'NONE',  ( -2.887143597233360559, 3.178901511579296901, 5.599999999999997868 ) ) ;
#6541 = DIRECTION ( 'NONE',  ( -1.000000000000000000, 0.000000000000000000, 0.000000000000000000 ) ) ;
#6542 = VECTOR ( 'NONE', #2356, 1000.000000000000000 ) ;
#6543 = CYLINDRICAL_SURFACE ( 'NONE', #6668, 0.2999999999999999334 ) ;
#6544 = CARTESIAN_POINT ( 'NONE',  ( 1.486584783323321668, 0.000000000000000000, -7.147031949137461204 ) ) ;
#6545 = CARTESIAN_POINT ( 'NONE',  ( 0.000000000000000000, 4.200000000000000178, 0.000000000000000000 ) ) ;
#6547 = VERTEX_POINT ( 'NONE', #3739 ) ;
#6546 = CARTESIAN_POINT ( 'NONE',  ( 1.999999999999999112, 0.2999999999999999889, -4.957007724752754640 ) ) ;
#6548 = ORIENTED_EDGE ( 'NONE', *, *, #6493, .F. ) ;
#6549 = CARTESIAN_POINT ( 'NONE',  ( -2.237997801249778984, 0.000000000000000000, -5.024078606232306399 ) ) ;
#6551 = VERTEX_POINT ( 'NONE', #7338 ) ;
#6550 = SURFACE_STYLE_USAGE ( .BOTH. , #1289 ) ;
#6552 = LINE ( 'NONE', #6597, #3746 ) ;
#6554 = ORIENTED_EDGE ( 'NONE', *, *, #636, .T. ) ;
#6553 = LINE ( 'NONE', #5086, #6064 ) ;
#6555 = CARTESIAN_POINT ( 'NONE',  ( -4.549999999999998934, 0.000000000000000000, 5.849999999999997868 ) ) ;
#6557 = EDGE_LOOP ( 'NONE', ( #622, #3488, #8782, #566 ) ) ;
#6556 = CARTESIAN_POINT ( 'NONE',  ( 0.000000000000000000, 0.7598076211353289589, -0.1377635896925223646 ) ) ;
#6558 = CARTESIAN_POINT ( 'NONE',  ( -1.899999999999999245, 0.5999999999999999778, -4.923692341845005593 ) ) ;
#6559 = ORIENTED_EDGE ( 'NONE', *, *, #2945, .T. ) ;
#6560 = EDGE_CURVE ( 'NONE', #6674, #2525, #7795, .T. ) ;
#6561 = ORIENTED_EDGE ( 'NONE', *, *, #6825, .T. ) ;
#6563 = ORIENTED_EDGE ( 'NONE', *, *, #7474, .F. ) ;
#6562 = FACE_OUTER_BOUND ( 'NONE', #3025, .T. ) ;
#6564 = LINE ( 'NONE', #5052, #3909 ) ;
#6565 = DIRECTION ( 'NONE',  ( -0.000000000000000000, 1.000000000000000000, 0.000000000000000000 ) ) ;
#6566 = VERTEX_POINT ( 'NONE', #7294 ) ;
#6567 = CARTESIAN_POINT ( 'NONE',  ( -0.8999999999999999112, 0.3000000000000005440, -6.690000000000003944 ) ) ;
#6568 = DIRECTION ( 'NONE',  ( 1.000000000000000000, -0.000000000000000000, 2.302730277845320112E-16 ) ) ;
#6569 = EDGE_CURVE ( 'NONE', #9463, #9070, #553, .T. ) ;
#6570 = AXIS2_PLACEMENT_3D ( 'NONE', #8024, #1235, #595 ) ;
#6571 = ORIENTED_EDGE ( 'NONE', *, *, #4339, .F. ) ;
#6573 = ORIENTED_EDGE ( 'NONE', *, *, #8388, .T. ) ;
#6572 = DIRECTION ( 'NONE',  ( 0.000000000000000000, 0.000000000000000000, 1.000000000000000000 ) ) ;
#6574 = ORIENTED_EDGE ( 'NONE', *, *, #6232, .F. ) ;
#6575 = FACE_OUTER_BOUND ( 'NONE', #4336, .T. ) ;
#6576 = ORIENTED_EDGE ( 'NONE', *, *, #1537, .T. ) ;
#6577 = ORIENTED_EDGE ( 'NONE', *, *, #7347, .F. ) ;
#6578 = CARTESIAN_POINT ( 'NONE',  ( 3.813246603095878928, 0.000000000000000000, -4.236643759389941977 ) ) ;
#6579 = EDGE_CURVE ( 'NONE', #1985, #8716, #6553, .T. ) ;
#6581 = CARTESIAN_POINT ( 'NONE',  ( -5.372101905787459941, 1.599999999999999867, 5.599999999999998757 ) ) ;
#6580 = CARTESIAN_POINT ( 'NONE',  ( -0.9000000000000000222, 0.3000000000000000444, 5.899999999999997691 ) ) ;
#6582 = AXIS2_PLACEMENT_3D ( 'NONE', #8064, #8845, #4330 ) ;
#6583 = FACE_OUTER_BOUND ( 'NONE', #4247, .T. ) ;
#6584 = CARTESIAN_POINT ( 'NONE',  ( 3.679448476671462132, 0.5999999999999999778, -4.087989592393803662 ) ) ;
#6585 = PRESENTATION_LAYER_ASSIGNMENT (  '', '', ( #1105 ) ) ;
#6586 = AXIS2_PLACEMENT_3D ( 'NONE', #4181, #6352, #5619 ) ;
#6587 = ADVANCED_FACE ( 'NONE', ( #9541 ), #3589, .T. ) ;
#6588 = ADVANCED_FACE ( 'NONE', ( #3054 ), #6018, .F. ) ;
#6589 = LINE ( 'NONE', #6867, #3755 ) ;
#6590 = DIRECTION ( 'NONE',  ( -0.000000000000000000, -1.000000000000000000, -0.000000000000000000 ) ) ;
#6592 = ORIENTED_EDGE ( 'NONE', *, *, #6925, .F. ) ;
#6591 = CARTESIAN_POINT ( 'NONE',  ( 0.9000000000000000222, 0.5999999999999999778, -6.190000000000002167 ) ) ;
#6593 = EDGE_CURVE ( 'NONE', #6127, #661, #1347, .T. ) ;
#6594 = ORIENTED_EDGE ( 'NONE', *, *, #7130, .F. ) ;
#6595 = CARTESIAN_POINT ( 'NONE',  ( 0.8749999999999996669, 0.3272593389687442067, -0.5929447639179872276 ) ) ;
#6596 = CARTESIAN_POINT ( 'NONE',  ( 4.175000000000000711, 3.449999999999999289, 5.599999999999997868 ) ) ;
#6597 = CARTESIAN_POINT ( 'NONE',  ( -1.424999999999999156, 0.2999999999999999889, 3.794707603699265519E-16 ) ) ;
#6598 = VECTOR ( 'NONE', #8431, 1000.000000000000000 ) ;
#6599 = AXIS2_PLACEMENT_3D ( 'NONE', #1476, #3916, #6185 ) ;
#6600 = CARTESIAN_POINT ( 'NONE',  ( -1.899999999999999245, 0.5999999999999999778, -4.923692341845005593 ) ) ;
#6601 = LINE ( 'NONE', #7532, #6991 ) ;
#6603 = ORIENTED_EDGE ( 'NONE', *, *, #3861, .T. ) ;
#6602 = DIRECTION ( 'NONE',  ( -0.9743700647852345798, 0.000000000000000000, 0.2249510543438675847 ) ) ;
#6604 = VECTOR ( 'NONE', #5535, 1000.000000000000000 ) ;
#6605 = VECTOR ( 'NONE', #8239, 1000.000000000000000 ) ;
#6606 = DIRECTION ( 'NONE',  ( -1.000000000000000000, 0.000000000000000000, -0.000000000000000000 ) ) ;
#6608 = ORIENTED_EDGE ( 'NONE', *, *, #1071, .F. ) ;
#6607 = LINE ( 'NONE', #2859, #341 ) ;
#6609 = PLANE ( 'NONE',  #7100 ) ;
#6610 = VERTEX_POINT ( 'NONE', #1001 ) ;
#6611 = CIRCLE ( 'NONE', #3459, 0.8000000000000001554 ) ;
#6612 = AXIS2_PLACEMENT_3D ( 'NONE', #1780, #4094, #369 ) ;
#6614 = ORIENTED_EDGE ( 'NONE', *, *, #7546, .T. ) ;
#6613 = CARTESIAN_POINT ( 'NONE',  ( -2.470092451470720096, 3.833974596215561803, -5.358044725568028355 ) ) ;
#6615 = FACE_OUTER_BOUND ( 'NONE', #7846, .T. ) ;
#6616 = LINE ( 'NONE', #1504, #3929 ) ;
#6617 = AXIS2_PLACEMENT_3D ( 'NONE', #707, #3059, #4595 ) ;
#6618 = VERTEX_POINT ( 'NONE', #2999 ) ;
#6619 =( GEOMETRIC_REPRESENTATION_CONTEXT ( 3 ) GLOBAL_UNCERTAINTY_ASSIGNED_CONTEXT ( ( #8405 ) ) GLOBAL_UNIT_ASSIGNED_CONTEXT ( ( #2209, #7288, #3733 ) ) REPRESENTATION_CONTEXT ( 'NONE', 'WORKASPACE' ) );
#6620 = LINE ( 'NONE', #9612, #1287 ) ;
#6621 = CARTESIAN_POINT ( 'NONE',  ( -2.679422320239425837, 0.5999999999999998668, -5.812116312480574365 ) ) ;
#6622 = EDGE_CURVE ( 'NONE', #8577, #255, #3195, .T. ) ;
#6623 = ADVANCED_FACE ( 'NONE', ( #1725 ), #1674, .T. ) ;
#6624 = AXIS2_PLACEMENT_3D ( 'NONE', #1899, #4922, #9285 ) ;
#6625 = EDGE_CURVE ( 'NONE', #843, #8419, #6160, .T. ) ;
#6627 = EDGE_LOOP ( 'NONE', ( #1733, #6947, #4145, #7856 ) ) ;
#6626 = CARTESIAN_POINT ( 'NONE',  ( 0.000000000000000000, 4.200000000000000178, 0.000000000000000000 ) ) ;
#6628 = EDGE_CURVE ( 'NONE', #6566, #980, #6847, .T. ) ;
#6629 = ORIENTED_EDGE ( 'NONE', *, *, #77, .F. ) ;
#6630 = LINE ( 'NONE', #5112, #3826 ) ;
#6631 = ORIENTED_EDGE ( 'NONE', *, *, #4866, .F. ) ;
#6632 = FACE_OUTER_BOUND ( 'NONE', #4003, .T. ) ;
#6634 = LINE ( 'NONE', #2982, #8155 ) ;
#6633 = CARTESIAN_POINT ( 'NONE',  ( 1.049999999999999822, 4.200000000000000178, -6.313279654822841813 ) ) ;
#6635 = DIRECTION ( 'NONE',  ( 1.000000000000000000, -0.000000000000000000, 1.758787277686376500E-16 ) ) ;
#6636 = VECTOR ( 'NONE', #4286, 1000.000000000000000 ) ;
#6637 = DIRECTION ( 'NONE',  ( -1.000000000000000000, 0.000000000000000000, 0.000000000000000000 ) ) ;
#6638 = DIRECTION ( 'NONE',  ( -1.000000000000000000, 0.000000000000000000, 5.337610695313253357E-16 ) ) ;
#6640 = EDGE_LOOP ( 'NONE', ( #118, #4712, #1610, #9126 ) ) ;
#6639 = PLANE ( 'NONE',  #6903 ) ;
#6641 = ORIENTED_EDGE ( 'NONE', *, *, #8740, .F. ) ;
#6642 = DIRECTION ( 'NONE',  ( 0.000000000000000000, 1.000000000000000000, 0.000000000000000000 ) ) ;
#6644 = DIRECTION ( 'NONE',  ( 0.000000000000000000, 0.000000000000000000, -1.000000000000000000 ) ) ;
#6643 = FACE_OUTER_BOUND ( 'NONE', #8002, .T. ) ;
#6645 = DIRECTION ( 'NONE',  ( 0.000000000000000000, 0.000000000000000000, -1.000000000000000000 ) ) ;
#6646 = ADVANCED_FACE ( 'NONE', ( #2455 ), #8369, .T. ) ;
#6647 = ADVANCED_FACE ( 'NONE', ( #9151 ), #2409, .F. ) ;
#6648 = ADVANCED_FACE ( 'NONE', ( #5330 ), #3793, .F. ) ;
#6649 = EDGE_CURVE ( 'NONE', #6276, #2929, #1821, .T. ) ;
#6650 = CARTESIAN_POINT ( 'NONE',  ( 0.000000000000000000, 0.000000000000000000, -0.000000000000000000 ) ) ;
#6651 = CIRCLE ( 'NONE', #3354, 6.400000000000001243 ) ;
#6652 = DIRECTION ( 'NONE',  ( 0.000000000000000000, 1.000000000000000000, 0.000000000000000000 ) ) ;
#6654 = ORIENTED_EDGE ( 'NONE', *, *, #2711, .F. ) ;
#6653 = FACE_OUTER_BOUND ( 'NONE', #3369, .T. ) ;
#6655 = VECTOR ( 'NONE', #9242, 1000.000000000000000 ) ;
#6656 = CARTESIAN_POINT ( 'NONE',  ( 0.6000000000000000888, 1.457322679224499540, 2.618684952224779039 ) ) ;
#6658 = ORIENTED_EDGE ( 'NONE', *, *, #286, .F. ) ;
#6657 = LINE ( 'NONE', #1492, #4574 ) ;
#6659 = PRESENTATION_LAYER_ASSIGNMENT (  '', '', ( #1166 ) ) ;
#6660 = DIRECTION ( 'NONE',  ( -0.6788007455329387874, 0.000000000000000000, -0.7343225094356882199 ) ) ;
#6661 = ORIENTED_EDGE ( 'NONE', *, *, #4608, .F. ) ;
#6662 = CIRCLE ( 'NONE', #3358, 7.399999999999999467 ) ;
#6663 = ORIENTED_EDGE ( 'NONE', *, *, #6422, .F. ) ;
#6665 = ORIENTED_EDGE ( 'NONE', *, *, #4632, .T. ) ;
#6664 = DIRECTION ( 'NONE',  ( -0.9063077870366508249, 0.000000000000000000, 0.4226182617406975539 ) ) ;
#6666 = FACE_OUTER_BOUND ( 'NONE', #4068, .T. ) ;
#6667 = DIRECTION ( 'NONE',  ( 0.000000000000000000, 0.000000000000000000, 1.000000000000000000 ) ) ;
#6668 = AXIS2_PLACEMENT_3D ( 'NONE', #1325, #9490, #8062 ) ;
#6669 = ORIENTED_EDGE ( 'NONE', *, *, #3757, .F. ) ;
#6670 = CARTESIAN_POINT ( 'NONE',  ( 0.000000000000000000, 4.066025403784439440, 0.000000000000000000 ) ) ;
#6671 = CARTESIAN_POINT ( 'NONE',  ( 6.174999999999999822, 4.200000000000000178, 5.599999999999997868 ) ) ;
#6672 = EDGE_CURVE ( 'NONE', #2234, #6705, #7679, .T. ) ;
#6673 = AXIS2_PLACEMENT_3D ( 'NONE', #2203, #8160, #7518 ) ;
#6674 = VERTEX_POINT ( 'NONE', #6943 ) ;
#6676 = ORIENTED_EDGE ( 'NONE', *, *, #4552, .T. ) ;
#6675 = CARTESIAN_POINT ( 'NONE',  ( 6.174999999999999822, 4.200000000000000178, 5.599999999999997868 ) ) ;
#6677 = VERTEX_POINT ( 'NONE', #2357 ) ;
#6678 = PLANE ( 'NONE',  #382 ) ;
#6679 = ORIENTED_EDGE ( 'NONE', *, *, #9650, .T. ) ;
#6680 = EDGE_LOOP ( 'NONE', ( #3502, #1778, #2103, #7406 ) ) ;
#6681 = CARTESIAN_POINT ( 'NONE',  ( -1.782100968893421067, 4.200000000000000178, 6.840201765403919332 ) ) ;
#6683 = DIRECTION ( 'NONE',  ( -0.000000000000000000, -1.000000000000000000, -0.000000000000000000 ) ) ;
#6682 = DIRECTION ( 'NONE',  ( 0.000000000000000000, 1.000000000000000000, -0.000000000000000000 ) ) ;
#6684 = EDGE_CURVE ( 'NONE', #5206, #1561, #4740, .T. ) ;
#6685 = DIRECTION ( 'NONE',  ( 0.000000000000000000, 0.000000000000000000, -1.000000000000000000 ) ) ;
#6686 = AXIS2_PLACEMENT_3D ( 'NONE', #9276, #8344, #5501 ) ;
#6687 = EDGE_CURVE ( 'NONE', #6766, #8104, #6798, .T. ) ;
#6688 = PLANE ( 'NONE',  #3519 ) ;
#6689 = AXIS2_PLACEMENT_3D ( 'NONE', #7690, #4547, #6957 ) ;
#6690 = DIRECTION ( 'NONE',  ( 0.000000000000000000, 0.000000000000000000, -1.000000000000000000 ) ) ;
#6692 = VERTEX_POINT ( 'NONE', #9054 ) ;
#6691 = DIRECTION ( 'NONE',  ( 0.000000000000000000, 0.000000000000000000, -1.000000000000000000 ) ) ;
#6693 = EDGE_LOOP ( 'NONE', ( #6045, #1666, #8094, #8590 ) ) ;
#6694 = CARTESIAN_POINT ( 'NONE',  ( 1.861732769551486921, 2.212831516956478950, 5.589777747886719439 ) ) ;
#6696 = CARTESIAN_POINT ( 'NONE',  ( -0.9000000000000000222, 0.5999999999999999778, -5.390000000000001457 ) ) ;
#6695 = CARTESIAN_POINT ( 'NONE',  ( 4.549999999999999822, 0.000000000000000000, 5.849999999999999645 ) ) ;
#6697 = CARTESIAN_POINT ( 'NONE',  ( -0.9000000000000000222, -3.252606517456512809E-16, 8.959999999999995524 ) ) ;
#6698 = EDGE_CURVE ( 'NONE', #3345, #4274, #63, .T. ) ;
#6699 = DIRECTION ( 'NONE',  ( 1.000000000000000000, -0.000000000000000000, -0.000000000000000000 ) ) ;
#6700 = DIRECTION ( 'NONE',  ( 0.000000000000000000, 0.000000000000000000, 1.000000000000000000 ) ) ;
#6702 = EDGE_LOOP ( 'NONE', ( #520, #5312, #910, #4790 ) ) ;
#6701 = PLANE ( 'NONE',  #1967 ) ;
#6703 = CARTESIAN_POINT ( 'NONE',  ( 0.3750000000000000000, 1.437410120597456542, 2.391083365635864766 ) ) ;
#6705 = VERTEX_POINT ( 'NONE', #7586 ) ;
#6704 = PLANE ( 'NONE',  #1268 ) ;
#6706 = EDGE_CURVE ( 'NONE', #9059, #7454, #854, .T. ) ;
#6707 = LINE ( 'NONE', #5972, #8969 ) ;
#6708 = EDGE_CURVE ( 'NONE', #4126, #7004, #6111, .T. ) ;
#6709 = ORIENTED_EDGE ( 'NONE', *, *, #7263, .T. ) ;
#6710 = EDGE_CURVE ( 'NONE', #8716, #1640, #1148, .T. ) ;
#6711 = CIRCLE ( 'NONE', #4200, 0.1000000000000002554 ) ;
#6712 = EDGE_LOOP ( 'NONE', ( #8698, #1317, #4503, #2476 ) ) ;
#6714 = ORIENTED_EDGE ( 'NONE', *, *, #1357, .F. ) ;
#6713 = CYLINDRICAL_SURFACE ( 'NONE', #4970, 0.2250000000000000056 ) ;
#6715 = EDGE_CURVE ( 'NONE', #1102, #2057, #451, .T. ) ;
#6716 = DIRECTION ( 'NONE',  ( 0.000000000000000000, 0.000000000000000000, -1.000000000000000000 ) ) ;
#6717 = CARTESIAN_POINT ( 'NONE',  ( 0.9000000000000000222, 0.2999999999999999889, -5.390000000000001457 ) ) ;
#6718 = EDGE_CURVE ( 'NONE', #4590, #3322, #6255, .T. ) ;
#6719 = EDGE_CURVE ( 'NONE', #602, #3849, #2558, .T. ) ;
#6720 = ORIENTED_EDGE ( 'NONE', *, *, #3496, .F. ) ;
#6721 = CARTESIAN_POINT ( 'NONE',  ( -2.157866156935101642, 3.003817488687372528, 5.299999999999998046 ) ) ;
#6722 = DIRECTION ( 'NONE',  ( -1.000000000000000000, -0.000000000000000000, -0.000000000000000000 ) ) ;
#6723 = ORIENTED_EDGE ( 'NONE', *, *, #4674, .T. ) ;
#6725 = ORIENTED_EDGE ( 'NONE', *, *, #5367, .F. ) ;
#6724 = CARTESIAN_POINT ( 'NONE',  ( 0.000000000000000000, 4.200000000000000178, 0.000000000000000000 ) ) ;
#6726 = ORIENTED_EDGE ( 'NONE', *, *, #5071, .T. ) ;
#6727 = FACE_OUTER_BOUND ( 'NONE', #4646, .T. ) ;
#6728 = ORIENTED_EDGE ( 'NONE', *, *, #2183, .T. ) ;
#6729 = ORIENTED_EDGE ( 'NONE', *, *, #1541, .F. ) ;
#6730 = ORIENTED_EDGE ( 'NONE', *, *, #3205, .T. ) ;
#6731 = DIRECTION ( 'NONE',  ( 0.000000000000000000, 0.000000000000000000, 1.000000000000000000 ) ) ;
#6733 = CARTESIAN_POINT ( 'NONE',  ( 3.918869757271534404E-16, -0.6999999999999999556, -4.200000000000001066 ) ) ;
#6732 = CARTESIAN_POINT ( 'NONE',  ( 0.9000000000000000222, 0.2999999999999996558, 8.959999999999995524 ) ) ;
#6734 = CARTESIAN_POINT ( 'NONE',  ( -1.324999999999998401, 0.5999999999999999778, -4.599999999999999645 ) ) ;
#6735 = LINE ( 'NONE', #9724, #8084 ) ;
#6736 = DIRECTION ( 'NONE',  ( -0.000000000000000000, -0.000000000000000000, 1.000000000000000000 ) ) ;
#6737 = VERTEX_POINT ( 'NONE', #3295 ) ;
#6738 = AXIS2_PLACEMENT_3D ( 'NONE', #9404, #2658, #8073 ) ;
#6739 = CARTESIAN_POINT ( 'NONE',  ( -1.899999999999998579, 0.5999999999999999778, 1.225000000000000311 ) ) ;
#6740 = DIRECTION ( 'NONE',  ( 0.000000000000000000, 0.000000000000000000, 1.000000000000000000 ) ) ;
#6741 = DIRECTION ( 'NONE',  ( 0.000000000000000000, -0.000000000000000000, -1.000000000000000000 ) ) ;
#6742 = AXIS2_PLACEMENT_3D ( 'NONE', #6091, #9581, #5358 ) ;
#6743 = EDGE_CURVE ( 'NONE', #9058, #1744, #6391, .T. ) ;
#6744 = CARTESIAN_POINT ( 'NONE',  ( 4.549999999999999822, 0.5999999999999998668, 5.299999999999998046 ) ) ;
#6745 = CARTESIAN_POINT ( 'NONE',  ( -4.549999999999998934, 0.000000000000000000, 5.299999999999998046 ) ) ;
#6747 = ORIENTED_EDGE ( 'NONE', *, *, #5902, .T. ) ;
#6746 = CARTESIAN_POINT ( 'NONE',  ( -1.999999999999999112, 4.200000000000000178, 4.299999999999999822 ) ) ;
#6748 = DIRECTION ( 'NONE',  ( 0.000000000000000000, -1.000000000000000000, 0.000000000000000000 ) ) ;
#6750 = ORIENTED_EDGE ( 'NONE', *, *, #7519, .T. ) ;
#6749 = CARTESIAN_POINT ( 'NONE',  ( 3.679448476671462132, 0.000000000000000000, -4.087989592393803662 ) ) ;
#6751 = DIRECTION ( 'NONE',  ( -0.000000000000000000, -1.000000000000000000, -0.000000000000000000 ) ) ;
#6752 = VECTOR ( 'NONE', #8017, 1000.000000000000000 ) ;
#6753 = ORIENTED_EDGE ( 'NONE', *, *, #8964, .F. ) ;
#6754 = VECTOR ( 'NONE', #5323, 1000.000000000000000 ) ;
#6755 = CYLINDRICAL_SURFACE ( 'NONE', #3512, 0.2250000000000000333 ) ;
#6756 = ORIENTED_EDGE ( 'NONE', *, *, #7854, .F. ) ;
#6758 = ORIENTED_EDGE ( 'NONE', *, *, #5274, .F. ) ;
#6757 = FACE_OUTER_BOUND ( 'NONE', #2171, .T. ) ;
#6759 = DIRECTION ( 'NONE',  ( -0.000000000000000000, 1.000000000000000000, -0.000000000000000000 ) ) ;
#6760 = DIRECTION ( 'NONE',  ( -1.000000000000000000, 5.782411586589365527E-16, 0.000000000000000000 ) ) ;
#6761 = VERTEX_POINT ( 'NONE', #8612 ) ;
#6762 = DIRECTION ( 'NONE',  ( 0.000000000000000000, 1.000000000000000000, 0.000000000000000000 ) ) ;
#6763 = AXIS2_PLACEMENT_3D ( 'NONE', #9438, #8699, #1948 ) ;
#6764 = CARTESIAN_POINT ( 'NONE',  ( 6.174999999999999822, 0.5999999999999999778, 5.299999999999998046 ) ) ;
#6765 = CIRCLE ( 'NONE', #6612, 0.2999999999999999334 ) ;
#6766 = VERTEX_POINT ( 'NONE', #6311 ) ;
#6767 = EDGE_CURVE ( 'NONE', #6319, #4779, #6853, .T. ) ;
#6768 = ADVANCED_FACE ( 'NONE', ( #5724 ), #1865, .T. ) ;
#6770 = ORIENTED_EDGE ( 'NONE', *, *, #6298, .F. ) ;
#6769 = DIRECTION ( 'NONE',  ( -0.000000000000000000, -1.000000000000000000, -0.000000000000000000 ) ) ;
#6771 = AXIS2_PLACEMENT_3D ( 'NONE', #6681, #8204, #6731 ) ;
#6772 = AXIS2_PLACEMENT_3D ( 'NONE', #9093, #6300, #1770 ) ;
#6773 = ORIENTED_EDGE ( 'NONE', *, *, #8921, .F. ) ;
#6774 = PLANE ( 'NONE',  #6742 ) ;
#6775 = DIRECTION ( 'NONE',  ( 0.000000000000000000, 0.000000000000000000, 1.000000000000000000 ) ) ;
#6776 = VERTEX_POINT ( 'NONE', #4140 ) ;
#6777 = ORIENTED_EDGE ( 'NONE', *, *, #3640, .T. ) ;
#6778 = ORIENTED_EDGE ( 'NONE', *, *, #2589, .F. ) ;
#6779 = CARTESIAN_POINT ( 'NONE',  ( -4.590942030465840595, 1.599999999999999867, 5.565065611077386620 ) ) ;
#6781 = CARTESIAN_POINT ( 'NONE',  ( -2.940050835968760268, 4.200000000000000178, -6.681773797571976203 ) ) ;
#6780 = CARTESIAN_POINT ( 'NONE',  ( 0.000000000000000000, 4.200000000000000178, 4.899999999999997691 ) ) ;
#6782 = FACE_OUTER_BOUND ( 'NONE', #8884, .T. ) ;
#6783 = AXIS2_PLACEMENT_3D ( 'NONE', #365, #7827, #1097 ) ;
#6784 = AXIS2_PLACEMENT_3D ( 'NONE', #4357, #7355, #3607 ) ;
#6785 = LINE ( 'NONE', #841, #3051 ) ;
#6786 = CARTESIAN_POINT ( 'NONE',  ( 1.024999999999996358, 0.5999999999999999778, 3.350000000000000089 ) ) ;
#6787 = ORIENTED_EDGE ( 'NONE', *, *, #9108, .T. ) ;
#6788 = AXIS2_PLACEMENT_3D ( 'NONE', #3880, #6876, #254 ) ;
#6789 = CARTESIAN_POINT ( 'NONE',  ( -5.424999999999998046, 1.599999999999999867, 5.899999999999997691 ) ) ;
#6790 = VECTOR ( 'NONE', #1863, 1000.000000000000000 ) ;
#6792 = DIRECTION ( 'NONE',  ( 0.000000000000000000, 1.000000000000000000, 0.000000000000000000 ) ) ;
#6791 = DIRECTION ( 'NONE',  ( 0.000000000000000000, -1.000000000000000000, -1.442810774098246915E-15 ) ) ;
#6793 = CARTESIAN_POINT ( 'NONE',  ( 3.813246603095878928, 0.000000000000000000, -4.036643759389941799 ) ) ;
#6794 = AXIS2_PLACEMENT_3D ( 'NONE', #4177, #5713, #400 ) ;
#6795 = EDGE_CURVE ( 'NONE', #5394, #9494, #5676, .T. ) ;
#6796 = DIRECTION ( 'NONE',  ( 0.9723699203976781114, -0.2334453638558991462, 0.000000000000000000 ) ) ;
#6797 = DIRECTION ( 'NONE',  ( 1.000000000000000000, 0.000000000000000000, 2.710505431213760592E-16 ) ) ;
#6799 = EDGE_LOOP ( 'NONE', ( #4307, #296, #9012, #3449 ) ) ;
#6798 = LINE ( 'NONE', #9101, #5131 ) ;
#6800 = CARTESIAN_POINT ( 'NONE',  ( 0.000000000000000000, 0.000000000000000000, -0.000000000000000000 ) ) ;
#6802 = ORIENTED_EDGE ( 'NONE', *, *, #5926, .F. ) ;
#6801 = CARTESIAN_POINT ( 'NONE',  ( -1.899999999999999245, 0.5999999999999999778, -4.923692341845005593 ) ) ;
#6803 = CARTESIAN_POINT ( 'NONE',  ( -6.174999999999998046, 3.199999999999998401, 5.299999999999998046 ) ) ;
#6804 = EDGE_CURVE ( 'NONE', #8682, #6333, #1195, .T. ) ;
#6805 = EDGE_CURVE ( 'NONE', #4688, #3712, #4941, .T. ) ;
#6806 = VECTOR ( 'NONE', #6938, 1000.000000000000000 ) ;
#6807 = DIRECTION ( 'NONE',  ( 0.000000000000000000, 0.000000000000000000, 1.000000000000000000 ) ) ;
#6808 = ORIENTED_EDGE ( 'NONE', *, *, #6804, .F. ) ;
#6810 = ORIENTED_EDGE ( 'NONE', *, *, #3828, .F. ) ;
#6809 = CARTESIAN_POINT ( 'NONE',  ( 3.918869757271530460E-16, 0.000000000000000000, 3.299999999999998046 ) ) ;
#6811 = CIRCLE ( 'NONE', #6349, 0.4500000000000007327 ) ;
#6812 = DIRECTION ( 'NONE',  ( 0.000000000000000000, 0.000000000000000000, -1.000000000000000000 ) ) ;
#6813 = CARTESIAN_POINT ( 'NONE',  ( -1.652671250527558700, 4.200000000000000178, 7.177851726723113224 ) ) ;
#6814 = EDGE_LOOP ( 'NONE', ( #2420, #4708, #1137, #1154 ) ) ;
#6815 = ORIENTED_EDGE ( 'NONE', *, *, #3446, .F. ) ;
#6816 = CARTESIAN_POINT ( 'NONE',  ( 1.050000000000000044, 4.200000000000000178, -6.313279654822841813 ) ) ;
#6817 = CARTESIAN_POINT ( 'NONE',  ( -5.674999999999997158, 3.450000000000000622, 5.599999999999997868 ) ) ;
#6818 = AXIS2_PLACEMENT_3D ( 'NONE', #2233, #3711, #2820 ) ;
#6819 = ORIENTED_EDGE ( 'NONE', *, *, #6086, .T. ) ;
#6821 = ORIENTED_EDGE ( 'NONE', *, *, #2555, .T. ) ;
#6820 = LINE ( 'NONE', #1693, #1190 ) ;
#6822 = AXIS2_PLACEMENT_3D ( 'NONE', #4328, #3483, #5720 ) ;
#6823 = VERTEX_POINT ( 'NONE', #4190 ) ;
#6824 = CARTESIAN_POINT ( 'NONE',  ( 0.000000000000000000, 4.200000000000000178, 0.000000000000000000 ) ) ;
#6826 = VERTEX_POINT ( 'NONE', #9247 ) ;
#6825 = EDGE_CURVE ( 'NONE', #3235, #8667, #7187, .T. ) ;
#6827 = FACE_OUTER_BOUND ( 'NONE', #4461, .T. ) ;
#6829 = CARTESIAN_POINT ( 'NONE',  ( -3.249999999999998668, 0.2999999999999999889, 3.794707603699265519E-16 ) ) ;
#6828 = CARTESIAN_POINT ( 'NONE',  ( 4.549999999999999822, 0.000000000000000000, 6.549999999999998934 ) ) ;
#6830 = ADVANCED_FACE ( 'NONE', ( #1917 ), #3246, .F. ) ;
#6831 = EDGE_CURVE ( 'NONE', #5055, #4700, #8707, .T. ) ;
#6832 = CARTESIAN_POINT ( 'NONE',  ( -6.699999999999997513, 4.200000000000000178, 5.299999999999999822 ) ) ;
#6833 = EDGE_CURVE ( 'NONE', #2115, #7458, #9448, .T. ) ;
#6834 = VECTOR ( 'NONE', #5792, 1000.000000000000000 ) ;
#6835 = CARTESIAN_POINT ( 'NONE',  ( -1.999999999999999112, 4.200000000000000178, -1.324999999999999512 ) ) ;
#6836 = PLANE ( 'NONE',  #4596 ) ;
#6837 = ORIENTED_EDGE ( 'NONE', *, *, #9408, .F. ) ;
#6838 = AXIS2_PLACEMENT_3D ( 'NONE', #4961, #7946, #1211 ) ;
#6839 = CARTESIAN_POINT ( 'NONE',  ( 0.000000000000000000, 4.200000000000000178, 0.000000000000000000 ) ) ;
#6841 = DIRECTION ( 'NONE',  ( -1.000000000000000000, -0.000000000000000000, 0.000000000000000000 ) ) ;
#6840 = PLANE ( 'NONE',  #347 ) ;
#6842 = EDGE_CURVE ( 'NONE', #4402, #8419, #1825, .T. ) ;
#6843 = CARTESIAN_POINT ( 'NONE',  ( -0.9000000000000001332, 0.2499999999999999445, -6.190000000000003055 ) ) ;
#6844 = AXIS2_PLACEMENT_3D ( 'NONE', #8283, #5300, #1596 ) ;
#6845 = EDGE_LOOP ( 'NONE', ( #5974, #1498, #5212, #5896 ) ) ;
#6846 = CARTESIAN_POINT ( 'NONE',  ( 0.000000000000000000, 0.000000000000000000, 0.000000000000000000 ) ) ;
#6848 = VERTEX_POINT ( 'NONE', #1777 ) ;
#6847 = LINE ( 'NONE', #8465, #3864 ) ;
#6849 = CYLINDRICAL_SURFACE ( 'NONE', #4396, 0.1000000000000002554 ) ;
#6851 = ORIENTED_EDGE ( 'NONE', *, *, #3401, .F. ) ;
#6850 = LINE ( 'NONE', #9104, #2040 ) ;
#6852 = CARTESIAN_POINT ( 'NONE',  ( -3.050555351932489945, 2.498242567300921646, 5.299999999999998046 ) ) ;
#6853 = CIRCLE ( 'NONE', #5495, 2.199999999999998845 ) ;
#6854 = CARTESIAN_POINT ( 'NONE',  ( 3.749999999999999112, 0.2999999999999999889, 1.325000000000000400 ) ) ;
#6855 = EDGE_LOOP ( 'NONE', ( #102, #5497, #6225, #6374 ) ) ;
#6857 = VERTEX_POINT ( 'NONE', #4793 ) ;
#6856 = FACE_OUTER_BOUND ( 'NONE', #4348, .T. ) ;
#6858 = CARTESIAN_POINT ( 'NONE',  ( -0.8749999999999995559, 1.437410120597456542, 2.391083365635864766 ) ) ;
#6859 = CARTESIAN_POINT ( 'NONE',  ( 6.836708540583529725, 0.000000000000000000, 2.831857399501646277 ) ) ;
#6860 = ORIENTED_EDGE ( 'NONE', *, *, #1861, .F. ) ;
#6861 = ORIENTED_EDGE ( 'NONE', *, *, #51, .T. ) ;
#6862 = LINE ( 'NONE', #6816, #3791 ) ;
#6863 = CARTESIAN_POINT ( 'NONE',  ( 6.174999999999999822, 4.200000000000000178, 5.299999999999998046 ) ) ;
#6864 = ADVANCED_FACE ( 'NONE', ( #7784 ), #4842, .T. ) ;
#6866 = ORIENTED_EDGE ( 'NONE', *, *, #7209, .T. ) ;
#6865 = CARTESIAN_POINT ( 'NONE',  ( -4.299999999999998934, 0.5999999999999998668, 4.740253157796534111 ) ) ;
#6867 = CARTESIAN_POINT ( 'NONE',  ( 2.397482197861803499, 0.000000000000000000, -5.933976669227455147 ) ) ;
#6868 = LINE ( 'NONE', #6236, #5354 ) ;
#6869 = ORIENTED_EDGE ( 'NONE', *, *, #848, .F. ) ;
#6870 = VERTEX_POINT ( 'NONE', #3349 ) ;
#6871 = DIRECTION ( 'NONE',  ( -0.000000000000000000, -1.000000000000000000, -0.000000000000000000 ) ) ;
#6873 = CARTESIAN_POINT ( 'NONE',  ( 0.000000000000000000, 4.200000000000000178, 0.000000000000000000 ) ) ;
#6872 = DIRECTION ( 'NONE',  ( 1.000000000000000000, -0.000000000000000000, 0.000000000000000000 ) ) ;
#6874 = LINE ( 'NONE', #1659, #1932 ) ;
#6875 = DIRECTION ( 'NONE',  ( -0.9832549075639538394, 0.000000000000000000, 0.1822355254921518009 ) ) ;
#6876 = DIRECTION ( 'NONE',  ( -0.000000000000000000, -1.000000000000000000, -0.000000000000000000 ) ) ;
#6877 = VERTEX_POINT ( 'NONE', #3632 ) ;
#6878 = LINE ( 'NONE', #937, #6306 ) ;
#6880 = LINE ( 'NONE', #3987, #7211 ) ;
#6879 = DIRECTION ( 'NONE',  ( -0.000000000000000000, -0.000000000000000000, 1.000000000000000000 ) ) ;
#6881 = CYLINDRICAL_SURFACE ( 'NONE', #2085, 0.1000000000000002554 ) ;
#6882 = EDGE_CURVE ( 'NONE', #5146, #1553, #4426, .T. ) ;
#6883 = EDGE_CURVE ( 'NONE', #9051, #1633, #7285, .T. ) ;
#6884 = VECTOR ( 'NONE', #1731, 1000.000000000000000 ) ;
#6886 = ADVANCED_FACE ( 'NONE', ( #2102 ), #7235, .T. ) ;
#6885 = EDGE_LOOP ( 'NONE', ( #778, #8263, #2138, #1511 ) ) ;
#6887 = CARTESIAN_POINT ( 'NONE',  ( 3.890140309090413862, 3.833974596215561803, -4.435854864125960972 ) ) ;
#6888 = CARTESIAN_POINT ( 'NONE',  ( -2.133942768563686254, 0.000000000000000000, -5.281693692414842545 ) ) ;
#6890 = EDGE_LOOP ( 'NONE', ( #5359, #7603, #6348, #1303 ) ) ;
#6889 = DIRECTION ( 'NONE',  ( 0.9745028046914839814, 0.000000000000000000, 0.2243753187149407913 ) ) ;
#6891 = DIRECTION ( 'NONE',  ( 0.000000000000000000, 1.000000000000000000, 0.000000000000000000 ) ) ;
#6893 = ORIENTED_EDGE ( 'NONE', *, *, #5097, .F. ) ;
#6892 = DIRECTION ( 'NONE',  ( 0.000000000000000000, 0.000000000000000000, 1.000000000000000000 ) ) ;
#6894 = FACE_OUTER_BOUND ( 'NONE', #8524, .T. ) ;
#6895 = VECTOR ( 'NONE', #9029, 1000.000000000000000 ) ;
#6896 = VECTOR ( 'NONE', #1519, 1000.000000000000000 ) ;
#6897 = DIRECTION ( 'NONE',  ( 0.9920049496797155308, 0.000000000000000000, 0.1261989691358254839 ) ) ;
#6898 = EDGE_LOOP ( 'NONE', ( #6860, #3014, #6709, #3176 ) ) ;
#6900 = VERTEX_POINT ( 'NONE', #4287 ) ;
#6899 = DIRECTION ( 'NONE',  ( 0.000000000000000000, 0.000000000000000000, 1.000000000000000000 ) ) ;
#6901 = VECTOR ( 'NONE', #1341, 1000.000000000000000 ) ;
#6902 = VECTOR ( 'NONE', #4968, 1000.000000000000000 ) ;
#6903 = AXIS2_PLACEMENT_3D ( 'NONE', #5164, #2205, #2149 ) ;
#6904 = LINE ( 'NONE', #1741, #9263 ) ;
#6905 = DIRECTION ( 'NONE',  ( 1.000000000000000000, -0.000000000000000000, -0.000000000000000000 ) ) ;
#6906 = VERTEX_POINT ( 'NONE', #5026 ) ;
#6907 = CARTESIAN_POINT ( 'NONE',  ( 1.999999999999999112, 4.200000000000000178, -4.957007724752754640 ) ) ;
#6908 = ORIENTED_EDGE ( 'NONE', *, *, #8110, .T. ) ;
#6909 = AXIS2_PLACEMENT_3D ( 'NONE', #1100, #9153, #9356 ) ;
#6910 = AXIS2_PLACEMENT_3D ( 'NONE', #4107, #511, #6514 ) ;
#6911 = VERTEX_POINT ( 'NONE', #8164 ) ;
#6912 = EDGE_CURVE ( 'NONE', #1346, #9557, #1425, .T. ) ;
#6914 = ORIENTED_EDGE ( 'NONE', *, *, #2822, .F. ) ;
#6913 = CARTESIAN_POINT ( 'NONE',  ( -2.940050835968760268, 4.200000000000000178, -6.681773797571976203 ) ) ;
#6915 = CARTESIAN_POINT ( 'NONE',  ( -3.594691988755337686, 4.200000000000000178, -6.353596580361259072 ) ) ;
#6916 = PLANE ( 'NONE',  #1568 ) ;
#6917 = ORIENTED_EDGE ( 'NONE', *, *, #2074, .T. ) ;
#6918 = CIRCLE ( 'NONE', #3614, 6.400000000000000355 ) ;
#6919 = ORIENTED_EDGE ( 'NONE', *, *, #9540, .T. ) ;
#6920 = AXIS2_PLACEMENT_3D ( 'NONE', #1686, #3961, #2470 ) ;
#6921 = DIRECTION ( 'NONE',  ( 0.000000000000000000, -0.9659258262890699775, 0.2588190451025146332 ) ) ;
#6923 = FACE_OUTER_BOUND ( 'NONE', #4546, .T. ) ;
#6922 = DIRECTION ( 'NONE',  ( 0.4027466898587341304, 0.000000000000000000, 0.9153114791194484345 ) ) ;
#6924 = CARTESIAN_POINT ( 'NONE',  ( -4.219813216640448950, 3.700000000000000622, -4.811774767865448332 ) ) ;
#6925 = EDGE_CURVE ( 'NONE', #654, #2575, #8066, .T. ) ;
#6926 = ADVANCED_FACE ( 'NONE', ( #1371 ), #8893, .T. ) ;
#6927 = AXIS2_PLACEMENT_3D ( 'NONE', #3178, #1562, #7661 ) ;
#6928 = EDGE_CURVE ( 'NONE', #6618, #4427, #9534, .T. ) ;
#6929 = CIRCLE ( 'NONE', #7402, 7.300000000000003375 ) ;
#6930 = LINE ( 'NONE', #7720, #9501 ) ;
#6931 = UNCERTAINTY_MEASURE_WITH_UNIT (LENGTH_MEASURE( 1.000000000000000082E-05 ), #643, 'distance_accuracy_value', 'NONE');
#6932 = DIRECTION ( 'NONE',  ( -0.2516678542837349486, 0.06042010615679306584, -0.9659258262890699775 ) ) ;
#6933 = EDGE_LOOP ( 'NONE', ( #2364, #1514, #1943, #7645 ) ) ;
#6934 = DIRECTION ( 'NONE',  ( -0.000000000000000000, -1.000000000000000000, -0.000000000000000000 ) ) ;
#6936 = FACE_OUTER_BOUND ( 'NONE', #7794, .T. ) ;
#6935 = DIRECTION ( 'NONE',  ( 0.000000000000000000, 0.000000000000000000, -1.000000000000000000 ) ) ;
#6937 = VECTOR ( 'NONE', #1872, 1000.000000000000000 ) ;
#6938 = DIRECTION ( 'NONE',  ( -0.000000000000000000, 0.000000000000000000, -1.000000000000000000 ) ) ;
#6940 = EDGE_LOOP ( 'NONE', ( #108, #3088, #9262, #641 ) ) ;
#6939 = AXIS2_PLACEMENT_3D ( 'NONE', #4416, #6682, #2046 ) ;
#6941 = CARTESIAN_POINT ( 'NONE',  ( 0.3129461170946803428, 2.560891374920457153, 5.208019656360511007 ) ) ;
#6942 = FACE_OUTER_BOUND ( 'NONE', #5309, .T. ) ;
#6944 = VERTEX_POINT ( 'NONE', #497 ) ;
#6943 = CARTESIAN_POINT ( 'NONE',  ( 0.3129461170946804538, 2.560891374920456709, 5.208019656360511007 ) ) ;
#6945 = CARTESIAN_POINT ( 'NONE',  ( 0.8749999999999995559, 1.495644405745522043, 2.608416676550905144 ) ) ;
#6947 = ORIENTED_EDGE ( 'NONE', *, *, #5129, .T. ) ;
#6946 = FACE_OUTER_BOUND ( 'NONE', #4638, .T. ) ;
#6948 = ORIENTED_EDGE ( 'NONE', *, *, #5762, .F. ) ;
#6949 = CARTESIAN_POINT ( 'NONE',  ( -0.3750000000000000000, 0.3272593389687442067, -0.5929447639179872276 ) ) ;
#6950 = ADVANCED_FACE ( 'NONE', ( #638 ), #6639, .T. ) ;
#6951 = ADVANCED_FACE ( 'NONE', ( #7431 ), #689, .F. ) ;
#6952 = EDGE_CURVE ( 'NONE', #5754, #3558, #9675, .T. ) ;
#6953 = VECTOR ( 'NONE', #6736, 1000.000000000000000 ) ;
#6954 = EDGE_CURVE ( 'NONE', #5875, #2917, #1283, .T. ) ;
#6955 = CARTESIAN_POINT ( 'NONE',  ( -2.743224965086314970, 3.350000000000000533, 5.599999999999997868 ) ) ;
#6956 = ORIENTED_EDGE ( 'NONE', *, *, #441, .T. ) ;
#6958 = ORIENTED_EDGE ( 'NONE', *, *, #6463, .F. ) ;
#6957 = DIRECTION ( 'NONE',  ( 0.000000000000000000, 0.000000000000000000, 1.000000000000000000 ) ) ;
#6959 = DIRECTION ( 'NONE',  ( 1.755336071207033073E-16, 0.7619764731093040533, -0.6476047053781389673 ) ) ;
#6960 = LINE ( 'NONE', #9266, #5571 ) ;
#6962 = EDGE_LOOP ( 'NONE', ( #7271, #4079, #5831, #6758 ) ) ;
#6961 = DIRECTION ( 'NONE',  ( -1.020425574104005182E-15, 0.000000000000000000, 1.000000000000000000 ) ) ;
#6963 = ORIENTED_EDGE ( 'NONE', *, *, #1348, .F. ) ;
#6964 = EDGE_LOOP ( 'NONE', ( #1252, #9584, #2877, #68 ) ) ;
#6965 = AXIS2_PLACEMENT_3D ( 'NONE', #4325, #1913, #6541 ) ;
#6966 =( GEOMETRIC_REPRESENTATION_CONTEXT ( 3 ) GLOBAL_UNCERTAINTY_ASSIGNED_CONTEXT ( ( #9188 ) ) GLOBAL_UNIT_ASSIGNED_CONTEXT ( ( #4199, #1206, #2902 ) ) REPRESENTATION_CONTEXT ( 'NONE', 'WORKASPACE' ) );
#6968 = VERTEX_POINT ( 'NONE', #2937 ) ;
#6967 = CARTESIAN_POINT ( 'NONE',  ( -0.1016177428604584515, 2.510155921075888141, 5.149785371212445284 ) ) ;
#6969 = DIRECTION ( 'NONE',  ( 0.000000000000000000, -0.000000000000000000, 1.000000000000000000 ) ) ;
#6970 = CARTESIAN_POINT ( 'NONE',  ( -6.706677624071221366, 0.000000000000000000, -3.127375136881147100 ) ) ;
#6971 = VECTOR ( 'NONE', #2556, 1000.000000000000000 ) ;
#6972 = VERTEX_POINT ( 'NONE', #6546 ) ;
#6973 = EDGE_CURVE ( 'NONE', #8379, #3414, #790, .T. ) ;
#6974 = VECTOR ( 'NONE', #7954, 1000.000000000000114 ) ;
#6975 = EDGE_LOOP ( 'NONE', ( #2206, #5995, #1935, #7451 ) ) ;
#6976 = DIRECTION ( 'NONE',  ( -0.000000000000000000, -0.000000000000000000, 1.000000000000000000 ) ) ;
#6978 = CARTESIAN_POINT ( 'NONE',  ( 1.424999999999999156, 0.5999999999999999778, 2.949999999999997513 ) ) ;
#6977 = PLANE ( 'NONE',  #9457 ) ;
#6979 = DIRECTION ( 'NONE',  ( 0.9392372188187643189, 0.2254909059758626044, 0.2588190451025145777 ) ) ;
#6980 = AXIS2_PLACEMENT_3D ( 'NONE', #345, #6722, #1355 ) ;
#6981 = ORIENTED_EDGE ( 'NONE', *, *, #4424, .T. ) ;
#6982 = CARTESIAN_POINT ( 'NONE',  ( 0.000000000000000000, 4.200000000000000178, 0.000000000000000000 ) ) ;
#6983 = EDGE_LOOP ( 'NONE', ( #6500, #8165, #430, #3536 ) ) ;
#6984 = EDGE_CURVE ( 'NONE', #7332, #7137, #5812, .T. ) ;
#6985 = FACE_OUTER_BOUND ( 'NONE', #392, .T. ) ;
#6986 = ORIENTED_EDGE ( 'NONE', *, *, #8924, .T. ) ;
#6987 = DIRECTION ( 'NONE',  ( 0.000000000000000000, 0.9659258262890699775, -0.2588190451025145777 ) ) ;
#6989 = CARTESIAN_POINT ( 'NONE',  ( -1.999999999999999112, 0.2999999999999999889, 1.325000000000000178 ) ) ;
#6988 = CARTESIAN_POINT ( 'NONE',  ( -4.590942030465840595, 3.200000000000000622, 5.565065611077386620 ) ) ;
#6990 = LINE ( 'NONE', #148, #6655 ) ;
#6991 = VECTOR ( 'NONE', #1435, 1000.000000000000000 ) ;
#6992 = EDGE_CURVE ( 'NONE', #6333, #2274, #4376, .T. ) ;
#6993 = VECTOR ( 'NONE', #5565, 1000.000000000000000 ) ;
#6994 = ORIENTED_EDGE ( 'NONE', *, *, #1420, .F. ) ;
#6995 = DIRECTION ( 'NONE',  ( 1.000000000000000000, 0.000000000000000000, -0.000000000000000000 ) ) ;
#6996 = CARTESIAN_POINT ( 'NONE',  ( 3.249999999999998668, 0.2999999999999999889, 0.3000000000000003775 ) ) ;
#6998 = ORIENTED_EDGE ( 'NONE', *, *, #8425, .T. ) ;
#6997 = CARTESIAN_POINT ( 'NONE',  ( 1.024999999999999245, 0.2999999999999999889, 2.950000000000000178 ) ) ;
#6999 = CARTESIAN_POINT ( 'NONE',  ( 2.133942768563687142, 0.5999999999999999778, -5.281693692414842545 ) ) ;
#7001 = EDGE_LOOP ( 'NONE', ( #8181, #2842, #3851, #6573 ) ) ;
#7000 = CARTESIAN_POINT ( 'NONE',  ( -3.050555351932489945, 2.498242567300921646, 5.599999999999997868 ) ) ;
#7002 = ADVANCED_FACE ( 'NONE', ( #3577 ), #2752, .T. ) ;
#7003 = CARTESIAN_POINT ( 'NONE',  ( -3.549999999999998490, 0.5999999999999999778, 1.225000000000000311 ) ) ;
#7004 = VERTEX_POINT ( 'NONE', #5766 ) ;
#7005 = ORIENTED_EDGE ( 'NONE', *, *, #8036, .T. ) ;
#7006 = VECTOR ( 'NONE', #1391, 1000.000000000000000 ) ;
#7007 = ORIENTED_EDGE ( 'NONE', *, *, #2616, .F. ) ;
#7008 = DIRECTION ( 'NONE',  ( 0.000000000000000000, 1.000000000000000000, -0.000000000000000000 ) ) ;
#7009 = EDGE_CURVE ( 'NONE', #172, #2452, #3600, .T. ) ;
#7010 = EDGE_LOOP ( 'NONE', ( #3918, #3055, #2576, #2949 ) ) ;
#7012 = ORIENTED_EDGE ( 'NONE', *, *, #8271, .F. ) ;
#7011 = CARTESIAN_POINT ( 'NONE',  ( 4.213437021927587622, 4.200000000000000178, 6.588245792962771574 ) ) ;
#7013 = AXIS2_PLACEMENT_3D ( 'NONE', #8675, #1924, #4996 ) ;
#7014 = ADVANCED_FACE ( 'NONE', ( #8213 ), #6916, .T. ) ;
#7016 = ADVANCED_FACE ( 'NONE', ( #2535 ), #979, .T. ) ;
#7015 = DIRECTION ( 'NONE',  ( 1.000000000000000000, 0.000000000000000000, 0.000000000000000000 ) ) ;
#7017 = CARTESIAN_POINT ( 'NONE',  ( 0.4763578717938100615, 1.880232430642081898, 5.208019656360511007 ) ) ;
#7019 = EDGE_LOOP ( 'NONE', ( #7259, #9028, #5239, #9427 ) ) ;
#7018 = DIRECTION ( 'NONE',  ( 0.000000000000000000, 1.000000000000000000, 0.000000000000000000 ) ) ;
#7020 = ORIENTED_EDGE ( 'NONE', *, *, #3518, .F. ) ;
#7021 = ORIENTED_EDGE ( 'NONE', *, *, #6973, .F. ) ;
#7022 = ORIENTED_EDGE ( 'NONE', *, *, #8092, .T. ) ;
#7023 = ORIENTED_EDGE ( 'NONE', *, *, #2734, .F. ) ;
#7024 = EDGE_CURVE ( 'NONE', #3399, #3981, #7658, .T. ) ;
#7025 = EDGE_CURVE ( 'NONE', #7500, #2274, #6283, .T. ) ;
#7027 = ORIENTED_EDGE ( 'NONE', *, *, #8635, .T. ) ;
#7026 = DIRECTION ( 'NONE',  ( 0.000000000000000000, 0.000000000000000000, 1.000000000000000000 ) ) ;
#7028 = EDGE_CURVE ( 'NONE', #7056, #372, #6868, .T. ) ;
#7029 = CARTESIAN_POINT ( 'NONE',  ( -6.699999999999997513, 4.200000000000000178, 4.899999999999999467 ) ) ;
#7030 = VERTEX_POINT ( 'NONE', #133 ) ;
#7031 = ORIENTED_EDGE ( 'NONE', *, *, #8734, .T. ) ;
#7032 = CARTESIAN_POINT ( 'NONE',  ( 0.000000000000000000, 4.200000000000000178, 0.000000000000000000 ) ) ;
#7034 = CARTESIAN_POINT ( 'NONE',  ( -7.276086315973257612, 0.000000000000000000, 1.348542888641923065 ) ) ;
#7033 = CARTESIAN_POINT ( 'NONE',  ( -1.899999999999998579, 0.5999999999999999778, 1.225000000000000311 ) ) ;
#7035 = CARTESIAN_POINT ( 'NONE',  ( 0.000000000000000000, 0.000000000000000000, 0.000000000000000000 ) ) ;
#7036 = ORIENTED_EDGE ( 'NONE', *, *, #1108, .F. ) ;
#7037 = LINE ( 'NONE', #3182, #5591 ) ;
#7038 = LINE ( 'NONE', #5569, #992 ) ;
#7039 = ORIENTED_EDGE ( 'NONE', *, *, #6708, .T. ) ;
#7040 = EDGE_CURVE ( 'NONE', #3557, #6276, #5511, .T. ) ;
#7041 = CARTESIAN_POINT ( 'NONE',  ( 0.3750000000000000000, 1.205866657858800650, 2.686062390081659590 ) ) ;
#7043 = DIRECTION ( 'NONE',  ( -0.2334453638558993960, -0.9723699203976781114, -3.320040592046328557E-15 ) ) ;
#7042 = LINE ( 'NONE', #307, #9451 ) ;
#7044 = DIRECTION ( 'NONE',  ( 0.9745028046914836484, 0.000000000000000000, -0.2243753187149424011 ) ) ;
#7045 = ORIENTED_EDGE ( 'NONE', *, *, #2612, .F. ) ;
#7046 = DIRECTION ( 'NONE',  ( -1.000000000000000000, 0.000000000000000000, -0.000000000000000000 ) ) ;
#7047 = CARTESIAN_POINT ( 'NONE',  ( 7.340836627629894195, 0.000000000000000000, -0.9338723716051098300 ) ) ;
#7049 = ORIENTED_EDGE ( 'NONE', *, *, #4157, .F. ) ;
#7048 = DIRECTION ( 'NONE',  ( 1.000000000000000000, 0.000000000000000000, 0.000000000000000000 ) ) ;
#7050 = CARTESIAN_POINT ( 'NONE',  ( 2.274999999999999467, 0.5999999999999999778, 3.794707603699265519E-16 ) ) ;
#7052 = ORIENTED_EDGE ( 'NONE', *, *, #4667, .F. ) ;
#7051 = FACE_OUTER_BOUND ( 'NONE', #7001, .T. ) ;
#7053 = EDGE_LOOP ( 'NONE', ( #5083, #5499, #237, #4030 ) ) ;
#7054 = DIRECTION ( 'NONE',  ( 1.000000000000000000, -0.000000000000000000, 0.000000000000000000 ) ) ;
#7055 = EDGE_CURVE ( 'NONE', #2914, #7853, #6135, .T. ) ;
#7056 = VERTEX_POINT ( 'NONE', #7709 ) ;
#7058 = EDGE_LOOP ( 'NONE', ( #1266, #6914, #7732, #8592 ) ) ;
#7057 = CARTESIAN_POINT ( 'NONE',  ( 2.381511660949493958, -2.582040116601001514E-15, 6.688485832007871501 ) ) ;
#7059 = DIRECTION ( 'NONE',  ( -0.000000000000000000, -1.000000000000000000, -0.000000000000000000 ) ) ;
#7060 = DIRECTION ( 'NONE',  ( -0.000000000000000000, -1.000000000000000000, -0.000000000000000000 ) ) ;
#7062 = EDGE_LOOP ( 'NONE', ( #3467, #9386 ) ) ;
#7061 = CYLINDRICAL_SURFACE ( 'NONE', #5516, 7.399999999999999467 ) ;
#7063 = ORIENTED_EDGE ( 'NONE', *, *, #1180, .F. ) ;
#7064 = EDGE_LOOP ( 'NONE', ( #1437, #5307, #9503, #7306 ) ) ;
#7065 = CIRCLE ( 'NONE', #4873, 0.1999999999999996503 ) ;
#7066 = ORIENTED_EDGE ( 'NONE', *, *, #4800, .T. ) ;
#7068 = ORIENTED_EDGE ( 'NONE', *, *, #6496, .F. ) ;
#7067 = CARTESIAN_POINT ( 'NONE',  ( -0.3750000000000000000, 1.147632372710735371, 2.468729079166618323 ) ) ;
#7069 =( NAMED_UNIT ( * ) SI_UNIT ( $, .STERADIAN. ) SOLID_ANGLE_UNIT ( ) );
#7070 = CIRCLE ( 'NONE', #1249, 5.500000000000000000 ) ;
#7071 = CARTESIAN_POINT ( 'NONE',  ( -0.3749999999999998890, 0.5999999999999999778, -1.049999999999998934 ) ) ;
#7072 = ORIENTED_EDGE ( 'NONE', *, *, #5988, .F. ) ;
#7073 = ORIENTED_EDGE ( 'NONE', *, *, #5515, .T. ) ;
#7074 = CARTESIAN_POINT ( 'NONE',  ( -2.743224965086314970, 3.450000000000000622, 5.599999999999997868 ) ) ;
#7076 = FACE_OUTER_BOUND ( 'NONE', #9699, .T. ) ;
#7075 = DIRECTION ( 'NONE',  ( 1.000000000000000000, 0.000000000000000000, -4.251773225433351640E-17 ) ) ;
#7077 = CIRCLE ( 'NONE', #2810, 1.499999999999999556 ) ;
#7078 = CARTESIAN_POINT ( 'NONE',  ( 1.999999999999999112, 0.2999999999999999889, -1.324999999999999512 ) ) ;
#7079 = VECTOR ( 'NONE', #8396, 1000.000000000000000 ) ;
#7080 = ADVANCED_FACE ( 'NONE', ( #5409 ), #8441, .F. ) ;
#7081 = EDGE_CURVE ( 'NONE', #1985, #128, #188, .T. ) ;
#7082 = ADVANCED_FACE ( 'NONE', ( #3175 ), #925, .F. ) ;
#7083 = VERTEX_POINT ( 'NONE', #6970 ) ;
#7084 = LINE ( 'NONE', #2344, #6206 ) ;
#7085 = VECTOR ( 'NONE', #2058, 1000.000000000000114 ) ;
#7086 = CONICAL_SURFACE ( 'NONE', #7543, 0.5749999999999999556, 0.7853981633974488341 ) ;
#7087 = DIRECTION ( 'NONE',  ( 0.000000000000000000, 1.000000000000000000, -0.000000000000000000 ) ) ;
#7088 = ORIENTED_EDGE ( 'NONE', *, *, #2647, .T. ) ;
#7089 = CARTESIAN_POINT ( 'NONE',  ( 6.096127999249077334, 4.200000000000000178, 4.194904458598724517 ) ) ;
#7091 = CARTESIAN_POINT ( 'NONE',  ( 6.616046845367564266, 0.000000000000000000, -3.085113310707080281 ) ) ;
#7090 = CARTESIAN_POINT ( 'NONE',  ( -4.903388356796439140, 0.000000000000000000, -5.542272333838631937 ) ) ;
#7092 = FACE_OUTER_BOUND ( 'NONE', #4265, .T. ) ;
#7093 = AXIS2_PLACEMENT_3D ( 'NONE', #2497, #2447, #6150 ) ;
#7094 = AXIS2_PLACEMENT_3D ( 'NONE', #6801, #1004, #5386 ) ;
#7095 = VERTEX_POINT ( 'NONE', #9222 ) ;
#7096 = DIRECTION ( 'NONE',  ( 1.000000000000000000, 0.000000000000000000, 2.710505431213760592E-16 ) ) ;
#7097 = CARTESIAN_POINT ( 'NONE',  ( 3.249999999999999112, 0.2999999999999999889, -1.224999999999999201 ) ) ;
#7099 = EDGE_LOOP ( 'NONE', ( #3797, #3216, #9707, #3316 ) ) ;
#7098 = CARTESIAN_POINT ( 'NONE',  ( -6.174999999999998046, 1.349999999999997868, 5.299999999999998046 ) ) ;
#7100 = AXIS2_PLACEMENT_3D ( 'NONE', #5002, #5736, #4252 ) ;
#7101 = CIRCLE ( 'NONE', #2050, 7.300000000000002487 ) ;
#7102 = EDGE_CURVE ( 'NONE', #8830, #1532, #4822, .T. ) ;
#7103 = DIRECTION ( 'NONE',  ( 0.000000000000000000, 0.000000000000000000, 1.000000000000000000 ) ) ;
#7105 = VERTEX_POINT ( 'NONE', #6336 ) ;
#7104 = LINE ( 'NONE', #4992, #5201 ) ;
#7106 = CARTESIAN_POINT ( 'NONE',  ( 4.300000000000000711, 0.5999999999999999778, 5.299999999999998046 ) ) ;
#7107 = ORIENTED_EDGE ( 'NONE', *, *, #7668, .T. ) ;
#7108 = ADVANCED_FACE ( 'NONE', ( #9179 ), #294, .F. ) ;
#7109 = AXIS2_PLACEMENT_3D ( 'NONE', #781, #1657, #3775 ) ;
#7110 = ORIENTED_EDGE ( 'NONE', *, *, #500, .F. ) ;
#7112 = ORIENTED_EDGE ( 'NONE', *, *, #8962, .T. ) ;
#7111 = CARTESIAN_POINT ( 'NONE',  ( -0.8749999999999995559, 1.205866657858800650, 2.686062390081659590 ) ) ;
#7113 = DIRECTION ( 'NONE',  ( 0.000000000000000000, 1.000000000000000000, 0.000000000000000000 ) ) ;
#7114 = DIRECTION ( 'NONE',  ( 0.000000000000000000, 0.000000000000000000, 1.000000000000000000 ) ) ;
#7115 = ADVANCED_FACE ( 'NONE', ( #1696, #4476 ), #3971, .F. ) ;
#7117 = EDGE_LOOP ( 'NONE', ( #8133, #657, #6728, #5299 ) ) ;
#7116 = DIRECTION ( 'NONE',  ( 0.000000000000000000, 1.000000000000000000, 0.000000000000000000 ) ) ;
#7118 = VECTOR ( 'NONE', #8262, 1000.000000000000000 ) ;
#7119 = VERTEX_POINT ( 'NONE', #7071 ) ;
#7120 = VERTEX_POINT ( 'NONE', #337 ) ;
#7121 = EDGE_LOOP ( 'NONE', ( #814, #5387, #708, #6068 ) ) ;
#7123 = VERTEX_POINT ( 'NONE', #2436 ) ;
#7122 = CARTESIAN_POINT ( 'NONE',  ( -6.836708540583528837, 4.200000000000000178, 2.831857399501646722 ) ) ;
#7124 = PRESENTATION_STYLE_ASSIGNMENT (( #1803 ) ) ;
#7125 = DIRECTION ( 'NONE',  ( 0.2334453638558998123, -0.9723699203976778893, 1.383859452432174349E-17 ) ) ;
#7126 = ORIENTED_EDGE ( 'NONE', *, *, #6569, .T. ) ;
#7128 = LINE ( 'NONE', #2685, #7509 ) ;
#7127 = DIRECTION ( 'NONE',  ( 0.000000000000000000, 1.000000000000000000, 0.000000000000000000 ) ) ;
#7129 = PLANE ( 'NONE',  #8546 ) ;
#7130 = EDGE_CURVE ( 'NONE', #9380, #5586, #243, .T. ) ;
#7131 = ORIENTED_EDGE ( 'NONE', *, *, #2613, .F. ) ;
#7132 = CARTESIAN_POINT ( 'NONE',  ( -5.424999999999998046, 3.200000000000000622, 5.599999999999997868 ) ) ;
#7133 = AXIS2_PLACEMENT_3D ( 'NONE', #3391, #5021, #4136 ) ;
#7134 = ADVANCED_FACE ( 'NONE', ( #4118 ), #388, .F. ) ;
#7135 = EDGE_CURVE ( 'NONE', #7030, #3005, #944, .T. ) ;
#7136 = CARTESIAN_POINT ( 'NONE',  ( -4.837126351974867511, 4.200000000000000178, -5.467376761759734194 ) ) ;
#7137 = VERTEX_POINT ( 'NONE', #6385 ) ;
#7138 = VECTOR ( 'NONE', #9030, 1000.000000000000000 ) ;
#7139 = DIRECTION ( 'NONE',  ( 0.2243753187149425121, 0.000000000000000000, -0.9745028046914836484 ) ) ;
#7140 = ADVANCED_FACE ( 'NONE', ( #9471 ), #5651, .T. ) ;
#7142 = CARTESIAN_POINT ( 'NONE',  ( 4.623041666781258351E-16, -0.6999999999999999556, 2.724999999999998312 ) ) ;
#7141 = CARTESIAN_POINT ( 'NONE',  ( 0.9000000000000000222, 0.5999999999999999778, 5.899999999999997691 ) ) ;
#7143 = CARTESIAN_POINT ( 'NONE',  ( 3.749999999999999556, 0.5999999999999998668, -1.324999999999999512 ) ) ;
#7144 = AXIS2_PLACEMENT_3D ( 'NONE', #5366, #8354, #1617 ) ;
#7145 = ADVANCED_FACE ( 'NONE', ( #5703 ), #1171, .T. ) ;
#7146 = FACE_OUTER_BOUND ( 'NONE', #1588, .T. ) ;
#7147 = CARTESIAN_POINT ( 'NONE',  ( -6.174999999999998046, 1.599999999999997202, 5.299999999999998046 ) ) ;
#7149 = ORIENTED_EDGE ( 'NONE', *, *, #4734, .F. ) ;
#7148 = DIRECTION ( 'NONE',  ( -0.000000000000000000, -1.000000000000000000, -0.000000000000000000 ) ) ;
#7150 = DIRECTION ( 'NONE',  ( -1.000000000000000000, -0.000000000000000000, 0.000000000000000000 ) ) ;
#7152 = ORIENTED_EDGE ( 'NONE', *, *, #8234, .T. ) ;
#7151 = DIRECTION ( 'NONE',  ( -0.5112930860770545927, 0.000000000000000000, 0.8594064115014512506 ) ) ;
#7153 = ORIENTED_EDGE ( 'NONE', *, *, #1009, .T. ) ;
#7154 = LINE ( 'NONE', #420, #5020 ) ;
#7155 = ORIENTED_EDGE ( 'NONE', *, *, #5589, .T. ) ;
#7156 = AXIS2_PLACEMENT_3D ( 'NONE', #8451, #4076, #252 ) ;
#7158 = VERTEX_POINT ( 'NONE', #2631 ) ;
#7157 = CARTESIAN_POINT ( 'NONE',  ( 2.274999999999999467, 0.2999999999999999889, 3.794707603699265519E-16 ) ) ;
#7159 = DIRECTION ( 'NONE',  ( -0.000000000000000000, -1.000000000000000000, -0.000000000000000000 ) ) ;
#7160 = CARTESIAN_POINT ( 'NONE',  ( 0.000000000000000000, 3.000000000000000000, 5.599999999999997868 ) ) ;
#7162 = ORIENTED_EDGE ( 'NONE', *, *, #8982, .T. ) ;
#7161 = DIRECTION ( 'NONE',  ( 0.000000000000000000, 0.000000000000000000, 1.000000000000000000 ) ) ;
#7163 = AXIS2_PLACEMENT_3D ( 'NONE', #2580, #9468, #6520 ) ;
#7164 = EDGE_LOOP ( 'NONE', ( #2904, #9133, #6770, #2321 ) ) ;
#7165 = EDGE_LOOP ( 'NONE', ( #2596, #1208, #7883, #8876 ) ) ;
#7166 = AXIS2_PLACEMENT_3D ( 'NONE', #3704, #9653, #2913 ) ;
#7168 = ORIENTED_EDGE ( 'NONE', *, *, #2735, .F. ) ;
#7167 = DIRECTION ( 'NONE',  ( 0.000000000000000000, 0.000000000000000000, 1.000000000000000000 ) ) ;
#7169 = FACE_OUTER_BOUND ( 'NONE', #1512, .T. ) ;
#7170 = CARTESIAN_POINT ( 'NONE',  ( 6.699999999999999289, 4.200000000000000178, 5.299999999999998046 ) ) ;
#7171 = ORIENTED_EDGE ( 'NONE', *, *, #4763, .T. ) ;
#7172 = DIRECTION ( 'NONE',  ( -0.000000000000000000, -1.000000000000000000, -0.000000000000000000 ) ) ;
#7173 = ADVANCED_FACE ( 'NONE', ( #2030 ), #3556, .F. ) ;
#7174 = VERTEX_POINT ( 'NONE', #4965 ) ;
#7175 = DIRECTION ( 'NONE',  ( 0.000000000000000000, 0.000000000000000000, 1.000000000000000000 ) ) ;
#7176 = VERTEX_POINT ( 'NONE', #8639 ) ;
#7177 = CARTESIAN_POINT ( 'NONE',  ( -2.133942768563686254, 0.5999999999999999778, -5.281693692414842545 ) ) ;
#7178 = ORIENTED_EDGE ( 'NONE', *, *, #5070, .T. ) ;
#7179 = FACE_OUTER_BOUND ( 'NONE', #5636, .T. ) ;
#7181 = LINE ( 'NONE', #7142, #2342 ) ;
#7180 = DIRECTION ( 'NONE',  ( -0.000000000000000000, 0.9659258262890699775, -0.2588190451025145777 ) ) ;
#7182 = DIRECTION ( 'NONE',  ( 0.000000000000000000, 0.000000000000000000, 1.000000000000000000 ) ) ;
#7183 = AXIS2_PLACEMENT_3D ( 'NONE', #8193, #5983, #9559 ) ;
#7184 = CARTESIAN_POINT ( 'NONE',  ( -7.177760825216869200, 0.000000000000000000, 1.330319336092709248 ) ) ;
#7185 = CARTESIAN_POINT ( 'NONE',  ( -0.7818019484660533314, 1.244188384379824042, 2.675794114407787028 ) ) ;
#7186 = CARTESIAN_POINT ( 'NONE',  ( 2.940050835968759824, 4.200000000000000178, -6.681773797571979756 ) ) ;
#7188 = ORIENTED_EDGE ( 'NONE', *, *, #4035, .T. ) ;
#7187 = LINE ( 'NONE', #8661, #9264 ) ;
#7189 = DIRECTION ( 'NONE',  ( -1.000000000000000000, -0.000000000000000000, -0.000000000000000000 ) ) ;
#7191 = ORIENTED_EDGE ( 'NONE', *, *, #8872, .T. ) ;
#7190 = CARTESIAN_POINT ( 'NONE',  ( 1.490773992497906653, 2.123772194091580356, 5.487555226753928928 ) ) ;
#7192 = CARTESIAN_POINT ( 'NONE',  ( -2.274999999999999467, 0.5999999999999999778, -0.2999999999999996558 ) ) ;
#7193 = ADVANCED_FACE ( 'NONE', ( #2727 ), #1307, .F. ) ;
#7194 = EDGE_CURVE ( 'NONE', #777, #6156, #5745, .T. ) ;
#7195 = ADVANCED_FACE ( 'NONE', ( #4167 ), #3464, .T. ) ;
#7196 = ADVANCED_FACE ( 'NONE', ( #8774 ), #5053, .F. ) ;
#7198 = ORIENTED_EDGE ( 'NONE', *, *, #3401, .T. ) ;
#7197 = DIRECTION ( 'NONE',  ( 0.9832549075639538394, 0.000000000000000000, 0.1822355254921516898 ) ) ;
#7199 = DIRECTION ( 'NONE',  ( 0.000000000000000000, 0.000000000000000000, -1.000000000000000000 ) ) ;
#7201 = EDGE_LOOP ( 'NONE', ( #487, #6669, #1162, #4604 ) ) ;
#7200 = PLANE ( 'NONE',  #3452 ) ;
#7202 = EDGE_LOOP ( 'NONE', ( #7246, #1079, #5595, #2817, #2793, #7360 ) ) ;
#7204 = ORIENTED_EDGE ( 'NONE', *, *, #100, .T. ) ;
#7203 = CARTESIAN_POINT ( 'NONE',  ( 2.397482197861803499, 0.000000000000000000, -5.933976669227455147 ) ) ;
#7205 = VECTOR ( 'NONE', #3637, 1000.000000000000000 ) ;
#7206 = DIRECTION ( 'NONE',  ( -0.000000000000000000, -1.000000000000000000, -0.000000000000000000 ) ) ;
#7207 = DIRECTION ( 'NONE',  ( 0.9238795325112877377, 0.000000000000000000, 0.3826834323650873393 ) ) ;
#7208 = ORIENTED_EDGE ( 'NONE', *, *, #9577, .F. ) ;
#7209 = EDGE_CURVE ( 'NONE', #8682, #8815, #3925, .T. ) ;
#7210 = DIRECTION ( 'NONE',  ( -0.000000000000000000, -1.000000000000000000, -0.000000000000000000 ) ) ;
#7211 = VECTOR ( 'NONE', #6103, 1000.000000000000000 ) ;
#7212 = LINE ( 'NONE', #1175, #2722 ) ;
#7213 = VECTOR ( 'NONE', #9018, 1000.000000000000000 ) ;
#7214 = VECTOR ( 'NONE', #1858, 1000.000000000000000 ) ;
#7215 = EDGE_CURVE ( 'NONE', #8349, #9333, #2182, .T. ) ;
#7216 = EDGE_LOOP ( 'NONE', ( #6065, #5558, #6183, #2384, #9152, #8329, #4013 ) ) ;
#7217 = AXIS2_PLACEMENT_3D ( 'NONE', #9047, #6644, #2847 ) ;
#7218 = LINE ( 'NONE', #1178, #4012 ) ;
#7219 = DIRECTION ( 'NONE',  ( -0.000000000000000000, 0.000000000000000000, -1.000000000000000000 ) ) ;
#7220 = ORIENTED_EDGE ( 'NONE', *, *, #5760, .T. ) ;
#7221 = AXIS2_PLACEMENT_3D ( 'NONE', #9409, #7199, #6606 ) ;
#7222 = VECTOR ( 'NONE', #4660, 1000.000000000000000 ) ;
#7223 = CARTESIAN_POINT ( 'NONE',  ( 5.674999999999997158, 1.599999999999997202, 5.599999999999997868 ) ) ;
#7225 = CYLINDRICAL_SURFACE ( 'NONE', #610, 6.400000000000001243 ) ;
#7224 = FACE_OUTER_BOUND ( 'NONE', #7914, .T. ) ;
#7226 = EDGE_CURVE ( 'NONE', #5993, #8236, #8940, .T. ) ;
#7227 = EDGE_CURVE ( 'NONE', #8236, #7030, #7309, .T. ) ;
#7228 = CARTESIAN_POINT ( 'NONE',  ( 0.9000000000000000222, 0.5999999999999999778, -5.390000000000001457 ) ) ;
#7229 = EDGE_CURVE ( 'NONE', #1350, #3439, #4868, .T. ) ;
#7230 = VECTOR ( 'NONE', #66, 1000.000000000000114 ) ;
#7231 = AXIS2_PLACEMENT_3D ( 'NONE', #426, #6373, #5777 ) ;
#7232 = CARTESIAN_POINT ( 'NONE',  ( -5.674999999999997158, 1.599999999999999867, 5.299999999999998046 ) ) ;
#7233 = CARTESIAN_POINT ( 'NONE',  ( -0.8999999999999999112, 0.3119011763445350693, -6.657619764731096623 ) ) ;
#7234 = CARTESIAN_POINT ( 'NONE',  ( 4.445813570937528603, 0.000000000000000000, -4.603774722167421452 ) ) ;
#7236 = ORIENTED_EDGE ( 'NONE', *, *, #6229, .T. ) ;
#7235 = CYLINDRICAL_SURFACE ( 'NONE', #3291, 7.300000000000002487 ) ;
#7237 = ORIENTED_EDGE ( 'NONE', *, *, #4955, .F. ) ;
#7238 = LINE ( 'NONE', #5630, #479 ) ;
#7240 = DIRECTION ( 'NONE',  ( -1.239088197126291063E-16, 0.000000000000000000, -1.000000000000000000 ) ) ;
#7239 = DIRECTION ( 'NONE',  ( -0.2334453638558993960, 0.9723699203976782224, 7.217479547926805176E-17 ) ) ;
#7241 = CARTESIAN_POINT ( 'NONE',  ( -0.8999999999999999112, 0.3000000000000005440, -6.690000000000003944 ) ) ;
#7242 = VECTOR ( 'NONE', #749, 1000.000000000000000 ) ;
#7243 = VECTOR ( 'NONE', #7983, 1000.000000000000000 ) ;
#7244 = COLOUR_RGB ( '',1.000000000000000000, 0.8117647058823529438, 0.5019607843137254832 ) ;
#7246 = ORIENTED_EDGE ( 'NONE', *, *, #8037, .T. ) ;
#7245 = DIRECTION ( 'NONE',  ( -1.000000000000000000, 0.000000000000000000, -1.239088197126291063E-16 ) ) ;
#7247 = EDGE_CURVE ( 'NONE', #6900, #385, #8946, .T. ) ;
#7248 = CARTESIAN_POINT ( 'NONE',  ( 0.000000000000000000, 4.200000000000000178, 0.000000000000000000 ) ) ;
#7250 = ORIENTED_EDGE ( 'NONE', *, *, #5405, .T. ) ;
#7249 = DIRECTION ( 'NONE',  ( 0.9396926207859105373, 0.000000000000000000, 0.3420201433256628287 ) ) ;
#7251 = EDGE_CURVE ( 'NONE', #8349, #1070, #1937, .T. ) ;
#7252 = ADVANCED_FACE ( 'NONE', ( #7352 ), #7086, .T. ) ;
#7253 = DIRECTION ( 'NONE',  ( 0.000000000000000000, 1.000000000000000000, 0.000000000000000000 ) ) ;
#7254 = EDGE_LOOP ( 'NONE', ( #5502, #120, #3296, #3611 ) ) ;
#7255 = EDGE_CURVE ( 'NONE', #3661, #1455, #2278, .T. ) ;
#7256 = VECTOR ( 'NONE', #6166, 1000.000000000000000 ) ;
#7257 = AXIS2_PLACEMENT_3D ( 'NONE', #2339, #4664, #5364 ) ;
#7258 = VECTOR ( 'NONE', #1549, 1000.000000000000000 ) ;
#7259 = ORIENTED_EDGE ( 'NONE', *, *, #3516, .F. ) ;
#7261 = ORIENTED_EDGE ( 'NONE', *, *, #7551, .F. ) ;
#7260 = CARTESIAN_POINT ( 'NONE',  ( -0.6000000000000000888, 1.244188384379823598, 2.675794114407785251 ) ) ;
#7262 = VECTOR ( 'NONE', #9582, 1000.000000000000000 ) ;
#7263 = EDGE_CURVE ( 'NONE', #8588, #1455, #2035, .T. ) ;
#7264 = FACE_OUTER_BOUND ( 'NONE', #4891, .T. ) ;
#7265 = DIRECTION ( 'NONE',  ( 0.000000000000000000, 0.000000000000000000, -1.000000000000000000 ) ) ;
#7266 = ORIENTED_EDGE ( 'NONE', *, *, #2104, .F. ) ;
#7267 = DIRECTION ( 'NONE',  ( -1.000000000000000000, 0.000000000000000000, 0.000000000000000000 ) ) ;
#7268 = DIRECTION ( 'NONE',  ( 1.000000000000000000, 0.000000000000000000, 0.000000000000000000 ) ) ;
#7269 = AXIS2_PLACEMENT_3D ( 'NONE', #3524, #5795, #8054 ) ;
#7271 = ORIENTED_EDGE ( 'NONE', *, *, #3315, .T. ) ;
#7270 = DIRECTION ( 'NONE',  ( 0.000000000000000000, 0.000000000000000000, 1.000000000000000000 ) ) ;
#7272 = VERTEX_POINT ( 'NONE', #5145 ) ;
#7273 = CARTESIAN_POINT ( 'NONE',  ( -1.324999999999998401, 0.5999999999999999778, -4.599999999999999645 ) ) ;
#7274 = ORIENTED_EDGE ( 'NONE', *, *, #3728, .T. ) ;
#7275 = ORIENTED_EDGE ( 'NONE', *, *, #1981, .T. ) ;
#7276 = FACE_OUTER_BOUND ( 'NONE', #183, .T. ) ;
#7278 = FACE_OUTER_BOUND ( 'NONE', #6933, .T. ) ;
#7277 = DIRECTION ( 'NONE',  ( 0.000000000000000000, 1.000000000000000000, 0.000000000000000000 ) ) ;
#7279 = CARTESIAN_POINT ( 'NONE',  ( -5.322393957002300446, 1.599999999999999867, 5.618092213764226628 ) ) ;
#7280 = VECTOR ( 'NONE', #732, 1000.000000000000000 ) ;
#7281 = CARTESIAN_POINT ( 'NONE',  ( -5.674999999999997158, 1.349999999999999645, 5.599999999999997868 ) ) ;
#7282 = AXIS2_PLACEMENT_3D ( 'NONE', #2974, #9665, #5262 ) ;
#7283 = LINE ( 'NONE', #5626, #3285 ) ;
#7284 = LINE ( 'NONE', #7330, #7262 ) ;
#7286 = ORIENTED_EDGE ( 'NONE', *, *, #3183, .F. ) ;
#7285 = LINE ( 'NONE', #4229, #5666 ) ;
#7287 = CYLINDRICAL_SURFACE ( 'NONE', #8643, 0.5999999999999982014 ) ;
#7289 = VERTEX_POINT ( 'NONE', #4354 ) ;
#7288 =( NAMED_UNIT ( * ) PLANE_ANGLE_UNIT ( ) SI_UNIT ( $, .RADIAN. ) );
#7290 = CARTESIAN_POINT ( 'NONE',  ( 0.000000000000000000, 4.200000000000000178, 0.000000000000000000 ) ) ;
#7291 = VECTOR ( 'NONE', #437, 1000.000000000000000 ) ;
#7292 = ORIENTED_EDGE ( 'NONE', *, *, #945, .T. ) ;
#7293 = AXIS2_PLACEMENT_3D ( 'NONE', #9596, #2158, #7485 ) ;
#7295 = ORIENTED_EDGE ( 'NONE', *, *, #9650, .F. ) ;
#7294 = CARTESIAN_POINT ( 'NONE',  ( 6.466838485689899940, 4.200000000000000178, 4.899999999999997691 ) ) ;
#7296 = EDGE_CURVE ( 'NONE', #1712, #3537, #715, .T. ) ;
#7297 = CARTESIAN_POINT ( 'NONE',  ( 3.918869757271530460E-16, -0.5999999999999980904, 3.874999999999998224 ) ) ;
#7298 = APPLICATION_PROTOCOL_DEFINITION ( 'draft international standard', 'automotive_design', 1998, #1895 ) ;
#7300 = ORIENTED_EDGE ( 'NONE', *, *, #8012, .T. ) ;
#7299 = DIRECTION ( 'NONE',  ( 0.000000000000000000, 1.445602896647329056E-15, -1.000000000000000000 ) ) ;
#7301 = PLANE ( 'NONE',  #9593 ) ;
#7302 = CIRCLE ( 'NONE', #1953, 0.4749999999999979794 ) ;
#7303 = EDGE_LOOP ( 'NONE', ( #2912, #5301, #6115, #754 ) ) ;
#7304 = EDGE_CURVE ( 'NONE', #602, #1350, #1451, .T. ) ;
#7306 = ORIENTED_EDGE ( 'NONE', *, *, #4531, .T. ) ;
#7305 = DIRECTION ( 'NONE',  ( -3.614007241618338910E-15, 0.000000000000000000, 1.000000000000000000 ) ) ;
#7307 = AXIS2_PLACEMENT_3D ( 'NONE', #6967, #9073, #1649 ) ;
#7308 = CARTESIAN_POINT ( 'NONE',  ( -0.8999999999999999112, 8.131516293641283255E-16, -6.690000000000003944 ) ) ;
#7309 = LINE ( 'NONE', #1845, #472 ) ;
#7310 = ORIENTED_EDGE ( 'NONE', *, *, #5392, .T. ) ;
#7311 = EDGE_LOOP ( 'NONE', ( #3772, #9710, #5920, #1209 ) ) ;
#7312 = CARTESIAN_POINT ( 'NONE',  ( -5.674999999999997158, 3.200000000000000622, 5.299999999999998046 ) ) ;
#7313 = DIRECTION ( 'NONE',  ( 0.000000000000000000, 1.000000000000000000, 0.000000000000000000 ) ) ;
#7314 = VECTOR ( 'NONE', #5446, 1000.000000000000000 ) ;
#7315 = EDGE_CURVE ( 'NONE', #4852, #4202, #7499, .T. ) ;
#7316 = EDGE_CURVE ( 'NONE', #4356, #4005, #6139, .T. ) ;
#7317 = ADVANCED_FACE ( 'NONE', ( #763 ), #4401, .T. ) ;
#7318 = ORIENTED_EDGE ( 'NONE', *, *, #1107, .T. ) ;
#7320 = EDGE_LOOP ( 'NONE', ( #7295, #8476, #8758, #7310 ) ) ;
#7319 = DIRECTION ( 'NONE',  ( -0.3420201433256621626, 1.445602896647321562E-15, -0.9396926207859107594 ) ) ;
#7321 = DIRECTION ( 'NONE',  ( 0.000000000000000000, 0.000000000000000000, 1.000000000000000000 ) ) ;
#7322 = ORIENTED_EDGE ( 'NONE', *, *, #3674, .T. ) ;
#7323 = AXIS2_PLACEMENT_3D ( 'NONE', #9004, #4589, #6889 ) ;
#7324 = CYLINDRICAL_SURFACE ( 'NONE', #2049, 0.1999999999999996503 ) ;
#7326 = CARTESIAN_POINT ( 'NONE',  ( 2.887143597233360559, 3.178901511579296901, 5.599999999999997868 ) ) ;
#7325 = DIRECTION ( 'NONE',  ( 1.000000000000000000, 0.000000000000000000, 0.000000000000000000 ) ) ;
#7327 = CARTESIAN_POINT ( 'NONE',  ( 4.561809326823889594E-16, -0.6999999999999999556, 2.825000000000000178 ) ) ;
#7328 = CARTESIAN_POINT ( 'NONE',  ( -0.8749999999999995559, 1.147632372710735593, 2.468729079166619211 ) ) ;
#7329 = LINE ( 'NONE', #6915, #6895 ) ;
#7330 = CARTESIAN_POINT ( 'NONE',  ( 0.000000000000000000, 4.200000000000000178, 6.549999999999998934 ) ) ;
#7332 = VERTEX_POINT ( 'NONE', #3758 ) ;
#7331 = CARTESIAN_POINT ( 'NONE',  ( -1.050000000000000044, 0.5999999999999999778, 0.000000000000000000 ) ) ;
#7333 = ORIENTED_EDGE ( 'NONE', *, *, #2178, .F. ) ;
#7334 = DIRECTION ( 'NONE',  ( 0.9832549075639538394, 0.000000000000000000, -0.1822355254921518009 ) ) ;
#7335 = EDGE_LOOP ( 'NONE', ( #3262, #2150, #604, #4059 ) ) ;
#7336 = FACE_OUTER_BOUND ( 'NONE', #7201, .T. ) ;
#7337 = LINE ( 'NONE', #2854, #3071 ) ;
#7339 = VERTEX_POINT ( 'NONE', #6717 ) ;
#7338 = CARTESIAN_POINT ( 'NONE',  ( 4.056374298827128300, 0.000000000000000000, 5.906093829678734863 ) ) ;
#7340 = DIRECTION ( 'NONE',  ( -0.000000000000000000, 1.000000000000000000, -0.000000000000000000 ) ) ;
#7342 = ORIENTED_EDGE ( 'NONE', *, *, #2699, .T. ) ;
#7341 = CARTESIAN_POINT ( 'NONE',  ( -2.274999999999999467, 0.5999999999999999778, 0.3000000000000003775 ) ) ;
#7343 = CARTESIAN_POINT ( 'NONE',  ( -3.643934344765681121, 0.000000000000000000, -6.440632149955242802 ) ) ;
#7344 = ORIENTED_EDGE ( 'NONE', *, *, #6842, .F. ) ;
#7345 = EDGE_CURVE ( 'NONE', #5407, #6377, #8915, .T. ) ;
#7346 = EDGE_CURVE ( 'NONE', #7871, #114, #6616, .T. ) ;
#7347 = EDGE_CURVE ( 'NONE', #8583, #3170, #9610, .T. ) ;
#7348 = ORIENTED_EDGE ( 'NONE', *, *, #6579, .F. ) ;
#7350 = VERTEX_POINT ( 'NONE', #8286 ) ;
#7349 = CARTESIAN_POINT ( 'NONE',  ( 4.549999999999999822, 0.5999999999999999778, 5.849999999999999645 ) ) ;
#7351 = FACE_OUTER_BOUND ( 'NONE', #7838, .T. ) ;
#7352 = FACE_OUTER_BOUND ( 'NONE', #8565, .T. ) ;
#7353 = ORIENTED_EDGE ( 'NONE', *, *, #2577, .T. ) ;
#7354 = EDGE_LOOP ( 'NONE', ( #2592, #8148, #8078, #9437 ) ) ;
#7355 = DIRECTION ( 'NONE',  ( 0.000000000000000000, 0.000000000000000000, 1.000000000000000000 ) ) ;
#7356 = CIRCLE ( 'NONE', #769, 7.399999999999999467 ) ;
#7357 = DIRECTION ( 'NONE',  ( 0.9723699203976782224, 0.2334453638558989796, -0.000000000000000000 ) ) ;
#7358 = AXIS2_PLACEMENT_3D ( 'NONE', #2943, #3092, #796 ) ;
#7360 = ORIENTED_EDGE ( 'NONE', *, *, #9673, .T. ) ;
#7359 = CARTESIAN_POINT ( 'NONE',  ( 3.813246603095878928, 0.000000000000000000, -4.236643759389941977 ) ) ;
#7361 = ORIENTED_EDGE ( 'NONE', *, *, #8672, .F. ) ;
#7362 = CARTESIAN_POINT ( 'NONE',  ( -7.100000000000004086, 4.200000000000000178, 7.245021576138441509E-15 ) ) ;
#7363 = VERTEX_POINT ( 'NONE', #1546 ) ;
#7364 = FACE_OUTER_BOUND ( 'NONE', #4849, .T. ) ;
#7366 = CARTESIAN_POINT ( 'NONE',  ( -3.549999999999998490, 0.2999999999999999889, 1.225000000000000311 ) ) ;
#7365 = DIRECTION ( 'NONE',  ( 0.000000000000000000, 0.000000000000000000, 1.000000000000000000 ) ) ;
#7367 = ADVANCED_FACE ( 'NONE', ( #1395 ), #5835, .T. ) ;
#7368 = EDGE_CURVE ( 'NONE', #8393, #7521, #5981, .T. ) ;
#7369 = VECTOR ( 'NONE', #6969, 1000.000000000000000 ) ;
#7370 = VECTOR ( 'NONE', #8934, 1000.000000000000000 ) ;
#7371 = DIRECTION ( 'NONE',  ( 1.755336071207033073E-16, 0.7619764731093040533, -0.6476047053781389673 ) ) ;
#7372 = EDGE_CURVE ( 'NONE', #9155, #6057, #2915, .T. ) ;
#7373 = CIRCLE ( 'NONE', #4710, 7.300000000000002487 ) ;
#7374 = CARTESIAN_POINT ( 'NONE',  ( 1.899999999999998579, 0.5999999999999999778, 1.225000000000000311 ) ) ;
#7375 = AXIS2_PLACEMENT_3D ( 'NONE', #4550, #5250, #8237 ) ;
#7376 = VECTOR ( 'NONE', #9136, 1000.000000000000000 ) ;
#7377 = LINE ( 'NONE', #5310, #562 ) ;
#7378 = PLANE ( 'NONE',  #7426 ) ;
#7380 = ORIENTED_EDGE ( 'NONE', *, *, #1357, .T. ) ;
#7379 = DIRECTION ( 'NONE',  ( -1.000000000000000000, 0.000000000000000000, 0.000000000000000000 ) ) ;
#7381 = ORIENTED_EDGE ( 'NONE', *, *, #2284, .T. ) ;
#7382 = DIRECTION ( 'NONE',  ( 0.000000000000000000, -1.000000000000000000, 0.000000000000000000 ) ) ;
#7384 = CARTESIAN_POINT ( 'NONE',  ( 5.674999999999997158, 1.599999999999997202, 5.599999999999997868 ) ) ;
#7383 = PLANE ( 'NONE',  #9443 ) ;
#7385 = LINE ( 'NONE', #9195, #5954 ) ;
#7386 = CIRCLE ( 'NONE', #626, 0.8000000000000001554 ) ;
#7387 = VECTOR ( 'NONE', #6499, 1000.000000000000114 ) ;
#7388 = DIRECTION ( 'NONE',  ( -1.636531581110195409E-16, 0.000000000000000000, 1.000000000000000000 ) ) ;
#7389 = EDGE_CURVE ( 'NONE', #852, #654, #2816, .T. ) ;
#7390 = CARTESIAN_POINT ( 'NONE',  ( 0.6000000000000000888, 1.244188384379823598, 2.675794114407785251 ) ) ;
#7392 = VERTEX_POINT ( 'NONE', #1352 ) ;
#7391 = DIRECTION ( 'NONE',  ( 0.000000000000000000, 0.2588190451025147998, 0.9659258262890698665 ) ) ;
#7393 = CIRCLE ( 'NONE', #167, 7.300000000000002487 ) ;
#7394 = VECTOR ( 'NONE', #6905, 1000.000000000000000 ) ;
#7395 = LINE ( 'NONE', #5921, #6294 ) ;
#7396 = APPLICATION_PROTOCOL_DEFINITION ( 'draft international standard', 'automotive_design', 1998, #4806 ) ;
#7398 = VERTEX_POINT ( 'NONE', #5934 ) ;
#7397 = DIRECTION ( 'NONE',  ( 0.000000000000000000, -1.000000000000000000, -0.000000000000000000 ) ) ;
#7399 = FACE_OUTER_BOUND ( 'NONE', #7254, .T. ) ;
#7400 = VERTEX_POINT ( 'NONE', #5196 ) ;
#7401 = CIRCLE ( 'NONE', #7727, 0.3000000000000042633 ) ;
#7402 = AXIS2_PLACEMENT_3D ( 'NONE', #3398, #8666, #8571 ) ;
#7403 = ADVANCED_FACE ( 'NONE', ( #1019 ), #868, .T. ) ;
#7404 = VERTEX_POINT ( 'NONE', #9118 ) ;
#7406 = ORIENTED_EDGE ( 'NONE', *, *, #7102, .T. ) ;
#7405 = CARTESIAN_POINT ( 'NONE',  ( 7.876886415912344401E-16, 2.485125168440810661, -3.631294375762170769E-16 ) ) ;
#7407 = DIRECTION ( 'NONE',  ( -1.020425574104005182E-15, 0.000000000000000000, 1.000000000000000000 ) ) ;
#7408 = CARTESIAN_POINT ( 'NONE',  ( -0.9000000000000001332, 0.2499999999999999445, -6.190000000000003055 ) ) ;
#7409 = VECTOR ( 'NONE', #5241, 1000.000000000000114 ) ;
#7410 = ORIENTED_EDGE ( 'NONE', *, *, #2074, .F. ) ;
#7411 = VECTOR ( 'NONE', #896, 1000.000000000000000 ) ;
#7412 = LINE ( 'NONE', #5888, #8437 ) ;
#7413 = DIRECTION ( 'NONE',  ( 0.2516678542837351151, 0.06042010615679308666, -0.9659258262890700886 ) ) ;
#7414 = CIRCLE ( 'NONE', #3789, 0.2999999999999999334 ) ;
#7415 = VERTEX_POINT ( 'NONE', #3260 ) ;
#7417 = VERTEX_POINT ( 'NONE', #228 ) ;
#7416 = DIRECTION ( 'NONE',  ( 0.000000000000000000, 1.000000000000000000, 0.000000000000000000 ) ) ;
#7418 = ORIENTED_EDGE ( 'NONE', *, *, #767, .T. ) ;
#7419 = CARTESIAN_POINT ( 'NONE',  ( -0.9749999999999999778, 0.5999999999999999778, -4.500000000000000000 ) ) ;
#7420 = VERTEX_POINT ( 'NONE', #3166 ) ;
#7421 = ORIENTED_EDGE ( 'NONE', *, *, #4612, .F. ) ;
#7422 = PLANE ( 'NONE',  #8346 ) ;
#7424 = CARTESIAN_POINT ( 'NONE',  ( 4.469960816887843360E-16, -0.5999999999999995337, -4.650000000000001243 ) ) ;
#7423 = LINE ( 'NONE', #3622, #9138 ) ;
#7425 = LINE ( 'NONE', #685, #4949 ) ;
#7426 = AXIS2_PLACEMENT_3D ( 'NONE', #2887, #53, #3729 ) ;
#7427 = EDGE_CURVE ( 'NONE', #5646, #5712, #5823, .T. ) ;
#7428 = LINE ( 'NONE', #7374, #9495 ) ;
#7429 = ADVANCED_FACE ( 'NONE', ( #6224 ), #9213, .T. ) ;
#7430 = DIRECTION ( 'NONE',  ( -0.7193398003386594075, 0.000000000000000000, 0.6946583704589887054 ) ) ;
#7432 = ORIENTED_EDGE ( 'NONE', *, *, #50, .T. ) ;
#7431 = FACE_OUTER_BOUND ( 'NONE', #1805, .T. ) ;
#7433 = ORIENTED_EDGE ( 'NONE', *, *, #5012, .T. ) ;
#7434 = CARTESIAN_POINT ( 'NONE',  ( 1.899999999999998801, 0.5999999999999999778, -1.224999999999999423 ) ) ;
#7436 = CARTESIAN_POINT ( 'NONE',  ( -4.549999999999998934, 4.200000000000000178, 5.849999999999997868 ) ) ;
#7435 = LINE ( 'NONE', #8218, #9435 ) ;
#7437 = DIRECTION ( 'NONE',  ( 1.000000000000000000, 0.000000000000000000, -0.000000000000000000 ) ) ;
#7438 = CIRCLE ( 'NONE', #7282, 5.900000000000000355 ) ;
#7439 = EDGE_CURVE ( 'NONE', #2169, #5096, #2193, .T. ) ;
#7440 = ADVANCED_FACE ( 'NONE', ( #281 ), #4651, .T. ) ;
#7441 = EDGE_CURVE ( 'NONE', #2456, #2914, #3303, .T. ) ;
#7442 = LINE ( 'NONE', #9594, #186 ) ;
#7443 = DIRECTION ( 'NONE',  ( 0.000000000000000000, 1.000000000000000000, -0.000000000000000000 ) ) ;
#7445 = ORIENTED_EDGE ( 'NONE', *, *, #9701, .F. ) ;
#7444 = DIRECTION ( 'NONE',  ( 0.1261989691358254839, 0.000000000000000000, -0.9920049496797155308 ) ) ;
#7446 = CIRCLE ( 'NONE', #6345, 0.4000000000000001887 ) ;
#7447 = DIRECTION ( 'NONE',  ( -0.000000000000000000, -0.000000000000000000, 1.000000000000000000 ) ) ;
#7449 = ORIENTED_EDGE ( 'NONE', *, *, #5284, .T. ) ;
#7448 = DIRECTION ( 'NONE',  ( 1.000000000000000000, 0.000000000000000000, 0.000000000000000000 ) ) ;
#7450 = CARTESIAN_POINT ( 'NONE',  ( 0.000000000000000000, 0.000000000000000000, 0.000000000000000000 ) ) ;
#7451 = ORIENTED_EDGE ( 'NONE', *, *, #3277, .T. ) ;
#7452 = VECTOR ( 'NONE', #1941, 1000.000000000000114 ) ;
#7454 = VERTEX_POINT ( 'NONE', #2424 ) ;
#7453 = CARTESIAN_POINT ( 'NONE',  ( -5.424999999999998046, 3.200000000000000622, 5.599999999999997868 ) ) ;
#7455 = DIRECTION ( 'NONE',  ( -0.000000000000000000, -1.000000000000000000, -0.000000000000000000 ) ) ;
#7456 = DIRECTION ( 'NONE',  ( 0.000000000000000000, 1.445602896647318801E-15, -1.000000000000000000 ) ) ;
#7457 = VECTOR ( 'NONE', #6169, 1000.000000000000000 ) ;
#7458 = VERTEX_POINT ( 'NONE', #6859 ) ;
#7459 = CARTESIAN_POINT ( 'NONE',  ( -6.744320587332403250, 0.000000000000000000, 2.793589056265139092 ) ) ;
#7460 = DIRECTION ( 'NONE',  ( -0.000000000000000000, 0.000000000000000000, -1.000000000000000000 ) ) ;
#7461 = ORIENTED_EDGE ( 'NONE', *, *, #8049, .F. ) ;
#7463 = VERTEX_POINT ( 'NONE', #2522 ) ;
#7462 = LINE ( 'NONE', #9563, #9655 ) ;
#7464 = ORIENTED_EDGE ( 'NONE', *, *, #3205, .F. ) ;
#7465 = DIRECTION ( 'NONE',  ( 0.4027466898587339639, 0.000000000000000000, -0.9153114791194485456 ) ) ;
#7466 = ORIENTED_EDGE ( 'NONE', *, *, #3131, .T. ) ;
#7467 = ORIENTED_EDGE ( 'NONE', *, *, #5393, .T. ) ;
#7468 = DIRECTION ( 'NONE',  ( -0.9396926207859105373, 6.005812552471627036E-16, 0.3420201433256628287 ) ) ;
#7470 = CARTESIAN_POINT ( 'NONE',  ( 0.000000000000000000, 4.200000000000000178, 0.000000000000000000 ) ) ;
#7469 = CARTESIAN_POINT ( 'NONE',  ( 4.590942030465838819, 1.599999999999997646, 5.565065611077388397 ) ) ;
#7471 = CARTESIAN_POINT ( 'NONE',  ( -2.840461957126082737, 3.373344536385590509, 5.599999999999997868 ) ) ;
#7472 = VECTOR ( 'NONE', #5099, 1000.000000000000000 ) ;
#7473 = EDGE_LOOP ( 'NONE', ( #5588, #900, #8572, #2574, #5445, #7723, #6165, #2614, #6532, #9170, #2466, #6370, #5381, #726, #6380, #1458, #1560, #4617, #3552, #2814, #2092, #5564, #427, #8033, #9132, #9017 ) ) ;
#7474 = EDGE_CURVE ( 'NONE', #4499, #7398, #5547, .T. ) ;
#7475 = DIRECTION ( 'NONE',  ( 0.2249510543438676125, -0.000000000000000000, 0.9743700647852346908 ) ) ;
#7476 = AXIS2_PLACEMENT_3D ( 'NONE', #5919, #3643, #4437 ) ;
#7477 = CYLINDRICAL_SURFACE ( 'NONE', #8359, 0.4000000000000001887 ) ;
#7479 = EDGE_LOOP ( 'NONE', ( #9428, #4406, #4261, #1373 ) ) ;
#7478 = DIRECTION ( 'NONE',  ( 0.000000000000000000, 1.000000000000000000, 0.000000000000000000 ) ) ;
#7480 = CARTESIAN_POINT ( 'NONE',  ( 6.174999999999999822, 4.200000000000000178, 5.849999999999998757 ) ) ;
#7481 = DIRECTION ( 'NONE',  ( 0.000000000000000000, 1.000000000000000000, -0.000000000000000000 ) ) ;
#7482 = LINE ( 'NONE', #3838, #1092 ) ;
#7483 = EDGE_CURVE ( 'NONE', #8736, #1163, #122, .T. ) ;
#7484 = FACE_OUTER_BOUND ( 'NONE', #1084, .T. ) ;
#7485 = DIRECTION ( 'NONE',  ( 0.000000000000000000, 0.000000000000000000, 1.000000000000000000 ) ) ;
#7487 = ORIENTED_EDGE ( 'NONE', *, *, #7839, .F. ) ;
#7486 = FACE_OUTER_BOUND ( 'NONE', #8540, .T. ) ;
#7488 = LINE ( 'NONE', #748, #1730 ) ;
#7490 = EDGE_LOOP ( 'NONE', ( #3703, #9664, #706, #3417, #6366, #1738, #3811, #2471, #8797, #6263, #9607, #5527 ) ) ;
#7489 = CARTESIAN_POINT ( 'NONE',  ( 1.999999999999999112, 4.200000000000000178, 4.299999999999999822 ) ) ;
#7491 = DIRECTION ( 'NONE',  ( 1.000000000000000000, 0.000000000000000000, 0.000000000000000000 ) ) ;
#7492 = EDGE_CURVE ( 'NONE', #3745, #4860, #1887, .T. ) ;
#7493 = ORIENTED_EDGE ( 'NONE', *, *, #2702, .T. ) ;
#7494 = ADVANCED_FACE ( 'NONE', ( #5450 ), #1642, .F. ) ;
#7495 = EDGE_CURVE ( 'NONE', #870, #5484, #8334, .T. ) ;
#7497 = VERTEX_POINT ( 'NONE', #1600 ) ;
#7496 = CARTESIAN_POINT ( 'NONE',  ( -7.100000000000004086, 0.000000000000000000, 7.245021576138441509E-15 ) ) ;
#7498 = CARTESIAN_POINT ( 'NONE',  ( -5.433986569824091895, 0.000000000000000000, -5.023125516943745872 ) ) ;
#7499 = LINE ( 'NONE', #3809, #6605 ) ;
#7500 = VERTEX_POINT ( 'NONE', #4056 ) ;
#7501 = ORIENTED_EDGE ( 'NONE', *, *, #1840, .T. ) ;
#7502 = CARTESIAN_POINT ( 'NONE',  ( 0.000000000000000000, 4.200000000000000178, 0.000000000000000000 ) ) ;
#7503 = DIRECTION ( 'NONE',  ( 0.000000000000000000, 1.000000000000000000, -0.000000000000000000 ) ) ;
#7505 = ORIENTED_EDGE ( 'NONE', *, *, #2675, .F. ) ;
#7504 = LINE ( 'NONE', #4562, #2591 ) ;
#7506 = EDGE_CURVE ( 'NONE', #6737, #529, #914, .T. ) ;
#7507 = ORIENTED_EDGE ( 'NONE', *, *, #8537, .T. ) ;
#7508 = CARTESIAN_POINT ( 'NONE',  ( -1.999999999999999112, 4.200000000000000178, 1.325000000000000178 ) ) ;
#7509 = VECTOR ( 'NONE', #5253, 1000.000000000000000 ) ;
#7510 = VERTEX_POINT ( 'NONE', #3109 ) ;
#7511 = ORIENTED_EDGE ( 'NONE', *, *, #5856, .F. ) ;
#7512 = VERTEX_POINT ( 'NONE', #6174 ) ;
#7513 = CARTESIAN_POINT ( 'NONE',  ( 5.322393957002299558, 3.199999999999998845, 5.618092213764226628 ) ) ;
#7515 = DIRECTION ( 'NONE',  ( 2.710505431213760099E-16, 0.000000000000000000, -1.000000000000000000 ) ) ;
#7514 = FACE_OUTER_BOUND ( 'NONE', #750, .T. ) ;
#7516 = DIRECTION ( 'NONE',  ( 1.000000000000000000, -0.000000000000000000, -0.000000000000000000 ) ) ;
#7517 = ADVANCED_FACE ( 'NONE', ( #76 ), #9067, .F. ) ;
#7518 = DIRECTION ( 'NONE',  ( 1.000000000000000000, -5.782411586589365527E-16, -0.000000000000000000 ) ) ;
#7519 = EDGE_CURVE ( 'NONE', #5925, #5186, #5683, .T. ) ;
#7520 = LINE ( 'NONE', #3781, #5550 ) ;
#7521 = VERTEX_POINT ( 'NONE', #7751 ) ;
#7522 = AXIS2_PLACEMENT_3D ( 'NONE', #4994, #8669, #2011 ) ;
#7523 = ADVANCED_FACE ( 'NONE', ( #3499 ), #9411, .T. ) ;
#7524 = CARTESIAN_POINT ( 'NONE',  ( 0.8749999999999995559, 1.100000000000000311, -0.7999999999999988232 ) ) ;
#7526 = DIRECTION ( 'NONE',  ( 0.000000000000000000, 1.000000000000000000, -0.000000000000000000 ) ) ;
#7525 = DIRECTION ( 'NONE',  ( 0.000000000000000000, 0.9659258262890699775, -0.2588190451025145777 ) ) ;
#7527 = DIRECTION ( 'NONE',  ( -0.000000000000000000, -1.000000000000000000, 0.000000000000000000 ) ) ;
#7528 = CIRCLE ( 'NONE', #5172, 0.4500000000000007327 ) ;
#7529 = CIRCLE ( 'NONE', #1246, 7.399999999999998579 ) ;
#7530 = CARTESIAN_POINT ( 'NONE',  ( 0.000000000000000000, 2.485125168440810661, 0.000000000000000000 ) ) ;
#7531 = VECTOR ( 'NONE', #5170, 1000.000000000000000 ) ;
#7532 = CARTESIAN_POINT ( 'NONE',  ( -6.174999999999998046, 3.449999999999998401, 5.299999999999998046 ) ) ;
#7534 = ORIENTED_EDGE ( 'NONE', *, *, #1030, .F. ) ;
#7533 = DIRECTION ( 'NONE',  ( -1.000000000000000000, 0.000000000000000000, 0.000000000000000000 ) ) ;
#7535 = FACE_OUTER_BOUND ( 'NONE', #6227, .T. ) ;
#7537 = ORIENTED_EDGE ( 'NONE', *, *, #3666, .F. ) ;
#7536 = LINE ( 'NONE', #7000, #10 ) ;
#7538 = VECTOR ( 'NONE', #6371, 1000.000000000000000 ) ;
#7539 = CARTESIAN_POINT ( 'NONE',  ( -3.643934344765681121, 4.200000000000000178, -6.440632149955242802 ) ) ;
#7540 = VERTEX_POINT ( 'NONE', #9462 ) ;
#7541 = AXIS2_PLACEMENT_3D ( 'NONE', #6069, #655, #8177 ) ;
#7542 = EDGE_CURVE ( 'NONE', #2570, #3243, #463, .T. ) ;
#7544 = DIRECTION ( 'NONE',  ( -0.000000000000000000, 1.000000000000000000, -0.000000000000000000 ) ) ;
#7543 = AXIS2_PLACEMENT_3D ( 'NONE', #2866, #8189, #5251 ) ;
#7545 = EDGE_CURVE ( 'NONE', #5384, #1163, #2673, .T. ) ;
#7546 = EDGE_CURVE ( 'NONE', #1743, #1216, #9321, .T. ) ;
#7547 = ORIENTED_EDGE ( 'NONE', *, *, #7372, .F. ) ;
#7549 = VERTEX_POINT ( 'NONE', #8625 ) ;
#7548 = DIRECTION ( 'NONE',  ( -0.000000000000000000, -1.000000000000000000, -0.000000000000000000 ) ) ;
#7551 = EDGE_CURVE ( 'NONE', #5646, #5100, #1883, .T. ) ;
#7550 = DIRECTION ( 'NONE',  ( -0.000000000000000000, -1.000000000000000000, -0.000000000000000000 ) ) ;
#7552 = DIRECTION ( 'NONE',  ( -0.000000000000000000, 1.000000000000000000, 1.240100524084728157E-16 ) ) ;
#7553 = EDGE_LOOP ( 'NONE', ( #7381, #8306, #7641, #4713 ) ) ;
#7554 = ORIENTED_EDGE ( 'NONE', *, *, #4309, .F. ) ;
#7555 = CARTESIAN_POINT ( 'NONE',  ( 6.699999999999999289, 4.200000000000000178, 4.899999999999997691 ) ) ;
#7556 = CIRCLE ( 'NONE', #9281, 0.2999999999999999334 ) ;
#7557 = DIRECTION ( 'NONE',  ( 0.000000000000000000, 0.000000000000000000, 1.000000000000000000 ) ) ;
#7558 = VECTOR ( 'NONE', #3352, 1000.000000000000000 ) ;
#7559 = ORIENTED_EDGE ( 'NONE', *, *, #7545, .T. ) ;
#7560 = ADVANCED_FACE ( 'NONE', ( #2669 ), #7200, .T. ) ;
#7562 = ORIENTED_EDGE ( 'NONE', *, *, #288, .F. ) ;
#7561 = CARTESIAN_POINT ( 'NONE',  ( -6.744320587332403250, 4.200000000000000178, 2.793589056265139092 ) ) ;
#7563 = VECTOR ( 'NONE', #2980, 1000.000000000000000 ) ;
#7564 = VECTOR ( 'NONE', #3188, 1000.000000000000000 ) ;
#7565 = EDGE_LOOP ( 'NONE', ( #2363, #9220, #9506, #222 ) ) ;
#7566 = FACE_OUTER_BOUND ( 'NONE', #9277, .T. ) ;
#7567 = ORIENTED_EDGE ( 'NONE', *, *, #468, .T. ) ;
#7568 = EDGE_LOOP ( 'NONE', ( #6608, #2761, #4206, #6358 ) ) ;
#7569 = CYLINDRICAL_SURFACE ( 'NONE', #5684, 0.8000000000000000444 ) ;
#7571 = CARTESIAN_POINT ( 'NONE',  ( 2.321277911634231916, 2.323158544408997717, 5.599999999999997868 ) ) ;
#7570 = LINE ( 'NONE', #3179, #8355 ) ;
#7572 = PLANE ( 'NONE',  #9325 ) ;
#7573 = VECTOR ( 'NONE', #9717, 1000.000000000000000 ) ;
#7574 = CIRCLE ( 'NONE', #5842, 0.3750000000000000000 ) ;
#7575 = LINE ( 'NONE', #634, #5108 ) ;
#7576 = CARTESIAN_POINT ( 'NONE',  ( -1.999999999999999112, 4.200000000000000178, -4.957007724752754640 ) ) ;
#7577 = VERTEX_POINT ( 'NONE', #9505 ) ;
#7578 = VECTOR ( 'NONE', #1619, 1000.000000000000000 ) ;
#7579 = LINE ( 'NONE', #8167, #4404 ) ;
#7581 = LINE ( 'NONE', #3785, #8779 ) ;
#7580 = LINE ( 'NONE', #5324, #970 ) ;
#7582 = CARTESIAN_POINT ( 'NONE',  ( -6.174999999999998046, 1.349999999999999645, 5.299999999999998046 ) ) ;
#7583 = AXIS2_PLACEMENT_3D ( 'NONE', #5662, #8783, #6535 ) ;
#7584 = ORIENTED_EDGE ( 'NONE', *, *, #6831, .T. ) ;
#7585 = FACE_OUTER_BOUND ( 'NONE', #5242, .T. ) ;
#7587 = ORIENTED_EDGE ( 'NONE', *, *, #6496, .T. ) ;
#7586 = CARTESIAN_POINT ( 'NONE',  ( -1.327362237798777045, 2.804431138369956500, 5.487555226753929816 ) ) ;
#7588 = FACE_OUTER_BOUND ( 'NONE', #8712, .T. ) ;
#7590 = ORIENTED_EDGE ( 'NONE', *, *, #1474, .T. ) ;
#7589 = LINE ( 'NONE', #3101, #1127 ) ;
#7591 = EDGE_CURVE ( 'NONE', #5227, #4599, #2019, .T. ) ;
#7592 = CYLINDRICAL_SURFACE ( 'NONE', #6005, 7.300000000000002487 ) ;
#7593 = EDGE_CURVE ( 'NONE', #6276, #3718, #6467, .T. ) ;
#7594 = CIRCLE ( 'NONE', #5088, 0.1000000000000002554 ) ;
#7595 = LINE ( 'NONE', #4545, #537 ) ;
#7596 = ORIENTED_EDGE ( 'NONE', *, *, #751, .F. ) ;
#7598 = ORIENTED_EDGE ( 'NONE', *, *, #7757, .T. ) ;
#7597 = CARTESIAN_POINT ( 'NONE',  ( -7.241636132661928293, 0.000000000000000000, -0.9212524746915267126 ) ) ;
#7599 = AXIS2_PLACEMENT_3D ( 'NONE', #7160, #9320, #7898 ) ;
#7600 = DIRECTION ( 'NONE',  ( 0.000000000000000000, 0.000000000000000000, 1.000000000000000000 ) ) ;
#7601 = CARTESIAN_POINT ( 'NONE',  ( 0.9000000000000000222, 0.3000000000000000444, 5.899999999999997691 ) ) ;
#7602 = VERTEX_POINT ( 'NONE', #1244 ) ;
#7603 = ORIENTED_EDGE ( 'NONE', *, *, #9129, .F. ) ;
#7604 = LINE ( 'NONE', #3019, #4751 ) ;
#7605 = LINE ( 'NONE', #3814, #6354 ) ;
#7606 = AXIS2_PLACEMENT_3D ( 'NONE', #3330, #6434, #1310 ) ;
#7607 = EDGE_CURVE ( 'NONE', #3325, #1893, #5976, .T. ) ;
#7609 = ORIENTED_EDGE ( 'NONE', *, *, #2579, .T. ) ;
#7608 = FACE_OUTER_BOUND ( 'NONE', #7202, .T. ) ;
#7610 = CIRCLE ( 'NONE', #7769, 1.499999999999999556 ) ;
#7611 = LINE ( 'NONE', #878, #5656 ) ;
#7612 = ORIENTED_EDGE ( 'NONE', *, *, #2713, .F. ) ;
#7613 = EDGE_LOOP ( 'NONE', ( #9412, #4995, #1164, #1404 ) ) ;
#7614 = CARTESIAN_POINT ( 'NONE',  ( 0.9000000000000017986, 0.3000000000000005440, -6.690000000000003055 ) ) ;
#7616 = CYLINDRICAL_SURFACE ( 'NONE', #9098, 0.3999999999999993006 ) ;
#7615 = CARTESIAN_POINT ( 'NONE',  ( 2.274999999999999467, 0.2999999999999999889, -0.2999999999999996558 ) ) ;
#7617 = LINE ( 'NONE', #9287, #391 ) ;
#7618 = ADVANCED_FACE ( 'NONE', ( #4250 ), #8720, .T. ) ;
#7619 = AXIS2_PLACEMENT_3D ( 'NONE', #4670, #1764, #890 ) ;
#7620 = ADVANCED_FACE ( 'NONE', ( #7981 ), #2764, .T. ) ;
#7621 = DIRECTION ( 'NONE',  ( -0.000000000000000000, 1.000000000000000000, 1.240100524084728157E-16 ) ) ;
#7622 = DIRECTION ( 'NONE',  ( 0.3420201433256630508, -3.708189824274871803E-16, 0.9396926207859104263 ) ) ;
#7623 = EDGE_LOOP ( 'NONE', ( #5551, #5599, #912, #7752 ) ) ;
#7624 = CIRCLE ( 'NONE', #3381, 7.300000000000002487 ) ;
#7625 = CARTESIAN_POINT ( 'NONE',  ( 7.340836627629894195, 4.200000000000000178, -0.9338723716051098300 ) ) ;
#7627 = CARTESIAN_POINT ( 'NONE',  ( -6.174999999999998046, 0.5999999999999998668, 5.299999999999998046 ) ) ;
#7626 = DIRECTION ( 'NONE',  ( 0.000000000000000000, 1.000000000000000000, -0.000000000000000000 ) ) ;
#7628 = CARTESIAN_POINT ( 'NONE',  ( 5.424999999999997158, 1.599999999999997202, 5.599999999999996980 ) ) ;
#7629 = CIRCLE ( 'NONE', #4824, 0.2999999999999999334 ) ;
#7630 = VECTOR ( 'NONE', #3691, 1000.000000000000000 ) ;
#7631 = EDGE_LOOP ( 'NONE', ( #3807, #5878, #6725, #5027 ) ) ;
#7632 = DIRECTION ( 'NONE',  ( 0.000000000000000000, 0.000000000000000000, 1.000000000000000000 ) ) ;
#7633 = CARTESIAN_POINT ( 'NONE',  ( -1.999999999999999112, 0.5999999999999999778, 0.000000000000000000 ) ) ;
#7635 = ORIENTED_EDGE ( 'NONE', *, *, #4040, .T. ) ;
#7634 = DIRECTION ( 'NONE',  ( 0.4186597375374103702, 0.000000000000000000, 0.9081431738250895780 ) ) ;
#7636 = DIRECTION ( 'NONE',  ( -0.000000000000000000, 1.000000000000000000, -0.000000000000000000 ) ) ;
#7638 = EDGE_LOOP ( 'NONE', ( #8289, #1210, #6002, #3819 ) ) ;
#7637 = FACE_OUTER_BOUND ( 'NONE', #1697, .T. ) ;
#7639 = CARTESIAN_POINT ( 'NONE',  ( 3.050555351932489945, 2.498242567300921646, 5.599999999999997868 ) ) ;
#7640 = AXIS2_PLACEMENT_3D ( 'NONE', #6746, #110, #1581 ) ;
#7641 = ORIENTED_EDGE ( 'NONE', *, *, #2200, .F. ) ;
#7642 = CARTESIAN_POINT ( 'NONE',  ( -2.157866156935100310, 3.003817488687383630, 2.299999999999997602 ) ) ;
#7643 = ORIENTED_EDGE ( 'NONE', *, *, #3341, .T. ) ;
#7645 = ORIENTED_EDGE ( 'NONE', *, *, #8454, .F. ) ;
#7644 = CARTESIAN_POINT ( 'NONE',  ( -6.706677624071221366, 4.200000000000000178, -3.127375136881147100 ) ) ;
#7646 = DIRECTION ( 'NONE',  ( 1.000000000000000000, 0.000000000000000000, 0.000000000000000000 ) ) ;
#7647 = EDGE_CURVE ( 'NONE', #4178, #6877, #1116, .T. ) ;
#7648 = DIRECTION ( 'NONE',  ( 0.000000000000000000, 1.000000000000000000, -0.000000000000000000 ) ) ;
#7649 = EDGE_CURVE ( 'NONE', #5039, #6618, #5598, .T. ) ;
#7650 = ORIENTED_EDGE ( 'NONE', *, *, #7081, .T. ) ;
#7651 = EDGE_CURVE ( 'NONE', #8423, #9519, #1295, .T. ) ;
#7652 = CARTESIAN_POINT ( 'NONE',  ( -0.9000000000000001332, 0.2499999999999999445, -6.190000000000003055 ) ) ;
#7653 = EDGE_LOOP ( 'NONE', ( #8128, #2780, #2066, #6089 ) ) ;
#7654 = ORIENTED_EDGE ( 'NONE', *, *, #8995, .F. ) ;
#7656 = ORIENTED_EDGE ( 'NONE', *, *, #9292, .T. ) ;
#7655 = PLANE ( 'NONE',  #7307 ) ;
#7657 = DIRECTION ( 'NONE',  ( -0.000000000000000000, -1.000000000000000000, -0.000000000000000000 ) ) ;
#7658 = LINE ( 'NONE', #1652, #2026 ) ;
#7659 = ORIENTED_EDGE ( 'NONE', *, *, #9024, .T. ) ;
#7660 = ORIENTED_EDGE ( 'NONE', *, *, #2553, .F. ) ;
#7661 = DIRECTION ( 'NONE',  ( 0.000000000000000000, 0.000000000000000000, 1.000000000000000000 ) ) ;
#7663 = DIRECTION ( 'NONE',  ( 0.9392372188187643189, 0.2254909059758627987, 0.2588190451025145222 ) ) ;
#7662 = DIRECTION ( 'NONE',  ( 0.000000000000000000, 1.000000000000000000, 0.000000000000000000 ) ) ;
#7664 = DIRECTION ( 'NONE',  ( -1.172110456741085828E-16, -0.000000000000000000, -1.000000000000000000 ) ) ;
#7665 = CARTESIAN_POINT ( 'NONE',  ( 6.174999999999999822, 4.200000000000000178, 5.599999999999997868 ) ) ;
#7666 = ADVANCED_FACE ( 'NONE', ( #5043 ), #7061, .T. ) ;
#7667 = EDGE_CURVE ( 'NONE', #6436, #1301, #2573, .T. ) ;
#7668 = EDGE_CURVE ( 'NONE', #1173, #7577, #8013, .T. ) ;
#7669 = LINE ( 'NONE', #934, #7742 ) ;
#7670 = ORIENTED_EDGE ( 'NONE', *, *, #5657, .T. ) ;
#7671 = CARTESIAN_POINT ( 'NONE',  ( -6.174999999999998046, 0.5999999999999999778, 5.599999999999997868 ) ) ;
#7672 = EDGE_CURVE ( 'NONE', #8297, #8966, #6657, .T. ) ;
#7674 = DIRECTION ( 'NONE',  ( 0.000000000000000000, 1.000000000000000000, -0.000000000000000000 ) ) ;
#7673 = CARTESIAN_POINT ( 'NONE',  ( 0.3501680457838485805, 1.541445119403483499, 5.299999999999998046 ) ) ;
#7675 = DIRECTION ( 'NONE',  ( -0.000000000000000000, 0.000000000000000000, -1.000000000000000000 ) ) ;
#7676 = EDGE_LOOP ( 'NONE', ( #4203, #834, #4058, #3226 ) ) ;
#7677 = DIRECTION ( 'NONE',  ( 0.000000000000000000, 1.000000000000000000, 0.000000000000000000 ) ) ;
#7678 = DIRECTION ( 'NONE',  ( 0.000000000000000000, 0.000000000000000000, -1.000000000000000000 ) ) ;
#7680 = ORIENTED_EDGE ( 'NONE', *, *, #4360, .F. ) ;
#7679 = LINE ( 'NONE', #6067, #8584 ) ;
#7681 = LINE ( 'NONE', #6945, #5040 ) ;
#7683 = ORIENTED_EDGE ( 'NONE', *, *, #8217, .T. ) ;
#7682 = DIRECTION ( 'NONE',  ( -1.172110456741085828E-16, -0.000000000000000000, -1.000000000000000000 ) ) ;
#7684 = CARTESIAN_POINT ( 'NONE',  ( -4.549999999999998934, 4.200000000000000178, 8.049999999999998934 ) ) ;
#7685 = ORIENTED_EDGE ( 'NONE', *, *, #971, .T. ) ;
#7686 = VECTOR ( 'NONE', #6235, 1000.000000000000000 ) ;
#7687 = CIRCLE ( 'NONE', #5659, 0.1000000000000002554 ) ;
#7688 = DIRECTION ( 'NONE',  ( 0.9723699203976781114, -0.2334453638558993405, -8.016525154135242994E-15 ) ) ;
#7689 = ORIENTED_EDGE ( 'NONE', *, *, #2178, .T. ) ;
#7691 = VERTEX_POINT ( 'NONE', #8907 ) ;
#7690 = CARTESIAN_POINT ( 'NONE',  ( -0.8749999999999995559, 1.100000000000000311, -0.7999999999999988232 ) ) ;
#7692 = CIRCLE ( 'NONE', #9097, 0.2500000000000002220 ) ;
#7693 = CIRCLE ( 'NONE', #152, 0.2250000000000000333 ) ;
#7694 = AXIS2_PLACEMENT_3D ( 'NONE', #1124, #6430, #7265 ) ;
#7695 = VECTOR ( 'NONE', #7826, 1000.000000000000000 ) ;
#7696 = LINE ( 'NONE', #2571, #7538 ) ;
#7697 = DIRECTION ( 'NONE',  ( 0.000000000000000000, 0.000000000000000000, 1.000000000000000000 ) ) ;
#7699 = ORIENTED_EDGE ( 'NONE', *, *, #9173, .T. ) ;
#7698 = CARTESIAN_POINT ( 'NONE',  ( 5.674999999999998934, 3.199999999999998401, 5.599999999999997868 ) ) ;
#7700 = ORIENTED_EDGE ( 'NONE', *, *, #1010, .T. ) ;
#7701 = ORIENTED_EDGE ( 'NONE', *, *, #4899, .T. ) ;
#7702 = ORIENTED_EDGE ( 'NONE', *, *, #19, .T. ) ;
#7703 = CIRCLE ( 'NONE', #7869, 7.399999999999999467 ) ;
#7704 = AXIS2_PLACEMENT_3D ( 'NONE', #4813, #7018, #8535 ) ;
#7705 = EDGE_CURVE ( 'NONE', #5931, #5157, #2802, .T. ) ;
#7707 = ORIENTED_EDGE ( 'NONE', *, *, #2648, .T. ) ;
#7706 = CARTESIAN_POINT ( 'NONE',  ( 1.565587702646436430, -0.3758643528824368030, 4.534877215452723043 ) ) ;
#7708 = CARTESIAN_POINT ( 'NONE',  ( -2.129843337663889891, 1.974429513928040558, 4.534877215452723043 ) ) ;
#7709 = CARTESIAN_POINT ( 'NONE',  ( 6.616046845367564266, 4.200000000000000178, -3.085113310707080281 ) ) ;
#7710 = EDGE_LOOP ( 'NONE', ( #311, #3972, #2481, #4704 ) ) ;
#7711 = CIRCLE ( 'NONE', #8802, 0.4499999999999999001 ) ;
#7712 = ORIENTED_EDGE ( 'NONE', *, *, #9364, .F. ) ;
#7713 = LINE ( 'NONE', #9284, #3466 ) ;
#7714 = EDGE_CURVE ( 'NONE', #3558, #8022, #5922, .T. ) ;
#7716 = DIRECTION ( 'NONE',  ( -0.6368791512607743233, -0.2588190451025212946, 0.7262214872761441065 ) ) ;
#7715 = CARTESIAN_POINT ( 'NONE',  ( -6.359607445110737167, 4.200000000000000178, -3.783568836970202742 ) ) ;
#7717 = DIRECTION ( 'NONE',  ( -0.000000000000000000, -0.000000000000000000, 1.000000000000000000 ) ) ;
#7718 = AXIS2_PLACEMENT_3D ( 'NONE', #2293, #5315, #4322 ) ;
#7719 = AXIS2_PLACEMENT_3D ( 'NONE', #4036, #4180, #9345 ) ;
#7720 = CARTESIAN_POINT ( 'NONE',  ( -3.023344536385590420, 2.183218014069269852, 5.599999999999997868 ) ) ;
#7721 = ORIENTED_EDGE ( 'NONE', *, *, #6984, .F. ) ;
#7722 = CYLINDRICAL_SURFACE ( 'NONE', #9304, 0.1000000000000002554 ) ;
#7723 = ORIENTED_EDGE ( 'NONE', *, *, #4643, .F. ) ;
#7724 = DIRECTION ( 'NONE',  ( 0.6946583704589887054, -0.000000000000000000, -0.7193398003386594075 ) ) ;
#7726 = DIRECTION ( 'NONE',  ( 0.000000000000000000, 1.000000000000000000, -0.000000000000000000 ) ) ;
#7725 = DIRECTION ( 'NONE',  ( -1.000000000000000000, 0.000000000000000000, 0.000000000000000000 ) ) ;
#7727 = AXIS2_PLACEMENT_3D ( 'NONE', #5335, #752, #5295 ) ;
#7728 = CARTESIAN_POINT ( 'NONE',  ( -3.249999999999998668, 0.5999999999999999778, 3.794707603699265519E-16 ) ) ;
#7729 = EDGE_CURVE ( 'NONE', #2756, #7119, #5238, .T. ) ;
#7730 = EDGE_CURVE ( 'NONE', #3243, #1535, #2068, .T. ) ;
#7732 = ORIENTED_EDGE ( 'NONE', *, *, #920, .F. ) ;
#7731 = AXIS2_PLACEMENT_3D ( 'NONE', #9630, #4524, #2204 ) ;
#7733 = FACE_OUTER_BOUND ( 'NONE', #5606, .T. ) ;
#7734 = DIRECTION ( 'NONE',  ( 0.000000000000000000, -0.9659258262890699775, 0.2588190451025146332 ) ) ;
#7736 = ORIENTED_EDGE ( 'NONE', *, *, #826, .T. ) ;
#7735 = DIRECTION ( 'NONE',  ( 0.000000000000000000, 1.000000000000000000, -0.000000000000000000 ) ) ;
#7737 = CARTESIAN_POINT ( 'NONE',  ( -3.023344536385590420, 2.183218014069269852, 5.599999999999997868 ) ) ;
#7739 = VERTEX_POINT ( 'NONE', #8957 ) ;
#7738 = DIRECTION ( 'NONE',  ( -1.000000000000000000, -0.000000000000000000, -0.000000000000000000 ) ) ;
#7740 = CARTESIAN_POINT ( 'NONE',  ( 0.000000000000000000, 4.200000000000000178, 0.000000000000000000 ) ) ;
#7741 = ORIENTED_EDGE ( 'NONE', *, *, #7647, .F. ) ;
#7742 = VECTOR ( 'NONE', #8557, 1000.000000000000000 ) ;
#7743 = ADVANCED_FACE ( 'NONE', ( #3695 ), #12, .T. ) ;
#7744 = EDGE_CURVE ( 'NONE', #4759, #4210, #8127, .T. ) ;
#7745 = CARTESIAN_POINT ( 'NONE',  ( -3.000000000000000000, 2.280455006109038507, 5.599999999999997868 ) ) ;
#7746 = ORIENTED_EDGE ( 'NONE', *, *, #9336, .T. ) ;
#7748 = ORIENTED_EDGE ( 'NONE', *, *, #7135, .F. ) ;
#7747 = PLANE ( 'NONE',  #3387 ) ;
#7749 = DIRECTION ( 'NONE',  ( 0.9965655024977615462, 0.000000000000000000, -0.08280820751220169251 ) ) ;
#7750 = DIRECTION ( 'NONE',  ( -0.000000000000000000, -0.000000000000000000, 1.000000000000000000 ) ) ;
#7752 = ORIENTED_EDGE ( 'NONE', *, *, #7919, .T. ) ;
#7751 = CARTESIAN_POINT ( 'NONE',  ( 1.050000000000000044, 4.200000000000000178, -7.325127985230017735 ) ) ;
#7753 = VERTEX_POINT ( 'NONE', #5179 ) ;
#7754 = ORIENTED_EDGE ( 'NONE', *, *, #8198, .F. ) ;
#7755 = ORIENTED_EDGE ( 'NONE', *, *, #3728, .F. ) ;
#7756 = VECTOR ( 'NONE', #7675, 1000.000000000000000 ) ;
#7757 = EDGE_CURVE ( 'NONE', #2917, #4655, #8178, .T. ) ;
#7758 = VERTEX_POINT ( 'NONE', #1440 ) ;
#7760 = ORIENTED_EDGE ( 'NONE', *, *, #3908, .F. ) ;
#7759 = DIRECTION ( 'NONE',  ( 0.000000000000000000, 1.000000000000000000, 0.000000000000000000 ) ) ;
#7761 = LINE ( 'NONE', #5607, #7686 ) ;
#7762 = CARTESIAN_POINT ( 'NONE',  ( -3.000000000000000000, 2.280455006109038507, 5.599999999999997868 ) ) ;
#7763 = AXIS2_PLACEMENT_3D ( 'NONE', #2135, #9023, #5148 ) ;
#7764 = ORIENTED_EDGE ( 'NONE', *, *, #1010, .F. ) ;
#7765 = DIRECTION ( 'NONE',  ( 0.9723699203976781114, -0.2334453638558993960, -1.243218491116711172E-14 ) ) ;
#7767 = CARTESIAN_POINT ( 'NONE',  ( -1.050000000000000044, 4.200000000000000178, -6.313279654822841813 ) ) ;
#7766 = LINE ( 'NONE', #247, #5228 ) ;
#7768 = PLANE ( 'NONE',  #5567 ) ;
#7769 = AXIS2_PLACEMENT_3D ( 'NONE', #9640, #3792, #8224 ) ;
#7770 = ORIENTED_EDGE ( 'NONE', *, *, #5637, .T. ) ;
#7771 = DIRECTION ( 'NONE',  ( 0.000000000000000000, 0.000000000000000000, 1.000000000000000000 ) ) ;
#7772 = CARTESIAN_POINT ( 'NONE',  ( -1.324999999999999067, 0.5999999999999999778, -4.500000000000000000 ) ) ;
#7773 = ORIENTED_EDGE ( 'NONE', *, *, #3799, .T. ) ;
#7774 = CARTESIAN_POINT ( 'NONE',  ( 0.000000000000000000, 4.200000000000000178, 0.000000000000000000 ) ) ;
#7776 = DIRECTION ( 'NONE',  ( 1.000000000000000000, 0.000000000000000000, 0.000000000000000000 ) ) ;
#7775 = CARTESIAN_POINT ( 'NONE',  ( 0.000000000000000000, 0.2999999999999999889, -6.190000000000002167 ) ) ;
#7777 = EDGE_CURVE ( 'NONE', #2452, #8318, #5986, .T. ) ;
#7778 = DIRECTION ( 'NONE',  ( 1.000000000000000000, 0.000000000000000000, 0.000000000000000000 ) ) ;
#7779 = AXIS2_PLACEMENT_3D ( 'NONE', #2491, #4624, #7771 ) ;
#7780 = CIRCLE ( 'NONE', #552, 0.1000000000000002554 ) ;
#7781 = ORIENTED_EDGE ( 'NONE', *, *, #4187, .T. ) ;
#7782 = CARTESIAN_POINT ( 'NONE',  ( -1.050000000000000044, 0.2999999999999999889, -5.400000000000000355 ) ) ;
#7783 = LINE ( 'NONE', #7147, #2701 ) ;
#7785 = ORIENTED_EDGE ( 'NONE', *, *, #2125, .T. ) ;
#7784 = FACE_OUTER_BOUND ( 'NONE', #4128, .T. ) ;
#7786 = FACE_OUTER_BOUND ( 'NONE', #3309, .T. ) ;
#7788 = VERTEX_POINT ( 'NONE', #3002 ) ;
#7787 = DIRECTION ( 'NONE',  ( 0.000000000000000000, -0.000000000000000000, -1.000000000000000000 ) ) ;
#7789 = ORIENTED_EDGE ( 'NONE', *, *, #1071, .T. ) ;
#7790 = LINE ( 'NONE', #1059, #1238 ) ;
#7791 = CIRCLE ( 'NONE', #9511, 3.000000000000001332 ) ;
#7792 = ORIENTED_EDGE ( 'NONE', *, *, #5657, .F. ) ;
#7794 = EDGE_LOOP ( 'NONE', ( #5003, #3771, #6747, #4564 ) ) ;
#7793 = DIRECTION ( 'NONE',  ( 0.6946583704589887054, -0.000000000000000000, -0.7193398003386594075 ) ) ;
#7795 = CIRCLE ( 'NONE', #8726, 0.2250000000000000333 ) ;
#7796 = CARTESIAN_POINT ( 'NONE',  ( -6.096127999249073781, 4.200000000000000178, 4.194904458598726293 ) ) ;
#7797 = CARTESIAN_POINT ( 'NONE',  ( -0.3884464733798003722, 2.579017406767495579, 4.918241908473789614 ) ) ;
#7799 = ORIENTED_EDGE ( 'NONE', *, *, #4074, .F. ) ;
#7798 = DIRECTION ( 'NONE',  ( 0.000000000000000000, 0.000000000000000000, 1.000000000000000000 ) ) ;
#7800 = EDGE_CURVE ( 'NONE', #1427, #3278, #1383, .T. ) ;
#7801 = ADVANCED_FACE ( 'NONE', ( #5874 ), #6704, .T. ) ;
#7802 = ORIENTED_EDGE ( 'NONE', *, *, #1521, .T. ) ;
#7803 = EDGE_CURVE ( 'NONE', #2188, #1409, #4100, .T. ) ;
#7804 = VERTEX_POINT ( 'NONE', #705 ) ;
#7806 = EDGE_LOOP ( 'NONE', ( #9459, #3068, #5687, #4350 ) ) ;
#7805 = DIRECTION ( 'NONE',  ( 0.000000000000000000, 0.000000000000000000, 1.000000000000000000 ) ) ;
#7807 = CARTESIAN_POINT ( 'NONE',  ( -2.321277911634230584, 2.323158544409007487, 2.299999999999995826 ) ) ;
#7808 = ORIENTED_EDGE ( 'NONE', *, *, #3857, .T. ) ;
#7809 = DIRECTION ( 'NONE',  ( 0.000000000000000000, 1.000000000000000000, -0.000000000000000000 ) ) ;
#7811 = DIRECTION ( 'NONE',  ( -1.000000000000000000, -0.000000000000000000, -2.710505431213760592E-16 ) ) ;
#7810 = DIRECTION ( 'NONE',  ( 1.000000000000000000, 0.000000000000000000, 2.710505431213760099E-16 ) ) ;
#7812 = CARTESIAN_POINT ( 'NONE',  ( 5.322393957002298670, 1.599999999999997202, 5.618092213764224852 ) ) ;
#7813 = ADVANCED_FACE ( 'NONE', ( #2264 ), #8862, .F. ) ;
#7814 = ORIENTED_EDGE ( 'NONE', *, *, #8389, .T. ) ;
#7815 = CARTESIAN_POINT ( 'NONE',  ( 0.000000000000000000, 4.200000000000000178, 0.000000000000000000 ) ) ;
#7816 = CARTESIAN_POINT ( 'NONE',  ( -5.322393957002300446, 3.200000000000000622, 5.618092213764226628 ) ) ;
#7817 = EDGE_LOOP ( 'NONE', ( #3491, #4910, #1360, #9384 ) ) ;
#7818 = LINE ( 'NONE', #1089, #645 ) ;
#7819 = ADVANCED_FACE ( 'NONE', ( #4299 ), #3547, .T. ) ;
#7821 = DIRECTION ( 'NONE',  ( 1.000000000000000000, 0.000000000000000000, 0.000000000000000000 ) ) ;
#7820 = CARTESIAN_POINT ( 'NONE',  ( 2.679422320239426281, 3.700000000000000622, -5.812116312480573477 ) ) ;
#7822 = FACE_OUTER_BOUND ( 'NONE', #8981, .T. ) ;
#7823 = ADVANCED_FACE ( 'NONE', ( #1342 ), #4345, .T. ) ;
#7824 = EDGE_CURVE ( 'NONE', #5925, #2122, #6607, .T. ) ;
#7825 = ORIENTED_EDGE ( 'NONE', *, *, #5388, .T. ) ;
#7826 = DIRECTION ( 'NONE',  ( 1.000000000000000000, -0.000000000000000000, 0.000000000000000000 ) ) ;
#7827 = DIRECTION ( 'NONE',  ( 0.8703556959398978110, 0.000000000000000000, -0.4924235601034704923 ) ) ;
#7829 = ORIENTED_EDGE ( 'NONE', *, *, #5286, .T. ) ;
#7828 = CARTESIAN_POINT ( 'NONE',  ( -0.8749999999999995559, 0.6000000000000001998, -0.7341737512063026827 ) ) ;
#7830 = FACE_OUTER_BOUND ( 'NONE', #435, .T. ) ;
#7832 = ORIENTED_EDGE ( 'NONE', *, *, #165, .T. ) ;
#7831 = PLANE ( 'NONE',  #4733 ) ;
#7833 = DIRECTION ( 'NONE',  ( 1.000000000000000000, 0.000000000000000000, 0.000000000000000000 ) ) ;
#7834 = ORIENTED_EDGE ( 'NONE', *, *, #8513, .F. ) ;
#7835 = VECTOR ( 'NONE', #3202, 1000.000000000000000 ) ;
#7836 = ORIENTED_EDGE ( 'NONE', *, *, #9696, .F. ) ;
#7838 = EDGE_LOOP ( 'NONE', ( #1308, #7814, #6308, #2380 ) ) ;
#7837 = PLANE ( 'NONE',  #3064 ) ;
#7839 = EDGE_CURVE ( 'NONE', #7289, #6024, #485, .T. ) ;
#7840 = PLANE ( 'NONE',  #470 ) ;
#7841 = CARTESIAN_POINT ( 'NONE',  ( -6.174999999999998046, 4.200000000000000178, 5.599999999999997868 ) ) ;
#7843 = VERTEX_POINT ( 'NONE', #8320 ) ;
#7842 = CARTESIAN_POINT ( 'NONE',  ( -2.381511660949493958, 0.000000000000000000, 6.688485832007871501 ) ) ;
#7844 = VECTOR ( 'NONE', #9330, 999.9999999999998863 ) ;
#7845 = AXIS2_PLACEMENT_3D ( 'NONE', #4470, #683, #782 ) ;
#7846 = EDGE_LOOP ( 'NONE', ( #4014, #9418, #5539, #8637 ) ) ;
#7847 = VECTOR ( 'NONE', #8411, 1000.000000000000114 ) ;
#7848 = ORIENTED_EDGE ( 'NONE', *, *, #50, .F. ) ;
#7849 = ADVANCED_FACE ( 'NONE', ( #4745 ), #4687, .T. ) ;
#7850 = EDGE_CURVE ( 'NONE', #7176, #8001, #3947, .T. ) ;
#7851 = CIRCLE ( 'NONE', #2024, 0.2250000000000000333 ) ;
#7852 = VECTOR ( 'NONE', #45, 1000.000000000000000 ) ;
#7853 = VERTEX_POINT ( 'NONE', #5333 ) ;
#7854 = EDGE_CURVE ( 'NONE', #5752, #6156, #7536, .T. ) ;
#7856 = ORIENTED_EDGE ( 'NONE', *, *, #7963, .T. ) ;
#7855 = CARTESIAN_POINT ( 'NONE',  ( -0.3501680457838485805, 1.541445119403483055, 5.299999999999998046 ) ) ;
#7857 = DIRECTION ( 'NONE',  ( 0.000000000000000000, 1.000000000000000000, -0.000000000000000000 ) ) ;
#7858 = CLOSED_SHELL ( 'NONE', ( #4929, #5203, #3275, #7620, #5245, #5909, #357, #7523, #2406, #3952, #5218, #2732, #8436, #9363, #2662, #3276, #7813, #6003, #9476, #2345, #1951, #8142, #8244, #8589, #5272, #3700, #6864, #6262, #2789, #7140, #7403, #1276, #3988, #4709, #6950, #8574, #1047, #6412, #988, #9671, #9110, #8552, #4584, #5928, #6204, #8338, #2110, #5803, #3878, #4721, #2496, #1968, #8268, #3507, #3573, #7618, #5257, #4, #1483, #8238, #5517, #8671, #7134, #6508, #6338, #1388, #6528, #1687, #9444, #7108, #3079, #5150, #5879, #9294, #5805, #6768, #7920, #5590, #8576, #2712, #1599, #6830, #5370, #4361, #8371, #4703, #9365, #6054 ) ) ;
#7859 = CARTESIAN_POINT ( 'NONE',  ( -0.9000000000000000222, 0.3000000000000000444, 5.899999999999997691 ) ) ;
#7860 = ORIENTED_EDGE ( 'NONE', *, *, #5286, .F. ) ;
#7862 = CARTESIAN_POINT ( 'NONE',  ( 0.000000000000000000, 4.200000000000000178, 0.000000000000000000 ) ) ;
#7861 = LINE ( 'NONE', #4121, #2996 ) ;
#7863 = CIRCLE ( 'NONE', #1250, 7.300000000000003375 ) ;
#7864 = LINE ( 'NONE', #2034, #7291 ) ;
#7865 = AXIS2_PLACEMENT_3D ( 'NONE', #6591, #5860, #1230 ) ;
#7866 = ADVANCED_FACE ( 'NONE', ( #8373 ), #2458, .F. ) ;
#7867 = ORIENTED_EDGE ( 'NONE', *, *, #3429, .F. ) ;
#7868 = CARTESIAN_POINT ( 'NONE',  ( 5.424999999999998046, 1.599999999999996536, 5.900000000000001243 ) ) ;
#7869 = AXIS2_PLACEMENT_3D ( 'NONE', #4537, #1533, #1585 ) ;
#7870 = AXIS2_PLACEMENT_3D ( 'NONE', #966, #8483, #1068 ) ;
#7871 = VERTEX_POINT ( 'NONE', #3997 ) ;
#7872 = DIRECTION ( 'NONE',  ( 0.000000000000000000, 0.000000000000000000, -1.000000000000000000 ) ) ;
#7873 = VERTEX_POINT ( 'NONE', #6114 ) ;
#7874 = DIRECTION ( 'NONE',  ( -0.000000000000000000, -1.000000000000000000, -0.000000000000000000 ) ) ;
#7876 = CARTESIAN_POINT ( 'NONE',  ( -7.276086315973257612, 4.200000000000000178, 1.348542888641923065 ) ) ;
#7875 = DIRECTION ( 'NONE',  ( -0.000000000000000000, -0.000000000000000000, 1.000000000000000000 ) ) ;
#7877 = DIRECTION ( 'NONE',  ( 0.000000000000000000, 0.2588190451025147998, 0.9659258262890698665 ) ) ;
#7878 = VECTOR ( 'NONE', #7139, 1000.000000000000000 ) ;
#7879 = AXIS2_PLACEMENT_3D ( 'NONE', #7341, #601, #3593 ) ;
#7880 = DIRECTION ( 'NONE',  ( 0.000000000000000000, 0.000000000000000000, 1.000000000000000000 ) ) ;
#7881 = LINE ( 'NONE', #1147, #7901 ) ;
#7883 = ORIENTED_EDGE ( 'NONE', *, *, #9306, .T. ) ;
#7882 = CARTESIAN_POINT ( 'NONE',  ( -6.466838485689897276, 4.200000000000000178, 4.899999999999999467 ) ) ;
#7884 = AXIS2_PLACEMENT_3D ( 'NONE', #8151, #1414, #9667 ) ;
#7885 = VECTOR ( 'NONE', #5839, 1000.000000000000000 ) ;
#7886 = FACE_BOUND ( 'NONE', #7062, .T. ) ;
#7888 = ORIENTED_EDGE ( 'NONE', *, *, #3045, .T. ) ;
#7887 = DIRECTION ( 'NONE',  ( -0.000000000000000000, -0.000000000000000000, 1.000000000000000000 ) ) ;
#7889 = ORIENTED_EDGE ( 'NONE', *, *, #2000, .F. ) ;
#7890 = PLANE ( 'NONE',  #6428 ) ;
#7891 = CIRCLE ( 'NONE', #2214, 0.1999999999999996503 ) ;
#7892 = VECTOR ( 'NONE', #412, 1000.000000000000000 ) ;
#7893 = EDGE_CURVE ( 'NONE', #6857, #5602, #953, .T. ) ;
#7895 = VERTEX_POINT ( 'NONE', #3057 ) ;
#7894 = CARTESIAN_POINT ( 'NONE',  ( 0.8750000000000000000, 0.5999999999999999778, -4.499999999999999112 ) ) ;
#7896 = ADVANCED_FACE ( 'NONE', ( #6946 ), #4593, .T. ) ;
#7897 = CARTESIAN_POINT ( 'NONE',  ( -0.8749999999999995559, 0.5999999999999999778, -0.7999999999999988232 ) ) ;
#7898 = DIRECTION ( 'NONE',  ( -1.000000000000000000, 0.000000000000000000, 0.000000000000000000 ) ) ;
#7900 = VERTEX_POINT ( 'NONE', #272 ) ;
#7899 = DIRECTION ( 'NONE',  ( -0.000000000000000000, -1.000000000000000000, -0.000000000000000000 ) ) ;
#7901 = VECTOR ( 'NONE', #1916, 1000.000000000000000 ) ;
#7902 = ORIENTED_EDGE ( 'NONE', *, *, #8961, .T. ) ;
#7903 = ORIENTED_EDGE ( 'NONE', *, *, #6529, .T. ) ;
#7905 = VERTEX_POINT ( 'NONE', #9203 ) ;
#7904 = DIRECTION ( 'NONE',  ( -0.08280820751220149822, 0.000000000000000000, 0.9965655024977616572 ) ) ;
#7906 = CARTESIAN_POINT ( 'NONE',  ( 4.300000000000000711, 4.200000000000000178, 5.299999999999998046 ) ) ;
#7907 = DIRECTION ( 'NONE',  ( 0.4186597375374103702, 0.000000000000000000, -0.9081431738250895780 ) ) ;
#7908 = VERTEX_POINT ( 'NONE', #807 ) ;
#7909 = DIRECTION ( 'NONE',  ( 0.000000000000000000, 0.000000000000000000, 1.000000000000000000 ) ) ;
#7910 = LINE ( 'NONE', #6390, #6506 ) ;
#7911 = VERTEX_POINT ( 'NONE', #1586 ) ;
#7912 = CARTESIAN_POINT ( 'NONE',  ( 0.9000000000000000222, 0.5999999999999999778, -6.190000000000002167 ) ) ;
#7913 = LINE ( 'NONE', #7177, #5553 ) ;
#7914 = EDGE_LOOP ( 'NONE', ( #8331, #1477, #3740, #2226 ) ) ;
#7915 = EDGE_CURVE ( 'NONE', #4869, #2287, #7589, .T. ) ;
#7916 = FACE_OUTER_BOUND ( 'NONE', #2218, .T. ) ;
#7918 = DIRECTION ( 'NONE',  ( -1.000000000000000000, 0.000000000000000000, -0.000000000000000000 ) ) ;
#7917 = CARTESIAN_POINT ( 'NONE',  ( 0.3501680457838485805, 1.541445119403483499, 5.599999999999997868 ) ) ;
#7919 = EDGE_CURVE ( 'NONE', #380, #4869, #6850, .T. ) ;
#7920 = ADVANCED_FACE ( 'NONE', ( #6214 ), #3249, .F. ) ;
#7921 = FACE_OUTER_BOUND ( 'NONE', #9424, .T. ) ;
#7922 = VECTOR ( 'NONE', #718, 1000.000000000000000 ) ;
#7923 = CYLINDRICAL_SURFACE ( 'NONE', #2736, 0.2250000000000000888 ) ;
#7924 = DIRECTION ( 'NONE',  ( 0.000000000000000000, 0.000000000000000000, -1.000000000000000000 ) ) ;
#7925 = FACE_OUTER_BOUND ( 'NONE', #8536, .T. ) ;
#7927 = ORIENTED_EDGE ( 'NONE', *, *, #4237, .F. ) ;
#7926 = DIRECTION ( 'NONE',  ( 0.9723699203976780003, 0.2334453638558993405, 0.000000000000000000 ) ) ;
#7928 = VECTOR ( 'NONE', #6897, 1000.000000000000114 ) ;
#7929 = CARTESIAN_POINT ( 'NONE',  ( 0.9000000000000000222, 0.5999999999999999778, 5.899999999999997691 ) ) ;
#7931 = PLANE ( 'NONE',  #9258 ) ;
#7930 = DIRECTION ( 'NONE',  ( 0.000000000000000000, -1.000000000000000000, 0.000000000000000000 ) ) ;
#7932 = CARTESIAN_POINT ( 'NONE',  ( -5.674999999999997158, 3.450000000000000622, 5.599999999999997868 ) ) ;
#7933 = AXIS2_PLACEMENT_3D ( 'NONE', #5320, #97, #3676 ) ;
#7935 = EDGE_LOOP ( 'NONE', ( #4020, #224, #6112, #7808 ) ) ;
#7934 = DIRECTION ( 'NONE',  ( -1.000000000000000000, 0.000000000000000000, -1.172110456741085828E-16 ) ) ;
#7936 = CARTESIAN_POINT ( 'NONE',  ( 1.649999999999996136, 0.5999999999999999778, 4.300000000000000711 ) ) ;
#7938 = VERTEX_POINT ( 'NONE', #9154 ) ;
#7937 = CARTESIAN_POINT ( 'NONE',  ( -7.177760825216869200, 4.200000000000000178, 1.330319336092709248 ) ) ;
#7939 = EDGE_CURVE ( 'NONE', #6292, #4352, #2510, .T. ) ;
#7940 = CIRCLE ( 'NONE', #1042, 2.199999999999998845 ) ;
#7941 = ORIENTED_EDGE ( 'NONE', *, *, #3666, .T. ) ;
#7942 = EDGE_CURVE ( 'NONE', #2618, #8199, #1632, .T. ) ;
#7943 = VERTEX_POINT ( 'NONE', #4640 ) ;
#7944 = AXIS2_PLACEMENT_3D ( 'NONE', #7157, #4052, #1063 ) ;
#7945 = ADVANCED_FACE ( 'NONE', ( #7637 ), #6145, .T. ) ;
#7947 = ORIENTED_EDGE ( 'NONE', *, *, #4063, .T. ) ;
#7946 = DIRECTION ( 'NONE',  ( -0.7518398074789763852, 0.000000000000000000, 0.6593458151000701761 ) ) ;
#7948 = ADVANCED_FACE ( 'NONE', ( #160 ), #3151, .T. ) ;
#7949 = CARTESIAN_POINT ( 'NONE',  ( 1.424999999999999156, 0.2999999999999999889, 2.949999999999997957 ) ) ;
#7950 = DIRECTION ( 'NONE',  ( 0.000000000000000000, -0.000000000000000000, 1.000000000000000000 ) ) ;
#7951 = ADVANCED_FACE ( 'NONE', ( #7051 ), #5631, .F. ) ;
#7952 = ORIENTED_EDGE ( 'NONE', *, *, #5528, .F. ) ;
#7953 = CARTESIAN_POINT ( 'NONE',  ( 3.918869757271534404E-16, -0.5999999999999995337, -4.200000000000001066 ) ) ;
#7954 = DIRECTION ( 'NONE',  ( 0.000000000000000000, -0.2588190451025145777, -0.9659258262890699775 ) ) ;
#7955 = LINE ( 'NONE', #9480, #4633 ) ;
#7956 = FACE_OUTER_BOUND ( 'NONE', #7710, .T. ) ;
#7957 = EDGE_LOOP ( 'NONE', ( #6563, #461, #4942, #2405 ) ) ;
#7958 = EDGE_CURVE ( 'NONE', #3561, #515, #6929, .T. ) ;
#7959 = DIRECTION ( 'NONE',  ( 0.000000000000000000, 1.000000000000000000, -0.000000000000000000 ) ) ;
#7961 = DIRECTION ( 'NONE',  ( 0.000000000000000000, 0.000000000000000000, -1.000000000000000000 ) ) ;
#7960 = LINE ( 'NONE', #4835, #3788 ) ;
#7962 = LINE ( 'NONE', #8655, #3030 ) ;
#7963 = EDGE_CURVE ( 'NONE', #5494, #3077, #1963, .T. ) ;
#7964 = VECTOR ( 'NONE', #8776, 1000.000000000000000 ) ;
#7965 = EDGE_CURVE ( 'NONE', #774, #8867, #4143, .T. ) ;
#7966 = EDGE_CURVE ( 'NONE', #6677, #3991, #6765, .T. ) ;
#7967 = DIRECTION ( 'NONE',  ( -0.000000000000000000, -1.000000000000000000, -0.000000000000000000 ) ) ;
#7968 = ADVANCED_FACE ( 'NONE', ( #5727 ), #4797, .F. ) ;
#7969 = LINE ( 'NONE', #2839, #5444 ) ;
#7970 = DIRECTION ( 'NONE',  ( -0.000000000000000000, -1.000000000000000000, -0.000000000000000000 ) ) ;
#7972 = VERTEX_POINT ( 'NONE', #4893 ) ;
#7971 = DIRECTION ( 'NONE',  ( -0.9396926207859105373, 6.005812552471627036E-16, 0.3420201433256628287 ) ) ;
#7973 = DIRECTION ( 'NONE',  ( 0.000000000000000000, 0.000000000000000000, 1.000000000000000000 ) ) ;
#7975 = ORIENTED_EDGE ( 'NONE', *, *, #2676, .F. ) ;
#7974 = CARTESIAN_POINT ( 'NONE',  ( -0.3750000000000000000, 1.147632372710735371, 2.468729079166618323 ) ) ;
#7976 = CARTESIAN_POINT ( 'NONE',  ( 1.506948958437338337, 4.200000000000000178, -7.244936496385912861 ) ) ;
#7977 = AXIS2_PLACEMENT_3D ( 'NONE', #7953, #1900, #344 ) ;
#7979 = EDGE_LOOP ( 'NONE', ( #9482, #5512, #7888, #2077 ) ) ;
#7978 = CARTESIAN_POINT ( 'NONE',  ( 1.999999999999999112, 0.2999999999999999889, -4.957007724752754640 ) ) ;
#7980 = CARTESIAN_POINT ( 'NONE',  ( -6.836708540583528837, 0.000000000000000000, 2.831857399501646722 ) ) ;
#7982 = ORIENTED_EDGE ( 'NONE', *, *, #2501, .T. ) ;
#7981 = FACE_OUTER_BOUND ( 'NONE', #1929, .T. ) ;
#7983 = DIRECTION ( 'NONE',  ( -0.000000000000000000, -1.000000000000000000, -0.000000000000000000 ) ) ;
#7984 = EDGE_LOOP ( 'NONE', ( #1199, #1705, #1049, #840 ) ) ;
#7985 = EDGE_CURVE ( 'NONE', #7895, #4966, #7104, .T. ) ;
#7986 = ORIENTED_EDGE ( 'NONE', *, *, #2451, .T. ) ;
#7988 = ORIENTED_EDGE ( 'NONE', *, *, #3517, .T. ) ;
#7987 = FACE_OUTER_BOUND ( 'NONE', #6885, .T. ) ;
#7989 = AXIS2_PLACEMENT_3D ( 'NONE', #1335, #5865, #5032 ) ;
#7990 = DIRECTION ( 'NONE',  ( 0.000000000000000000, 1.000000000000000000, 0.000000000000000000 ) ) ;
#7991 = DIRECTION ( 'NONE',  ( 0.000000000000000000, -1.240100524084728157E-16, 1.000000000000000000 ) ) ;
#7992 = EDGE_LOOP ( 'NONE', ( #8053, #6631, #3679, #5259 ) ) ;
#7993 = CARTESIAN_POINT ( 'NONE',  ( 0.000000000000000000, 1.147632372710735593, 2.468729079166619655 ) ) ;
#7994 = VECTOR ( 'NONE', #4133, 1000.000000000000000 ) ;
#7995 = CARTESIAN_POINT ( 'NONE',  ( -0.8999999999999999112, 0.08330823441174382837, -6.463338353117655366 ) ) ;
#7996 = ADVANCED_FACE ( 'NONE', ( #6316 ), #7831, .F. ) ;
#7997 = CIRCLE ( 'NONE', #6582, 0.05000000000000056483 ) ;
#7998 = EDGE_LOOP ( 'NONE', ( #8136, #1726, #3152, #7039 ) ) ;
#7999 = CIRCLE ( 'NONE', #5031, 6.400000000000001243 ) ;
#8001 = VERTEX_POINT ( 'NONE', #6457 ) ;
#8000 = LINE ( 'NONE', #8735, #4478 ) ;
#8002 = EDGE_LOOP ( 'NONE', ( #9496, #7748, #570, #3969 ) ) ;
#8003 = DIRECTION ( 'NONE',  ( -0.000000000000000000, 0.000000000000000000, -1.000000000000000000 ) ) ;
#8004 = ORIENTED_EDGE ( 'NONE', *, *, #3219, .T. ) ;
#8005 = AXIS2_PLACEMENT_3D ( 'NONE', #1503, #7550, #6812 ) ;
#8006 = AXIS2_PLACEMENT_3D ( 'NONE', #8796, #5124, #8115 ) ;
#8007 = DIRECTION ( 'NONE',  ( 0.9238795325112877377, 0.000000000000000000, -0.3826834323650874503 ) ) ;
#8009 = FACE_OUTER_BOUND ( 'NONE', #9598, .T. ) ;
#8008 = DIRECTION ( 'NONE',  ( 0.000000000000000000, 0.000000000000000000, 1.000000000000000000 ) ) ;
#8010 = DIRECTION ( 'NONE',  ( 0.000000000000000000, 0.9659258262890699775, -0.2588190451025145777 ) ) ;
#8011 = VECTOR ( 'NONE', #1525, 1000.000000000000000 ) ;
#8012 = EDGE_CURVE ( 'NONE', #2234, #9658, #9313, .T. ) ;
#8013 = CIRCLE ( 'NONE', #798, 0.6000000000000041966 ) ;
#8014 = PLANE ( 'NONE',  #6822 ) ;
#8015 = LINE ( 'NONE', #5674, #7695 ) ;
#8016 = LINE ( 'NONE', #1282, #6636 ) ;
#8018 = ORIENTED_EDGE ( 'NONE', *, *, #4450, .T. ) ;
#8017 = DIRECTION ( 'NONE',  ( -0.000000000000000000, -0.9659258262890699775, 0.2588190451025145777 ) ) ;
#8019 = VERTEX_POINT ( 'NONE', #1101 ) ;
#8020 = CARTESIAN_POINT ( 'NONE',  ( 0.1477402262763529428, 2.342108142830979567, 5.151290747500115508 ) ) ;
#8022 = VERTEX_POINT ( 'NONE', #7974 ) ;
#8021 = FILL_AREA_STYLE_COLOUR ( '', #7244 ) ;
#8023 = AXIS2_PLACEMENT_3D ( 'NONE', #3670, #5115, #4468 ) ;
#8024 = CARTESIAN_POINT ( 'NONE',  ( 2.274999999999999467, 0.5999999999999999778, 3.794707603699265519E-16 ) ) ;
#8025 = EDGE_CURVE ( 'NONE', #380, #4794, #9357, .T. ) ;
#8026 = EDGE_CURVE ( 'NONE', #6038, #8558, #6406, .T. ) ;
#8027 = AXIS2_PLACEMENT_3D ( 'NONE', #4070, #1299, #9646 ) ;
#8028 = AXIS2_PLACEMENT_3D ( 'NONE', #6200, #3933, #2448 ) ;
#8030 = ORIENTED_EDGE ( 'NONE', *, *, #7368, .F. ) ;
#8029 = DIRECTION ( 'NONE',  ( -1.000000000000000000, 0.000000000000000000, 0.000000000000000000 ) ) ;
#8031 = LINE ( 'NONE', #1926, #9725 ) ;
#8033 = ORIENTED_EDGE ( 'NONE', *, *, #1634, .F. ) ;
#8032 = DIRECTION ( 'NONE',  ( 0.000000000000000000, 0.000000000000000000, -1.000000000000000000 ) ) ;
#8034 = DIRECTION ( 'NONE',  ( -4.251773225433351640E-17, 0.000000000000000000, 1.000000000000000000 ) ) ;
#8035 = ORIENTED_EDGE ( 'NONE', *, *, #3701, .F. ) ;
#8036 = EDGE_CURVE ( 'NONE', #3525, #6292, #647, .T. ) ;
#8037 = EDGE_CURVE ( 'NONE', #2972, #786, #8711, .T. ) ;
#8039 = EDGE_CURVE ( 'NONE', #3005, #8974, #8615, .T. ) ;
#8038 = AXIS2_PLACEMENT_3D ( 'NONE', #7097, #8519, #2605 ) ;
#8040 = ORIENTED_EDGE ( 'NONE', *, *, #9620, .F. ) ;
#8042 = ORIENTED_EDGE ( 'NONE', *, *, #6925, .T. ) ;
#8041 = DIRECTION ( 'NONE',  ( 0.000000000000000000, -1.000000000000000000, -1.240100524084728157E-16 ) ) ;
#8043 = CIRCLE ( 'NONE', #8822, 0.8000000000000001554 ) ;
#8044 = LINE ( 'NONE', #2679, #3435 ) ;
#8045 = CARTESIAN_POINT ( 'NONE',  ( 0.000000000000000000, 3.000000000000000000, 5.299999999999998046 ) ) ;
#8046 = ORIENTED_EDGE ( 'NONE', *, *, #1709, .F. ) ;
#8047 = CARTESIAN_POINT ( 'NONE',  ( 0.6499999999999995781, 1.457322679224499540, 2.618684952224779039 ) ) ;
#8048 = DIRECTION ( 'NONE',  ( 0.000000000000000000, 0.000000000000000000, 1.000000000000000000 ) ) ;
#8049 = EDGE_CURVE ( 'NONE', #7350, #3102, #1152, .T. ) ;
#8050 = VECTOR ( 'NONE', #9522, 1000.000000000000000 ) ;
#8051 = ORIENTED_EDGE ( 'NONE', *, *, #8754, .F. ) ;
#8053 = ORIENTED_EDGE ( 'NONE', *, *, #2475, .F. ) ;
#8052 = CARTESIAN_POINT ( 'NONE',  ( 1.050000000000000044, 0.3000000000000003775, -6.190000000000002167 ) ) ;
#8054 = DIRECTION ( 'NONE',  ( 0.2516678542837342270, -0.06042010615679595242, 0.9659258262890699775 ) ) ;
#8055 = ORIENTED_EDGE ( 'NONE', *, *, #8924, .F. ) ;
#8056 = ORIENTED_EDGE ( 'NONE', *, *, #898, .F. ) ;
#8057 = CARTESIAN_POINT ( 'NONE',  ( -4.174999999999998934, 1.349999999999999645, 5.599999999999997868 ) ) ;
#8059 = DIRECTION ( 'NONE',  ( -0.9676937674929103617, 1.927470528863118161E-15, 0.2521284838239765125 ) ) ;
#8058 = CARTESIAN_POINT ( 'NONE',  ( 0.000000000000000000, 0.000000000000000000, 5.299999999999998046 ) ) ;
#8060 = CARTESIAN_POINT ( 'NONE',  ( -1.324999999999998401, 0.2999999999999999889, -4.599999999999999645 ) ) ;
#8061 = VECTOR ( 'NONE', #4982, 1000.000000000000000 ) ;
#8062 = DIRECTION ( 'NONE',  ( 0.000000000000000000, 0.000000000000000000, -1.000000000000000000 ) ) ;
#8063 = VECTOR ( 'NONE', #9565, 1000.000000000000000 ) ;
#8064 = CARTESIAN_POINT ( 'NONE',  ( -0.8999999999999999112, 0.3500000000000007550, -6.690000000000003944 ) ) ;
#8065 = DIRECTION ( 'NONE',  ( 0.000000000000000000, 1.000000000000000000, 0.000000000000000000 ) ) ;
#8067 = ORIENTED_EDGE ( 'NONE', *, *, #885, .T. ) ;
#8066 = LINE ( 'NONE', #5907, #6752 ) ;
#8068 = EDGE_CURVE ( 'NONE', #5266, #8724, #9123, .T. ) ;
#8069 = ORIENTED_EDGE ( 'NONE', *, *, #7824, .T. ) ;
#8070 = DIRECTION ( 'NONE',  ( 0.000000000000000000, -0.000000000000000000, 1.000000000000000000 ) ) ;
#8072 = ORIENTED_EDGE ( 'NONE', *, *, #6882, .F. ) ;
#8071 = SURFACE_STYLE_FILL_AREA ( #9586 ) ;
#8073 = DIRECTION ( 'NONE',  ( 0.000000000000000000, 0.000000000000000000, -1.000000000000000000 ) ) ;
#8074 = EDGE_CURVE ( 'NONE', #7753, #859, #3490, .T. ) ;
#8075 = AXIS2_PLACEMENT_3D ( 'NONE', #7745, #3254, #4002 ) ;
#8076 = DIRECTION ( 'NONE',  ( -1.000000000000000000, -0.000000000000000000, 0.000000000000000000 ) ) ;
#8078 = ORIENTED_EDGE ( 'NONE', *, *, #2253, .T. ) ;
#8077 = LINE ( 'NONE', #2065, #1815 ) ;
#8079 = CARTESIAN_POINT ( 'NONE',  ( 3.813246603095878928, 0.000000000000000000, -4.036643759389941799 ) ) ;
#8081 = ORIENTED_EDGE ( 'NONE', *, *, #3129, .T. ) ;
#8080 = DIRECTION ( 'NONE',  ( 0.000000000000000000, 0.2588190451025145777, 0.9659258262890699775 ) ) ;
#8082 = CARTESIAN_POINT ( 'NONE',  ( 0.9000000000000000222, 0.2999999999999999889, -5.390000000000001457 ) ) ;
#8083 = ORIENTED_EDGE ( 'NONE', *, *, #3928, .F. ) ;
#8084 = VECTOR ( 'NONE', #8992, 1000.000000000000000 ) ;
#8085 = EDGE_CURVE ( 'NONE', #3000, #8385, #3945, .T. ) ;
#8086 = EDGE_CURVE ( 'NONE', #277, #663, #1375, .T. ) ;
#8087 = EDGE_CURVE ( 'NONE', #3712, #5114, #2153, .T. ) ;
#8089 = VERTEX_POINT ( 'NONE', #5957 ) ;
#8088 = CARTESIAN_POINT ( 'NONE',  ( 5.674999999999998046, 4.200000000000000178, 5.299999999999998046 ) ) ;
#8090 = VECTOR ( 'NONE', #9125, 1000.000000000000000 ) ;
#8092 = EDGE_CURVE ( 'NONE', #334, #4023, #7435, .T. ) ;
#8091 = DIRECTION ( 'NONE',  ( 0.000000000000000000, 1.000000000000000000, 0.000000000000000000 ) ) ;
#8093 = DIRECTION ( 'NONE',  ( -1.000000000000000000, 0.000000000000000000, 0.000000000000000000 ) ) ;
#8094 = ORIENTED_EDGE ( 'NONE', *, *, #1851, .T. ) ;
#8095 = ORIENTED_EDGE ( 'NONE', *, *, #1184, .F. ) ;
#8096 = CARTESIAN_POINT ( 'NONE',  ( 0.9000000000000000222, 0.2999999999999996558, 8.959999999999995524 ) ) ;
#8097 = PLANE ( 'NONE',  #7763 ) ;
#8098 = VECTOR ( 'NONE', #4342, 1000.000000000000000 ) ;
#8099 = ORIENTED_EDGE ( 'NONE', *, *, #8087, .T. ) ;
#8101 = ORIENTED_EDGE ( 'NONE', *, *, #1264, .F. ) ;
#8100 = CARTESIAN_POINT ( 'NONE',  ( -5.674999999999997158, 3.450000000000000622, 5.299999999999998046 ) ) ;
#8102 = ORIENTED_EDGE ( 'NONE', *, *, #6649, .F. ) ;
#8103 = CARTESIAN_POINT ( 'NONE',  ( 0.000000000000000000, 0.000000000000000000, 0.000000000000000000 ) ) ;
#8104 = VERTEX_POINT ( 'NONE', #6695 ) ;
#8105 = VECTOR ( 'NONE', #5290, 1000.000000000000000 ) ;
#8106 = FACE_OUTER_BOUND ( 'NONE', #8495, .T. ) ;
#8108 = DIRECTION ( 'NONE',  ( 0.000000000000000000, 0.000000000000000000, 1.000000000000000000 ) ) ;
#8107 = CARTESIAN_POINT ( 'NONE',  ( 3.023344536385590420, 2.183218014069270296, 5.599999999999997868 ) ) ;
#8109 = DIRECTION ( 'NONE',  ( 0.000000000000000000, 0.000000000000000000, -1.000000000000000000 ) ) ;
#8110 = EDGE_CURVE ( 'NONE', #8192, #4688, #8168, .T. ) ;
#8111 = LINE ( 'NONE', #6835, #3214 ) ;
#8112 = MANIFOLD_SOLID_BREP ( 'Fillet2', #7858 ) ;
#8113 = DIRECTION ( 'NONE',  ( -0.9063077870366508249, -0.000000000000000000, -0.4226182617406975539 ) ) ;
#8114 = DIRECTION ( 'NONE',  ( 0.000000000000000000, 0.000000000000000000, -1.000000000000000000 ) ) ;
#8116 = EDGE_LOOP ( 'NONE', ( #5413, #6177, #3338, #5264 ) ) ;
#8115 = DIRECTION ( 'NONE',  ( 0.000000000000000000, 0.000000000000000000, -1.000000000000000000 ) ) ;
#8117 = ORIENTED_EDGE ( 'NONE', *, *, #4011, .T. ) ;
#8118 = FACE_OUTER_BOUND ( 'NONE', #1182, .T. ) ;
#8119 = CARTESIAN_POINT ( 'NONE',  ( -3.249999999999999556, 0.5999999999999999778, -0.2999999999999996003 ) ) ;
#8120 = CYLINDRICAL_SURFACE ( 'NONE', #5649, 7.399999999999999467 ) ;
#8121 = EDGE_CURVE ( 'NONE', #3326, #9058, #547, .T. ) ;
#8122 = CARTESIAN_POINT ( 'NONE',  ( 3.249999999999999112, 0.2999999999999999889, 3.794707603699265519E-16 ) ) ;
#8123 = DIRECTION ( 'NONE',  ( 0.000000000000000000, 0.000000000000000000, -1.000000000000000000 ) ) ;
#8125 = EDGE_LOOP ( 'NONE', ( #3359, #4967, #3603, #455 ) ) ;
#8124 = DIRECTION ( 'NONE',  ( -0.9965655024977615462, 0.000000000000000000, 0.08280820751220169251 ) ) ;
#8126 = DIRECTION ( 'NONE',  ( 0.000000000000000000, 1.000000000000000000, 0.000000000000000000 ) ) ;
#8128 = ORIENTED_EDGE ( 'NONE', *, *, #234, .T. ) ;
#8127 = LINE ( 'NONE', #2220, #5048 ) ;
#8129 = DIRECTION ( 'NONE',  ( 1.000000000000000000, -0.000000000000000000, 4.251773225433351640E-17 ) ) ;
#8130 = ORIENTED_EDGE ( 'NONE', *, *, #7958, .F. ) ;
#8131 = EDGE_LOOP ( 'NONE', ( #703, #5197, #8486, #5797 ) ) ;
#8133 = ORIENTED_EDGE ( 'NONE', *, *, #6684, .T. ) ;
#8132 = DIRECTION ( 'NONE',  ( -0.2516678542837350596, 0.06042010615679307278, -0.9659258262890700886 ) ) ;
#8134 = LINE ( 'NONE', #4308, #4549 ) ;
#8135 = CARTESIAN_POINT ( 'NONE',  ( 1.899999999999998579, 0.5999999999999999778, 1.225000000000000311 ) ) ;
#8136 = ORIENTED_EDGE ( 'NONE', *, *, #3938, .T. ) ;
#8137 = DIRECTION ( 'NONE',  ( 0.000000000000000000, -0.000000000000000000, 1.000000000000000000 ) ) ;
#8138 = CARTESIAN_POINT ( 'NONE',  ( -1.050000000000000044, 0.2999999999999999889, -6.190000000000002167 ) ) ;
#8139 = ADVANCED_FACE ( 'NONE', ( #5082 ), #7383, .F. ) ;
#8140 = EDGE_CURVE ( 'NONE', #8019, #8617, #8757, .T. ) ;
#8141 = MANIFOLD_SOLID_BREP ( 'Fillet3', #8315 ) ;
#8142 = ADVANCED_FACE ( 'NONE', ( #6643 ), #2059, .F. ) ;
#8143 = VECTOR ( 'NONE', #3444, 1000.000000000000000 ) ;
#8144 = EDGE_LOOP ( 'NONE', ( #5246, #8983, #9697, #5155 ) ) ;
#8145 = ORIENTED_EDGE ( 'NONE', *, *, #6378, .F. ) ;
#8147 = VERTEX_POINT ( 'NONE', #2398 ) ;
#8146 = LINE ( 'NONE', #5109, #5271 ) ;
#8148 = ORIENTED_EDGE ( 'NONE', *, *, #383, .T. ) ;
#8149 = DIRECTION ( 'NONE',  ( 0.9153114791194485456, -0.000000000000000000, 0.4027466898587339639 ) ) ;
#8150 = ORIENTED_EDGE ( 'NONE', *, *, #6805, .F. ) ;
#8151 = CARTESIAN_POINT ( 'NONE',  ( -0.9000000000000001332, 0.2499999999999999445, -6.190000000000003055 ) ) ;
#8153 = DIRECTION ( 'NONE',  ( 1.000000000000000000, -0.000000000000000000, 5.429601775061487161E-15 ) ) ;
#8152 = CARTESIAN_POINT ( 'NONE',  ( 2.743224965086314970, 3.450000000000001066, 5.599999999999997868 ) ) ;
#8154 =( GEOMETRIC_REPRESENTATION_CONTEXT ( 3 ) GLOBAL_UNCERTAINTY_ASSIGNED_CONTEXT ( ( #3877 ) ) GLOBAL_UNIT_ASSIGNED_CONTEXT ( ( #3970, #4919, #7069 ) ) REPRESENTATION_CONTEXT ( 'NONE', 'WORKASPACE' ) );
#8155 = VECTOR ( 'NONE', #4369, 1000.000000000000000 ) ;
#8156 = CARTESIAN_POINT ( 'NONE',  ( -0.8999999999999999112, 0.08330823441174382837, -6.463338353117655366 ) ) ;
#8157 = ADVANCED_FACE ( 'NONE', ( #5424 ), #8410, .F. ) ;
#8158 = EDGE_CURVE ( 'NONE', #8651, #9729, #2212, .T. ) ;
#8159 = AXIS2_PLACEMENT_3D ( 'NONE', #1717, #6201, #1623 ) ;
#8160 = DIRECTION ( 'NONE',  ( 5.782411586589365527E-16, 1.000000000000000000, 0.000000000000000000 ) ) ;
#8161 = VECTOR ( 'NONE', #3498, 1000.000000000000000 ) ;
#8162 = AXIS2_PLACEMENT_3D ( 'NONE', #434, #8594, #9556 ) ;
#8163 = DIRECTION ( 'NONE',  ( -0.000000000000000000, -1.000000000000000000, -0.000000000000000000 ) ) ;
#8165 = ORIENTED_EDGE ( 'NONE', *, *, #5643, .F. ) ;
#8164 = CARTESIAN_POINT ( 'NONE',  ( -4.549999999999998934, 4.200000000000000178, 6.549999999999998934 ) ) ;
#8166 = EDGE_LOOP ( 'NONE', ( #6275, #1271, #2921, #471 ) ) ;
#8167 = CARTESIAN_POINT ( 'NONE',  ( -6.174999999999998046, 4.200000000000000178, 5.299999999999998046 ) ) ;
#8169 = CARTESIAN_POINT ( 'NONE',  ( -1.050000000000000044, 4.200000000000000178, -7.325127985230018623 ) ) ;
#8168 = LINE ( 'NONE', #1429, #959 ) ;
#8170 = CARTESIAN_POINT ( 'NONE',  ( 4.549999999999999822, 0.000000000000000000, 8.049999999999998934 ) ) ;
#8171 = DIRECTION ( 'NONE',  ( 1.000000000000000000, 0.000000000000000000, 0.000000000000000000 ) ) ;
#8172 = FACE_OUTER_BOUND ( 'NONE', #3185, .T. ) ;
#8174 = ORIENTED_EDGE ( 'NONE', *, *, #9336, .F. ) ;
#8173 = CARTESIAN_POINT ( 'NONE',  ( 4.300000000000000711, 0.5999999999999998668, 4.740253157796533223 ) ) ;
#8175 = VECTOR ( 'NONE', #5067, 1000.000000000000000 ) ;
#8176 = AXIS2_PLACEMENT_3D ( 'NONE', #2755, #8523, #8897 ) ;
#8177 = DIRECTION ( 'NONE',  ( 0.000000000000000000, 0.000000000000000000, 1.000000000000000000 ) ) ;
#8179 = VERTEX_POINT ( 'NONE', #4628 ) ;
#8178 = LINE ( 'NONE', #2951, #805 ) ;
#8180 = CARTESIAN_POINT ( 'NONE',  ( -2.840461957126082737, 3.373344536385590509, 5.599999999999997868 ) ) ;
#8181 = ORIENTED_EDGE ( 'NONE', *, *, #6033, .T. ) ;
#8182 = VECTOR ( 'NONE', #6976, 1000.000000000000000 ) ;
#8183 = VECTOR ( 'NONE', #9498, 1000.000000000000000 ) ;
#8184 = EDGE_CURVE ( 'NONE', #2756, #7400, #2301, .T. ) ;
#8185 = ORIENTED_EDGE ( 'NONE', *, *, #1191, .T. ) ;
#8187 = ORIENTED_EDGE ( 'NONE', *, *, #6710, .F. ) ;
#8186 = CARTESIAN_POINT ( 'NONE',  ( 0.1541429497280359662, 2.291372688986410111, 5.149785371212445284 ) ) ;
#8188 = CARTESIAN_POINT ( 'NONE',  ( -0.7818019484660533314, 1.457322679224499762, 2.618684952224779483 ) ) ;
#8189 = DIRECTION ( 'NONE',  ( -0.000000000000000000, 1.000000000000000000, -0.000000000000000000 ) ) ;
#8190 = AXIS2_PLACEMENT_3D ( 'NONE', #3949, #6261, #5633 ) ;
#8191 = EDGE_CURVE ( 'NONE', #2772, #5334, #4729, .T. ) ;
#8192 = VERTEX_POINT ( 'NONE', #4676 ) ;
#8193 = CARTESIAN_POINT ( 'NONE',  ( 0.000000000000000000, 0.000000000000000000, 0.000000000000000000 ) ) ;
#8194 = DIRECTION ( 'NONE',  ( 0.000000000000000000, 1.000000000000000000, -0.000000000000000000 ) ) ;
#8195 = AXIS2_PLACEMENT_3D ( 'NONE', #729, #5316, #3722 ) ;
#8197 = ORIENTED_EDGE ( 'NONE', *, *, #889, .T. ) ;
#8196 = DIRECTION ( 'NONE',  ( 1.000000000000000000, 0.000000000000000000, 0.000000000000000000 ) ) ;
#8198 = EDGE_CURVE ( 'NONE', #6138, #3550, #7580, .T. ) ;
#8199 = VERTEX_POINT ( 'NONE', #8265 ) ;
#8201 = CIRCLE ( 'NONE', #39, 6.400000000000001243 ) ;
#8200 = CARTESIAN_POINT ( 'NONE',  ( -1.899999999999998801, 0.5999999999999999778, -1.224999999999999423 ) ) ;
#8202 = ORIENTED_EDGE ( 'NONE', *, *, #408, .T. ) ;
#8203 = ORIENTED_EDGE ( 'NONE', *, *, #8537, .F. ) ;
#8204 = DIRECTION ( 'NONE',  ( 0.000000000000000000, 1.000000000000000000, -0.000000000000000000 ) ) ;
#8206 = LINE ( 'NONE', #585, #6896 ) ;
#8205 = DIRECTION ( 'NONE',  ( -0.000000000000000000, 0.9659258262890699775, -0.2588190451025145777 ) ) ;
#8207 = CARTESIAN_POINT ( 'NONE',  ( 2.237997801249780316, 0.5999999999999999778, -5.024078606232305511 ) ) ;
#8208 = VECTOR ( 'NONE', #496, 1000.000000000000000 ) ;
#8209 = FACE_OUTER_BOUND ( 'NONE', #4217, .T. ) ;
#8210 = EDGE_CURVE ( 'NONE', #7843, #3509, #3138, .T. ) ;
#8211 = EDGE_CURVE ( 'NONE', #2928, #9403, #794, .T. ) ;
#8212 = CARTESIAN_POINT ( 'NONE',  ( 0.000000000000000000, 0.000000000000000000, 0.000000000000000000 ) ) ;
#8214 = ORIENTED_EDGE ( 'NONE', *, *, #5285, .F. ) ;
#8213 = FACE_OUTER_BOUND ( 'NONE', #7354, .T. ) ;
#8215 = ORIENTED_EDGE ( 'NONE', *, *, #1709, .T. ) ;
#8216 = DIRECTION ( 'NONE',  ( -0.9676937674929103617, 0.000000000000000000, 0.2521284838239766235 ) ) ;
#8217 = EDGE_CURVE ( 'NONE', #8254, #6126, #845, .T. ) ;
#8219 = DIRECTION ( 'NONE',  ( -0.000000000000000000, -1.000000000000000000, -0.000000000000000000 ) ) ;
#8218 = CARTESIAN_POINT ( 'NONE',  ( -2.274999999999999467, 0.5999999999999999778, 0.3000000000000003775 ) ) ;
#8220 = LINE ( 'NONE', #4482, #8461 ) ;
#8221 = VECTOR ( 'NONE', #3624, 1000.000000000000000 ) ;
#8222 = VECTOR ( 'NONE', #4007, 1000.000000000000000 ) ;
#8223 = DIRECTION ( 'NONE',  ( -0.000000000000000000, -1.000000000000000000, -0.000000000000000000 ) ) ;
#8224 = DIRECTION ( 'NONE',  ( 0.000000000000000000, 0.000000000000000000, 1.000000000000000000 ) ) ;
#8226 = ORIENTED_EDGE ( 'NONE', *, *, #104, .T. ) ;
#8225 = CARTESIAN_POINT ( 'NONE',  ( 4.300000000000000711, 4.200000000000000178, 4.740253157796533223 ) ) ;
#8227 = VECTOR ( 'NONE', #7460, 1000.000000000000000 ) ;
#8228 = DIRECTION ( 'NONE',  ( -2.567847250623563393E-16, -1.141265444721583757E-16, 1.000000000000000000 ) ) ;
#8230 = EDGE_LOOP ( 'NONE', ( #9044, #5771, #3564, #5451 ) ) ;
#8229 = DIRECTION ( 'NONE',  ( 0.000000000000000000, 0.000000000000000000, 1.000000000000000000 ) ) ;
#8231 = DIRECTION ( 'NONE',  ( -0.8703556959398978110, 0.000000000000000000, -0.4924235601034704368 ) ) ;
#8232 = ORIENTED_EDGE ( 'NONE', *, *, #2906, .T. ) ;
#8233 = VECTOR ( 'NONE', #4224, 1000.000000000000000 ) ;
#8234 = EDGE_CURVE ( 'NONE', #128, #336, #1279, .T. ) ;
#8236 = VERTEX_POINT ( 'NONE', #7673 ) ;
#8235 = CARTESIAN_POINT ( 'NONE',  ( -0.8750000000000000000, 0.5999999999999999778, -4.499999999999999112 ) ) ;
#8237 = DIRECTION ( 'NONE',  ( -0.9723699203976780003, -0.2334453638558993682, 0.000000000000000000 ) ) ;
#8238 = ADVANCED_FACE ( 'NONE', ( #3784 ), #6061, .T. ) ;
#8239 = DIRECTION ( 'NONE',  ( -1.000000000000000000, -0.000000000000000000, -0.000000000000000000 ) ) ;
#8240 = VECTOR ( 'NONE', #2216, 1000.000000000000000 ) ;
#8241 = EDGE_LOOP ( 'NONE', ( #7760, #439, #2678, #4816, #5110, #613, #2829, #418, #1196, #2028, #6554, #4191, #3522, #3917, #5401, #289, #2742, #3858, #7701, #6726, #8859, #79, #4616, #7982, #4464, #9343, #6750, #4343, #7348, #5861, #6919, #3121, #6131, #9339, #2741, #3513, #6559, #4976, #7988, #4765, #4409, #6187, #5601, #9374, #2041 ) ) ;
#8242 = CARTESIAN_POINT ( 'NONE',  ( -7.210338479410735246, 0.000000000000000000, -1.664637802144621315 ) ) ;
#8243 = DIRECTION ( 'NONE',  ( 0.000000000000000000, 0.000000000000000000, 1.000000000000000000 ) ) ;
#8244 = ADVANCED_FACE ( 'NONE', ( #3836 ), #6840, .T. ) ;
#8245 = EDGE_CURVE ( 'NONE', #1694, #8386, #5534, .T. ) ;
#8246 = AXIS2_PLACEMENT_3D ( 'NONE', #5950, #7475, #734 ) ;
#8248 = EDGE_LOOP ( 'NONE', ( #951, #1683, #154, #8801, #614, #8543, #8428 ) ) ;
#8247 = DIRECTION ( 'NONE',  ( 0.000000000000000000, 1.000000000000000000, 0.000000000000000000 ) ) ;
#8249 = ADVANCED_FACE ( 'NONE', ( #5472 ), #105, .F. ) ;
#8250 = ORIENTED_EDGE ( 'NONE', *, *, #8086, .F. ) ;
#8251 = PLANE ( 'NONE',  #8844 ) ;
#8252 = ORIENTED_EDGE ( 'NONE', *, *, #9456, .T. ) ;
#8253 = ORIENTED_EDGE ( 'NONE', *, *, #889, .F. ) ;
#8254 = VERTEX_POINT ( 'NONE', #3986 ) ;
#8255 = CARTESIAN_POINT ( 'NONE',  ( -6.466838485689897276, 4.200000000000000178, 4.450000000000000178 ) ) ;
#8257 = DIRECTION ( 'NONE',  ( -0.000000000000000000, -1.000000000000000000, -0.000000000000000000 ) ) ;
#8256 = CARTESIAN_POINT ( 'NONE',  ( 0.000000000000000000, 4.200000000000000178, 0.000000000000000000 ) ) ;
#8258 = FACE_OUTER_BOUND ( 'NONE', #6962, .T. ) ;
#8259 = VECTOR ( 'NONE', #2971, 1000.000000000000000 ) ;
#8260 = CARTESIAN_POINT ( 'NONE',  ( 1.402862594083896797, 2.822557170216993150, 5.197777478867209311 ) ) ;
#8261 = AXIS2_PLACEMENT_3D ( 'NONE', #2898, #7444, #4489 ) ;
#8262 = DIRECTION ( 'NONE',  ( -0.000000000000000000, -1.000000000000000000, -0.000000000000000000 ) ) ;
#8263 = ORIENTED_EDGE ( 'NONE', *, *, #2485, .F. ) ;
#8264 = FACE_OUTER_BOUND ( 'NONE', #251, .T. ) ;
#8266 = DIRECTION ( 'NONE',  ( 0.000000000000000000, 0.000000000000000000, 1.000000000000000000 ) ) ;
#8265 = CARTESIAN_POINT ( 'NONE',  ( 6.744320587332403250, 0.000000000000000000, 2.793589056265138648 ) ) ;
#8267 = LINE ( 'NONE', #6793, #5338 ) ;
#8268 = ADVANCED_FACE ( 'NONE', ( #56 ), #8309, .F. ) ;
#8269 = ADVANCED_FACE ( 'NONE', ( #3090 ), #2350, .T. ) ;
#8270 = EDGE_CURVE ( 'NONE', #4700, #5602, #4786, .T. ) ;
#8271 = EDGE_CURVE ( 'NONE', #4115, #3805, #3160, .T. ) ;
#8272 = LINE ( 'NONE', #700, #8512 ) ;
#8273 = CARTESIAN_POINT ( 'NONE',  ( 3.749999999999999556, 0.5999999999999999778, 6.136993429163232292E-16 ) ) ;
#8275 = ORIENTED_EDGE ( 'NONE', *, *, #8513, .T. ) ;
#8274 = DIRECTION ( 'NONE',  ( -1.000000000000000000, -1.628108519144424427E-33, -2.567847250623563393E-16 ) ) ;
#8276 = CYLINDRICAL_SURFACE ( 'NONE', #7541, 5.500000000000000000 ) ;
#8278 = VERTEX_POINT ( 'NONE', #6398 ) ;
#8277 = DIRECTION ( 'NONE',  ( -1.000000000000000000, 0.000000000000000000, 0.000000000000000000 ) ) ;
#8279 = CARTESIAN_POINT ( 'NONE',  ( 0.000000000000000000, 4.200000000000000178, 0.000000000000000000 ) ) ;
#8280 = ORIENTED_EDGE ( 'NONE', *, *, #5393, .F. ) ;
#8281 = CARTESIAN_POINT ( 'NONE',  ( 1.899999999999999245, 0.2999999999999999889, -4.923692341845005593 ) ) ;
#8282 = VERTEX_POINT ( 'NONE', #8653 ) ;
#8284 = ORIENTED_EDGE ( 'NONE', *, *, #943, .F. ) ;
#8283 = CARTESIAN_POINT ( 'NONE',  ( 3.122502256758250403E-15, 4.200000000000000178, 5.849999999999995204 ) ) ;
#8285 = CARTESIAN_POINT ( 'NONE',  ( 3.050555351932489945, 2.498242567300921646, 5.599999999999997868 ) ) ;
#8286 = CARTESIAN_POINT ( 'NONE',  ( 4.300000000000000711, 4.200000000000000178, 4.740253157796533223 ) ) ;
#8287 = ORIENTED_EDGE ( 'NONE', *, *, #3830, .F. ) ;
#8288 = EDGE_LOOP ( 'NONE', ( #8381, #2236, #4597, #273 ) ) ;
#8289 = ORIENTED_EDGE ( 'NONE', *, *, #2680, .F. ) ;
#8290 = CARTESIAN_POINT ( 'NONE',  ( 0.3750000000000000000, 1.244188384379823598, 2.675794114407785251 ) ) ;
#8291 = CARTESIAN_POINT ( 'NONE',  ( 4.469960816887843360E-16, -0.6999999999999999556, -4.650000000000001243 ) ) ;
#8293 = ORIENTED_EDGE ( 'NONE', *, *, #5916, .T. ) ;
#8292 = LINE ( 'NONE', #722, #1188 ) ;
#8294 = ORIENTED_EDGE ( 'NONE', *, *, #4800, .F. ) ;
#8295 = LINE ( 'NONE', #3914, #8473 ) ;
#8296 = LINE ( 'NONE', #1558, #4784 ) ;
#8297 = VERTEX_POINT ( 'NONE', #4132 ) ;
#8298 = ORIENTED_EDGE ( 'NONE', *, *, #9413, .T. ) ;
#8299 = ORIENTED_EDGE ( 'NONE', *, *, #9528, .F. ) ;
#8300 = CYLINDRICAL_SURFACE ( 'NONE', #6927, 0.1999999999999996503 ) ;
#8302 = CARTESIAN_POINT ( 'NONE',  ( 0.9000000000000000222, 0.2999999999999996558, 8.959999999999995524 ) ) ;
#8301 = LINE ( 'NONE', #6732, #7573 ) ;
#8303 = DIRECTION ( 'NONE',  ( -0.000000000000000000, -0.2588190451025145777, -0.9659258262890699775 ) ) ;
#8304 = FACE_OUTER_BOUND ( 'NONE', #9077, .T. ) ;
#8305 = PLANE ( 'NONE',  #6328 ) ;
#8306 = ORIENTED_EDGE ( 'NONE', *, *, #8074, .F. ) ;
#8307 = AXIS2_PLACEMENT_3D ( 'NONE', #8170, #7527, #1528 ) ;
#8308 = CARTESIAN_POINT ( 'NONE',  ( -2.743224965086314970, 3.350000000000000533, 5.599999999999997868 ) ) ;
#8310 = DIRECTION ( 'NONE',  ( 0.000000000000000000, 1.000000000000000000, 0.000000000000000000 ) ) ;
#8309 = PLANE ( 'NONE',  #1746 ) ;
#8311 = DIRECTION ( 'NONE',  ( 1.000000000000000000, -0.000000000000000000, -1.239088197126291063E-16 ) ) ;
#8312 = EDGE_CURVE ( 'NONE', #8349, #2938, #5573, .T. ) ;
#8313 = AXIS2_PLACEMENT_3D ( 'NONE', #5717, #7918, #4936 ) ;
#8314 = VERTEX_POINT ( 'NONE', #4935 ) ;
#8315 = CLOSED_SHELL ( 'NONE', ( #5623, #7082, #6951, #6410, #2249, #6212, #9249, #575, #3815, #2467, #5759, #9341, #9232, #4169, #9509, #7866, #2099, #6623, #8719, #9231, #3094, #2624, #153, #7849, #7560, #7014, #4168, #7823, #6355, #1259, #7367, #1773, #5256, #4587, #4242, #290, #2403, #3331, #7317, #4269, #1484, #7002, #7996, #197, #517, #2285, #2428, #8336, #4735, #9466, #2044, #2788, #5522, #3750, #7115, #4255, #6302, #5933, #8900, #4506, #4847, #9349, #8157, #5060, #6447, #7948, #8742, #3128, #1150, #2916, #3854, #9159, #7819, #2782, #8335, #4104, #6474, #5213, #576, #4395, #6485, #8634, #32, #1058, #606, #1819 ) ) ;
#8316 = LINE ( 'NONE', #1530, #4789 ) ;
#8318 = VERTEX_POINT ( 'NONE', #5668 ) ;
#8317 = DIRECTION ( 'NONE',  ( -1.000000000000000000, 0.000000000000000000, 5.337610695313253357E-16 ) ) ;
#8319 = CARTESIAN_POINT ( 'NONE',  ( 6.359607445110738055, 4.200000000000000178, -3.783568836970204075 ) ) ;
#8321 = ORIENTED_EDGE ( 'NONE', *, *, #7439, .F. ) ;
#8320 = CARTESIAN_POINT ( 'NONE',  ( -4.299999999999999822, 0.5999999999999998668, 5.299999999999998046 ) ) ;
#8322 = AXIS2_PLACEMENT_3D ( 'NONE', #3756, #6759, #2276 ) ;
#8323 = CARTESIAN_POINT ( 'NONE',  ( 0.9000000000000015765, 0.2880988236554655191, -6.222380235268908599 ) ) ;
#8324 = EDGE_CURVE ( 'NONE', #803, #515, #1911, .T. ) ;
#8325 = VERTEX_POINT ( 'NONE', #7917 ) ;
#8326 = AXIS2_PLACEMENT_3D ( 'NONE', #4844, #8070, #1919 ) ;
#8328 = DIRECTION ( 'NONE',  ( -0.000000000000000000, -1.000000000000000000, -0.000000000000000000 ) ) ;
#8327 = VECTOR ( 'NONE', #6961, 1000.000000000000000 ) ;
#8329 = ORIENTED_EDGE ( 'NONE', *, *, #7777, .T. ) ;
#8331 = ORIENTED_EDGE ( 'NONE', *, *, #6719, .T. ) ;
#8330 = FACE_OUTER_BOUND ( 'NONE', #283, .T. ) ;
#8332 = EDGE_CURVE ( 'NONE', #8419, #5752, #9390, .T. ) ;
#8333 = LINE ( 'NONE', #867, #2180 ) ;
#8334 = LINE ( 'NONE', #7698, #7394 ) ;
#8335 = ADVANCED_FACE ( 'NONE', ( #1185 ), #6351, .T. ) ;
#8336 = ADVANCED_FACE ( 'NONE', ( #8560 ), #1044, .T. ) ;
#8337 = ORIENTED_EDGE ( 'NONE', *, *, #9393, .T. ) ;
#8338 = ADVANCED_FACE ( 'NONE', ( #1817 ), #3240, .T. ) ;
#8339 = ORIENTED_EDGE ( 'NONE', *, *, #2411, .F. ) ;
#8340 = DIRECTION ( 'NONE',  ( -0.000000000000000000, -1.000000000000000000, -0.000000000000000000 ) ) ;
#8341 = AXIS2_PLACEMENT_3D ( 'NONE', #8603, #402, #5798 ) ;
#8342 = DIRECTION ( 'NONE',  ( 1.000000000000000000, 0.000000000000000000, 0.000000000000000000 ) ) ;
#8343 = VECTOR ( 'NONE', #1233, 1000.000000000000114 ) ;
#8345 = ORIENTED_EDGE ( 'NONE', *, *, #1132, .T. ) ;
#8344 = DIRECTION ( 'NONE',  ( 0.2243753187149409856, 0.000000000000000000, -0.9745028046914840925 ) ) ;
#8346 = AXIS2_PLACEMENT_3D ( 'NONE', #5998, #2242, #6048 ) ;
#8347 = VECTOR ( 'NONE', #629, 1000.000000000000227 ) ;
#8348 = CARTESIAN_POINT ( 'NONE',  ( 0.000000000000000000, 4.200000000000000178, 0.000000000000000000 ) ) ;
#8349 = VERTEX_POINT ( 'NONE', #7820 ) ;
#8350 = EDGE_LOOP ( 'NONE', ( #253, #7700, #1062, #4764 ) ) ;
#8351 = DIRECTION ( 'NONE',  ( 0.000000000000000000, 1.000000000000000000, -0.000000000000000000 ) ) ;
#8353 = DIRECTION ( 'NONE',  ( 0.2516678542837350596, 0.06042010615679303809, -0.9659258262890699775 ) ) ;
#8352 = FACE_OUTER_BOUND ( 'NONE', #1177, .T. ) ;
#8354 = DIRECTION ( 'NONE',  ( 0.000000000000000000, 1.000000000000000000, -0.000000000000000000 ) ) ;
#8355 = VECTOR ( 'NONE', #6141, 1000.000000000000114 ) ;
#8356 = DIRECTION ( 'NONE',  ( 0.000000000000000000, 0.000000000000000000, -1.000000000000000000 ) ) ;
#8357 = CARTESIAN_POINT ( 'NONE',  ( 7.100000000000000533, 4.200000000000000178, 5.299999999999998046 ) ) ;
#8358 = ORIENTED_EDGE ( 'NONE', *, *, #7441, .F. ) ;
#8359 = AXIS2_PLACEMENT_3D ( 'NONE', #2298, #8163, #8114 ) ;
#8360 = CARTESIAN_POINT ( 'NONE',  ( -1.899999999999998801, 0.5999999999999999778, -1.224999999999999423 ) ) ;
#8362 = LINE ( 'NONE', #897, #4875 ) ;
#8361 = CARTESIAN_POINT ( 'NONE',  ( 3.023344536385590420, 2.183218014069269852, 5.599999999999997868 ) ) ;
#8363 = CARTESIAN_POINT ( 'NONE',  ( -5.424999999999998046, 1.599999999999999867, 5.899999999999997691 ) ) ;
#8364 = EDGE_CURVE ( 'NONE', #5814, #9688, #7042, .T. ) ;
#8365 = EDGE_CURVE ( 'NONE', #6245, #7083, #5716, .T. ) ;
#8366 = EDGE_LOOP ( 'NONE', ( #245, #8214, #4507, #3032 ) ) ;
#8367 = EDGE_CURVE ( 'NONE', #9603, #8651, #7960, .T. ) ;
#8368 = CARTESIAN_POINT ( 'NONE',  ( -7.099999999999998757, 4.200000000000000178, 5.299999999999999822 ) ) ;
#8370 = VERTEX_POINT ( 'NONE', #7090 ) ;
#8369 = PLANE ( 'NONE',  #7640 ) ;
#8371 = ADVANCED_FACE ( 'NONE', ( #1224 ), #9240, .T. ) ;
#8372 = CARTESIAN_POINT ( 'NONE',  ( 3.918869757271530460E-16, -0.6999999999999999556, 3.299999999999998046 ) ) ;
#8374 = EDGE_LOOP ( 'NONE', ( #8883, #9400, #7168, #6090 ) ) ;
#8373 = FACE_OUTER_BOUND ( 'NONE', #7053, .T. ) ;
#8375 = CARTESIAN_POINT ( 'NONE',  ( 3.549999999999998934, 0.2999999999999999889, -1.224999999999999201 ) ) ;
#8376 = VECTOR ( 'NONE', #9308, 1000.000000000000114 ) ;
#8377 = VECTOR ( 'NONE', #3935, 1000.000000000000000 ) ;
#8378 = DIRECTION ( 'NONE',  ( -0.9745028046914839814, 0.000000000000000000, -0.2243753187149407913 ) ) ;
#8379 = VERTEX_POINT ( 'NONE', #2599 ) ;
#8381 = ORIENTED_EDGE ( 'NONE', *, *, #4161, .F. ) ;
#8380 = DIRECTION ( 'NONE',  ( -0.3420201433256630508, 0.000000000000000000, 0.9396926207859104263 ) ) ;
#8382 = VECTOR ( 'NONE', #6325, 1000.000000000000000 ) ;
#8383 = DIRECTION ( 'NONE',  ( -0.000000000000000000, -0.000000000000000000, 1.000000000000000000 ) ) ;
#8384 = CARTESIAN_POINT ( 'NONE',  ( 7.100000000000005862, 4.200000000000000178, 7.245021576138443087E-15 ) ) ;
#8385 = VERTEX_POINT ( 'NONE', #403 ) ;
#8386 = VERTEX_POINT ( 'NONE', #4219 ) ;
#8387 = DIRECTION ( 'NONE',  ( 1.000000000000000000, -0.000000000000000000, 0.000000000000000000 ) ) ;
#8388 = EDGE_CURVE ( 'NONE', #1057, #8314, #5618, .T. ) ;
#8389 = EDGE_CURVE ( 'NONE', #7943, #2562, #259, .T. ) ;
#8390 = ADVANCED_FACE ( 'NONE', ( #5523 ), #9486, .F. ) ;
#8391 = EDGE_CURVE ( 'NONE', #5100, #916, #7101, .T. ) ;
#8393 = VERTEX_POINT ( 'NONE', #6633 ) ;
#8392 = DIRECTION ( 'NONE',  ( -1.000000000000000000, -0.000000000000000000, 0.000000000000000000 ) ) ;
#8394 = AXIS2_PLACEMENT_3D ( 'NONE', #2260, #3053, #6066 ) ;
#8395 = PLANE ( 'NONE',  #783 ) ;
#8396 = DIRECTION ( 'NONE',  ( -0.000000000000000000, -1.000000000000000000, -0.000000000000000000 ) ) ;
#8397 = ORIENTED_EDGE ( 'NONE', *, *, #4241, .F. ) ;
#8398 = ORIENTED_EDGE ( 'NONE', *, *, #1735, .T. ) ;
#8399 = CARTESIAN_POINT ( 'NONE',  ( 4.590942030465842372, 3.199999999999998845, 5.565065611077388397 ) ) ;
#8401 = CARTESIAN_POINT ( 'NONE',  ( 0.4409716802473783726, 2.360234174678017549, 4.918241908473789614 ) ) ;
#8400 = DIRECTION ( 'NONE',  ( -0.000000000000000000, -1.000000000000000000, -0.000000000000000000 ) ) ;
#8402 = CARTESIAN_POINT ( 'NONE',  ( -0.8750000000000000000, 0.5999999999999999778, -4.499999999999999112 ) ) ;
#8403 = CIRCLE ( 'NONE', #7779, 0.5999999999999998668 ) ;
#8404 = DIRECTION ( 'NONE',  ( -0.000000000000000000, -1.000000000000000000, -0.000000000000000000 ) ) ;
#8405 = UNCERTAINTY_MEASURE_WITH_UNIT (LENGTH_MEASURE( 1.000000000000000082E-05 ), #2209, 'distance_accuracy_value', 'NONE');
#8406 = DIRECTION ( 'NONE',  ( -0.4027466898587341304, 0.000000000000000000, -0.9153114791194484345 ) ) ;
#8407 = EDGE_LOOP ( 'NONE', ( #2394, #7445, #4069, #3250 ) ) ;
#8408 = AXIS2_PLACEMENT_3D ( 'NONE', #6626, #9026, #5844 ) ;
#8409 = DIRECTION ( 'NONE',  ( 0.000000000000000000, 1.000000000000000000, -0.000000000000000000 ) ) ;
#8411 = DIRECTION ( 'NONE',  ( -0.9965655024977615462, 0.000000000000000000, -0.08280820751220147047 ) ) ;
#8410 = PLANE ( 'NONE',  #493 ) ;
#8412 = CARTESIAN_POINT ( 'NONE',  ( -3.000000000000000000, 2.280455006109038507, 5.299999999999998046 ) ) ;
#8413 = AXIS2_PLACEMENT_3D ( 'NONE', #9245, #4791, #2505 ) ;
#8414 = CIRCLE ( 'NONE', #2908, 0.5749999999999999556 ) ;
#8415 = VERTEX_POINT ( 'NONE', #5898 ) ;
#8416 = LINE ( 'NONE', #3193, #6971 ) ;
#8417 = DIRECTION ( 'NONE',  ( 0.000000000000000000, 1.000000000000000000, -0.000000000000000000 ) ) ;
#8419 = VERTEX_POINT ( 'NONE', #9571 ) ;
#8418 = DIRECTION ( 'NONE',  ( 1.000000000000000000, -0.000000000000000000, 0.000000000000000000 ) ) ;
#8420 = DIRECTION ( 'NONE',  ( -0.9965655024977615462, 0.000000000000000000, 0.08280820751220169251 ) ) ;
#8422 = ORIENTED_EDGE ( 'NONE', *, *, #5566, .T. ) ;
#8421 = DIRECTION ( 'NONE',  ( 0.000000000000000000, 0.000000000000000000, 1.000000000000000000 ) ) ;
#8423 = VERTEX_POINT ( 'NONE', #2783 ) ;
#8424 = CARTESIAN_POINT ( 'NONE',  ( 0.9000000000000027978, 0.3000000000000012101, -10.49000000000000199 ) ) ;
#8425 = EDGE_CURVE ( 'NONE', #4779, #8830, #489, .T. ) ;
#8426 = ORIENTED_EDGE ( 'NONE', *, *, #1851, .F. ) ;
#8427 = CARTESIAN_POINT ( 'NONE',  ( -6.616046845367560714, 4.200000000000000178, -3.085113310707079393 ) ) ;
#8428 = ORIENTED_EDGE ( 'NONE', *, *, #5760, .F. ) ;
#8430 = ORIENTED_EDGE ( 'NONE', *, *, #8854, .F. ) ;
#8429 = LINE ( 'NONE', #6171, #7314 ) ;
#8431 = DIRECTION ( 'NONE',  ( -0.000000000000000000, -1.000000000000000000, -0.000000000000000000 ) ) ;
#8432 = DIRECTION ( 'NONE',  ( 1.755336071207032826E-16, 0.7619764731093040533, -0.6476047053781389673 ) ) ;
#8433 = ORIENTED_EDGE ( 'NONE', *, *, #6074, .F. ) ;
#8434 = CARTESIAN_POINT ( 'NONE',  ( -5.424999999999998046, 3.200000000000000622, 5.899999999999997691 ) ) ;
#8435 = EDGE_LOOP ( 'NONE', ( #6120, #4272, #1329, #5544 ) ) ;
#8436 = ADVANCED_FACE ( 'NONE', ( #2744 ), #584, .T. ) ;
#8437 = VECTOR ( 'NONE', #2232, 1000.000000000000000 ) ;
#8439 = ORIENTED_EDGE ( 'NONE', *, *, #469, .T. ) ;
#8438 = CARTESIAN_POINT ( 'NONE',  ( -0.8999999999999989120, 1.246832498358330099E-15, -10.49000000000000199 ) ) ;
#8440 = DIRECTION ( 'NONE',  ( 0.000000000000000000, 1.000000000000000000, 0.000000000000000000 ) ) ;
#8441 = PLANE ( 'NONE',  #1253 ) ;
#8442 = ORIENTED_EDGE ( 'NONE', *, *, #5173, .F. ) ;
#8443 = ORIENTED_EDGE ( 'NONE', *, *, #3420, .T. ) ;
#8444 = DIRECTION ( 'NONE',  ( 0.000000000000000000, 0.000000000000000000, -1.000000000000000000 ) ) ;
#8446 = DIRECTION ( 'NONE',  ( -1.000000000000000000, -0.000000000000000000, -0.000000000000000000 ) ) ;
#8445 = FACE_OUTER_BOUND ( 'NONE', #6799, .T. ) ;
#8447 = EDGE_CURVE ( 'NONE', #7030, #2132, #2931, .T. ) ;
#8448 = LINE ( 'NONE', #1702, #4149 ) ;
#8449 = EDGE_CURVE ( 'NONE', #843, #6424, #2833, .T. ) ;
#8450 = ADVANCED_FACE ( 'NONE', ( #5018 ), #8743, .F. ) ;
#8451 = CARTESIAN_POINT ( 'NONE',  ( 0.000000000000000000, 4.200000000000000178, 0.000000000000000000 ) ) ;
#8452 = DIRECTION ( 'NONE',  ( -0.9676937674929104727, 0.000000000000000000, 0.2521284838239758463 ) ) ;
#8453 = ORIENTED_EDGE ( 'NONE', *, *, #4289, .F. ) ;
#8454 = EDGE_CURVE ( 'NONE', #4508, #2615, #3671, .T. ) ;
#8455 = LINE ( 'NONE', #3089, #1267 ) ;
#8457 = DIRECTION ( 'NONE',  ( 1.000000000000000000, -0.000000000000000000, 0.000000000000000000 ) ) ;
#8456 = CARTESIAN_POINT ( 'NONE',  ( -3.749999999999999556, 0.5999999999999999778, 6.136993429163232292E-16 ) ) ;
#8458 = EDGE_CURVE ( 'NONE', #4333, #7871, #4368, .T. ) ;
#8459 = EDGE_CURVE ( 'NONE', #4274, #7938, #7423, .T. ) ;
#8460 = DIRECTION ( 'NONE',  ( -0.7343225094356883309, 0.000000000000000000, -0.6788007455329387874 ) ) ;
#8461 = VECTOR ( 'NONE', #8311, 1000.000000000000000 ) ;
#8462 = ORIENTED_EDGE ( 'NONE', *, *, #8449, .T. ) ;
#8463 = DIRECTION ( 'NONE',  ( 1.000000000000000000, 0.000000000000000000, 0.000000000000000000 ) ) ;
#8464 = DIRECTION ( 'NONE',  ( 1.000000000000000000, -0.000000000000000000, -0.000000000000000000 ) ) ;
#8466 = VERTEX_POINT ( 'NONE', #8152 ) ;
#8465 = CARTESIAN_POINT ( 'NONE',  ( 0.000000000000000000, 4.200000000000000178, 4.899999999999997691 ) ) ;
#8467 = DIRECTION ( 'NONE',  ( 0.000000000000000000, 0.000000000000000000, 1.000000000000000000 ) ) ;
#8469 = ORIENTED_EDGE ( 'NONE', *, *, #4632, .F. ) ;
#8468 = DIRECTION ( 'NONE',  ( -0.000000000000000000, -1.000000000000000000, -0.000000000000000000 ) ) ;
#8470 = VECTOR ( 'NONE', #7821, 1000.000000000000000 ) ;
#8471 = FACE_OUTER_BOUND ( 'NONE', #6712, .T. ) ;
#8472 = EDGE_LOOP ( 'NONE', ( #9621, #1334, #9535, #8613 ) ) ;
#8473 = VECTOR ( 'NONE', #3575, 1000.000000000000227 ) ;
#8474 = CIRCLE ( 'NONE', #2023, 0.1999999999999996503 ) ;
#8475 = CARTESIAN_POINT ( 'NONE',  ( 0.000000000000000000, 0.7598076211353289589, -0.1377635896925223646 ) ) ;
#8476 = ORIENTED_EDGE ( 'NONE', *, *, #9467, .F. ) ;
#8478 = ORIENTED_EDGE ( 'NONE', *, *, #9086, .T. ) ;
#8477 = DIRECTION ( 'NONE',  ( 0.7343225094356882199, 0.000000000000000000, 0.6788007455329388984 ) ) ;
#8479 = AXIS2_PLACEMENT_3D ( 'NONE', #6513, #2017, #5689 ) ;
#8480 = VECTOR ( 'NONE', #5317, 1000.000000000000000 ) ;
#8481 = VECTOR ( 'NONE', #7148, 1000.000000000000000 ) ;
#8482 = DIRECTION ( 'NONE',  ( 0.000000000000000000, -0.000000000000000000, 1.000000000000000000 ) ) ;
#8484 = ORIENTED_EDGE ( 'NONE', *, *, #3883, .T. ) ;
#8483 = DIRECTION ( 'NONE',  ( -0.000000000000000000, -1.000000000000000000, -0.000000000000000000 ) ) ;
#8485 = ORIENTED_EDGE ( 'NONE', *, *, #6743, .T. ) ;
#8486 = ORIENTED_EDGE ( 'NONE', *, *, #5464, .F. ) ;
#8487 = AXIS2_PLACEMENT_3D ( 'NONE', #3056, #2219, #8228 ) ;
#8488 = VECTOR ( 'NONE', #3364, 1000.000000000000000 ) ;
#8490 = ORIENTED_EDGE ( 'NONE', *, *, #1984, .F. ) ;
#8489 = CARTESIAN_POINT ( 'NONE',  ( -4.299999999999998934, 4.200000000000000178, 4.740253157796534111 ) ) ;
#8491 = EDGE_CURVE ( 'NONE', #180, #532, #4750, .T. ) ;
#8492 = CARTESIAN_POINT ( 'NONE',  ( 7.100000000000005862, 0.000000000000000000, 7.245021576138443087E-15 ) ) ;
#8493 = CARTESIAN_POINT ( 'NONE',  ( 1.652671250527564029, 0.000000000000000000, 7.177851726723113224 ) ) ;
#8494 = CIRCLE ( 'NONE', #804, 0.2250000000000000333 ) ;
#8495 = EDGE_LOOP ( 'NONE', ( #5411, #5883, #5894, #4141, #3709, #7659, #6603, #5291, #9119, #4364, #4536, #6047, #9064, #4295, #8958, #3633 ) ) ;
#8496 = VECTOR ( 'NONE', #9690, 1000.000000000000114 ) ;
#8497 = CARTESIAN_POINT ( 'NONE',  ( 0.000000000000000000, 0.000000000000000000, 0.000000000000000000 ) ) ;
#8499 = CARTESIAN_POINT ( 'NONE',  ( -1.966431582964760061, 1.293770569649665525, 4.534877215452723043 ) ) ;
#8498 = DIRECTION ( 'NONE',  ( -0.000000000000000000, -1.000000000000000000, -0.000000000000000000 ) ) ;
#8500 = DIRECTION ( 'NONE',  ( 1.000000000000000000, 0.000000000000000000, 0.000000000000000000 ) ) ;
#8501 = AXIS2_PLACEMENT_3D ( 'NONE', #5507, #3974, #7765 ) ;
#8502 = PRESENTATION_LAYER_ASSIGNMENT (  '', '', ( #18 ) ) ;
#8503 = ORIENTED_EDGE ( 'NONE', *, *, #8747, .T. ) ;
#8504 = CARTESIAN_POINT ( 'NONE',  ( -2.980325504954631999, 0.000000000000000000, -6.773304945483917372 ) ) ;
#8505 = DIRECTION ( 'NONE',  ( -0.000000000000000000, -0.000000000000000000, 1.000000000000000000 ) ) ;
#8506 = ORIENTED_EDGE ( 'NONE', *, *, #5866, .T. ) ;
#8507 = DIRECTION ( 'NONE',  ( 0.000000000000000000, 0.000000000000000000, -1.000000000000000000 ) ) ;
#8509 = CARTESIAN_POINT ( 'NONE',  ( -1.050000000000000044, 0.000000000000000000, -6.190000000000002167 ) ) ;
#8508 = CARTESIAN_POINT ( 'NONE',  ( -2.157866156935102087, 3.003817488687372528, 5.599999999999997868 ) ) ;
#8510 = LINE ( 'NONE', #4788, #3980 ) ;
#8511 = CIRCLE ( 'NONE', #4270, 7.300000000000003375 ) ;
#8512 = VECTOR ( 'NONE', #6796, 1000.000000000000114 ) ;
#8513 = EDGE_CURVE ( 'NONE', #766, #2504, #9525, .T. ) ;
#8514 = EDGE_CURVE ( 'NONE', #803, #9244, #534, .T. ) ;
#8516 = ORIENTED_EDGE ( 'NONE', *, *, #7800, .T. ) ;
#8515 = AXIS2_PLACEMENT_3D ( 'NONE', #2054, #7970, #4940 ) ;
#8517 = EDGE_CURVE ( 'NONE', #4288, #9654, #7891, .T. ) ;
#8518 = DIRECTION ( 'NONE',  ( -1.000000000000000000, 0.000000000000000000, 2.302730277845320112E-16 ) ) ;
#8519 = DIRECTION ( 'NONE',  ( 1.314184451497581013E-16, 0.000000000000000000, -1.000000000000000000 ) ) ;
#8521 = ORIENTED_EDGE ( 'NONE', *, *, #8541, .T. ) ;
#8520 = DIRECTION ( 'NONE',  ( 0.9723699203976781114, -0.2334453638558991462, 0.000000000000000000 ) ) ;
#8522 = DIRECTION ( 'NONE',  ( 0.000000000000000000, 0.000000000000000000, 1.000000000000000000 ) ) ;
#8524 = EDGE_LOOP ( 'NONE', ( #5778, #415, #399, #3583 ) ) ;
#8523 = DIRECTION ( 'NONE',  ( 0.000000000000000000, 1.000000000000000000, 0.000000000000000000 ) ) ;
#8525 = LINE ( 'NONE', #8424, #7835 ) ;
#8526 = ORIENTED_EDGE ( 'NONE', *, *, #7730, .F. ) ;
#8527 = AXIS2_PLACEMENT_3D ( 'NONE', #2640, #4932, #4216 ) ;
#8528 = VERTEX_POINT ( 'NONE', #3527 ) ;
#8529 = DIRECTION ( 'NONE',  ( 0.2334453638558997013, 0.9723699203976780003, 5.646886315028669338E-17 ) ) ;
#8530 = ORIENTED_EDGE ( 'NONE', *, *, #9084, .T. ) ;
#8532 = ORIENTED_EDGE ( 'NONE', *, *, #4553, .F. ) ;
#8531 = DIRECTION ( 'NONE',  ( 0.000000000000000000, -0.2588190451025145777, -0.9659258262890699775 ) ) ;
#8533 = DIRECTION ( 'NONE',  ( -2.710505431213760592E-16, -1.141265444721584004E-16, 1.000000000000000000 ) ) ;
#8534 = DIRECTION ( 'NONE',  ( 0.000000000000000000, 1.000000000000000000, 0.000000000000000000 ) ) ;
#8536 = EDGE_LOOP ( 'NONE', ( #8004, #1966, #9469, #8117 ) ) ;
#8535 = DIRECTION ( 'NONE',  ( 0.000000000000000000, 0.000000000000000000, 1.000000000000000000 ) ) ;
#8537 = EDGE_CURVE ( 'NONE', #4656, #9059, #5068, .T. ) ;
#8538 = ORIENTED_EDGE ( 'NONE', *, *, #4734, .T. ) ;
#8539 = VECTOR ( 'NONE', #9441, 1000.000000000000000 ) ;
#8540 = EDGE_LOOP ( 'NONE', ( #41, #7286, #9516, #2639 ) ) ;
#8541 = EDGE_CURVE ( 'NONE', #4794, #6766, #1465, .T. ) ;
#8543 = ORIENTED_EDGE ( 'NONE', *, *, #677, .T. ) ;
#8542 = DIRECTION ( 'NONE',  ( -0.9676937674929104727, 0.000000000000000000, 0.2521284838239758463 ) ) ;
#8544 = SURFACE_SIDE_STYLE ('',( #4821 ) ) ;
#8545 = CARTESIAN_POINT ( 'NONE',  ( 1.400000000000000799, 4.200000000000000178, 6.517713239141811776 ) ) ;
#8546 = AXIS2_PLACEMENT_3D ( 'NONE', #3515, #6527, #8598 ) ;
#8547 = VERTEX_POINT ( 'NONE', #4323 ) ;
#8548 = DIRECTION ( 'NONE',  ( -0.000000000000000000, -1.000000000000000000, -0.000000000000000000 ) ) ;
#8550 = CARTESIAN_POINT ( 'NONE',  ( -4.219813216640448950, 4.200000000000000178, -4.811774767865448332 ) ) ;
#8549 = CARTESIAN_POINT ( 'NONE',  ( -7.241636132661928293, 4.200000000000000178, -0.9212524746915267126 ) ) ;
#8551 = DIRECTION ( 'NONE',  ( 0.000000000000000000, 0.000000000000000000, 1.000000000000000000 ) ) ;
#8552 = ADVANCED_FACE ( 'NONE', ( #7224 ), #6490, .F. ) ;
#8553 = EDGE_CURVE ( 'NONE', #5714, #4906, #8985, .T. ) ;
#8554 = CIRCLE ( 'NONE', #3050, 0.05000000000000056483 ) ;
#8555 = EDGE_LOOP ( 'NONE', ( #6231, #1763, #7903, #8433 ) ) ;
#8556 = LINE ( 'NONE', #9235, #9186 ) ;
#8557 = DIRECTION ( 'NONE',  ( -0.000000000000000000, -1.000000000000000000, -0.000000000000000000 ) ) ;
#8558 = VERTEX_POINT ( 'NONE', #2243 ) ;
#8559 = CARTESIAN_POINT ( 'NONE',  ( -0.3750000000000000000, 0.6000000000000000888, -0.7999999999999988232 ) ) ;
#8561 = DIRECTION ( 'NONE',  ( -0.9238795325112877377, 0.000000000000000000, 0.3826834323650874503 ) ) ;
#8560 = FACE_OUTER_BOUND ( 'NONE', #3147, .T. ) ;
#8562 = CARTESIAN_POINT ( 'NONE',  ( -3.249999999999999556, 0.5999999999999999778, -1.224999999999999201 ) ) ;
#8563 = CIRCLE ( 'NONE', #2890, 7.399999999999998579 ) ;
#8564 = AXIS2_PLACEMENT_3D ( 'NONE', #4114, #3461, #3321 ) ;
#8565 = EDGE_LOOP ( 'NONE', ( #1645, #7952, #443, #7333 ) ) ;
#8566 = CARTESIAN_POINT ( 'NONE',  ( -1.899999999999998579, 0.5999999999999999778, 1.225000000000000311 ) ) ;
#8567 = DIRECTION ( 'NONE',  ( -0.000000000000000000, -1.000000000000000000, -0.000000000000000000 ) ) ;
#8569 = EDGE_LOOP ( 'NONE', ( #8275, #6663, #5314, #7712 ) ) ;
#8568 = DIRECTION ( 'NONE',  ( -0.000000000000000000, -1.000000000000000000, -0.000000000000000000 ) ) ;
#8570 = FACE_OUTER_BOUND ( 'NONE', #6256, .T. ) ;
#8572 = ORIENTED_EDGE ( 'NONE', *, *, #3253, .F. ) ;
#8571 = DIRECTION ( 'NONE',  ( 0.000000000000000000, 0.000000000000000000, 1.000000000000000000 ) ) ;
#8573 = DIRECTION ( 'NONE',  ( -0.000000000000000000, -0.9659258262890699775, 0.2588190451025145777 ) ) ;
#8574 = ADVANCED_FACE ( 'NONE', ( #8352 ), #4517, .F. ) ;
#8575 = EDGE_CURVE ( 'NONE', #3714, #9421, #137, .T. ) ;
#8576 = ADVANCED_FACE ( 'NONE', ( #7514 ), #4570, .F. ) ;
#8577 = VERTEX_POINT ( 'NONE', #1615 ) ;
#8578 = ORIENTED_EDGE ( 'NONE', *, *, #1708, .T. ) ;
#8579 = AXIS2_PLACEMENT_3D ( 'NONE', #653, #5820, #2015 ) ;
#8580 = EDGE_CURVE ( 'NONE', #5586, #8651, #7570, .T. ) ;
#8581 = ORIENTED_EDGE ( 'NONE', *, *, #3007, .T. ) ;
#8583 = VERTEX_POINT ( 'NONE', #44 ) ;
#8582 = CARTESIAN_POINT ( 'NONE',  ( 0.000000000000000000, 4.200000000000000178, 0.000000000000000000 ) ) ;
#8584 = VECTOR ( 'NONE', #3942, 999.9999999999998863 ) ;
#8585 = FACE_OUTER_BOUND ( 'NONE', #2036, .T. ) ;
#8586 = CARTESIAN_POINT ( 'NONE',  ( -5.674999999999997158, 1.349999999999999645, 5.599999999999997868 ) ) ;
#8588 = VERTEX_POINT ( 'NONE', #192 ) ;
#8587 = CARTESIAN_POINT ( 'NONE',  ( -3.100000000000000533, 2.280455006109038507, 5.599999999999997868 ) ) ;
#8589 = ADVANCED_FACE ( 'NONE', ( #5268 ), #836, .T. ) ;
#8590 = ORIENTED_EDGE ( 'NONE', *, *, #751, .T. ) ;
#8592 = ORIENTED_EDGE ( 'NONE', *, *, #5762, .T. ) ;
#8591 = DIRECTION ( 'NONE',  ( -0.000000000000000000, -1.000000000000000000, -0.000000000000000000 ) ) ;
#8593 = CARTESIAN_POINT ( 'NONE',  ( 7.274928168233662618, 4.200000000000000178, 0.6044999148390709509 ) ) ;
#8594 = DIRECTION ( 'NONE',  ( -0.9790454724845831791, 0.000000000000000000, -0.2036417511401809044 ) ) ;
#8595 = ORIENTED_EDGE ( 'NONE', *, *, #8312, .T. ) ;
#8597 = CYLINDRICAL_SURFACE ( 'NONE', #2181, 7.400000000000000355 ) ;
#8596 = DIRECTION ( 'NONE',  ( 0.2036417511401809599, 0.000000000000000000, 0.9790454724845830681 ) ) ;
#8598 = DIRECTION ( 'NONE',  ( 0.9063077870366509359, 0.000000000000000000, 0.4226182617406973874 ) ) ;
#8599 = ORIENTED_EDGE ( 'NONE', *, *, #5070, .F. ) ;
#8600 = DIRECTION ( 'NONE',  ( -0.2516678542837350596, 0.06042010615679307278, -0.9659258262890699775 ) ) ;
#8601 = CARTESIAN_POINT ( 'NONE',  ( -2.840461957126082737, 3.373344536385590509, 5.599999999999997868 ) ) ;
#8602 = VERTEX_POINT ( 'NONE', #6828 ) ;
#8603 = CARTESIAN_POINT ( 'NONE',  ( -6.699999999999998401, 0.000000000000000000, 6.149999999999999467 ) ) ;
#8605 = FACE_OUTER_BOUND ( 'NONE', #4690, .T. ) ;
#8604 = CARTESIAN_POINT ( 'NONE',  ( -0.3654713239622580656, 2.342108142830980011, 5.208019656360511007 ) ) ;
#8606 = DIRECTION ( 'NONE',  ( 0.000000000000000000, 0.000000000000000000, -1.000000000000000000 ) ) ;
#8607 = EDGE_CURVE ( 'NONE', #5941, #40, #1753, .T. ) ;
#8608 = ADVANCED_FACE ( 'NONE', ( #1563 ), #6094, .F. ) ;
#8609 = ORIENTED_EDGE ( 'NONE', *, *, #7985, .F. ) ;
#8610 = CARTESIAN_POINT ( 'NONE',  ( 1.899999999999999245, 0.5999999999999999778, -4.923692341845005593 ) ) ;
#8611 = CARTESIAN_POINT ( 'NONE',  ( -1.495608527427099155, 4.200000000000000178, 6.495699763439076513 ) ) ;
#8613 = ORIENTED_EDGE ( 'NONE', *, *, #1107, .F. ) ;
#8612 = CARTESIAN_POINT ( 'NONE',  ( -2.397482197861802611, 0.5999999999999999778, -5.933976669227455147 ) ) ;
#8614 = CARTESIAN_POINT ( 'NONE',  ( -4.219813216640449838, 4.200000000000000178, -4.811774767865450109 ) ) ;
#8616 = VERTEX_POINT ( 'NONE', #6191 ) ;
#8615 = LINE ( 'NONE', #4233, #4904 ) ;
#8617 = VERTEX_POINT ( 'NONE', #9080 ) ;
#8618 = CARTESIAN_POINT ( 'NONE',  ( 0.8749999999999995559, 0.6170370868554651000, -0.6705904774487415620 ) ) ;
#8619 = VERTEX_POINT ( 'NONE', #7615 ) ;
#8620 = VECTOR ( 'NONE', #3400, 1000.000000000000000 ) ;
#8622 = EDGE_LOOP ( 'NONE', ( #1515, #4997, #1516, #1407 ) ) ;
#8621 = CARTESIAN_POINT ( 'NONE',  ( -0.9000000000000000222, 0.5166917655882565796, -6.416661646882352521 ) ) ;
#8623 = DIRECTION ( 'NONE',  ( -0.000000000000000000, -1.000000000000000000, -0.000000000000000000 ) ) ;
#8624 = CARTESIAN_POINT ( 'NONE',  ( -0.9000000000000000222, 0.5999999999999999778, -6.190000000000002167 ) ) ;
#8626 = ORIENTED_EDGE ( 'NONE', *, *, #5149, .T. ) ;
#8625 = CARTESIAN_POINT ( 'NONE',  ( -4.445813570937528603, 0.000000000000000000, -4.603774722167421452 ) ) ;
#8627 = VECTOR ( 'NONE', #8091, 1000.000000000000000 ) ;
#8628 = AXIS2_PLACEMENT_3D ( 'NONE', #6733, #8257, #8108 ) ;
#8629 = ORIENTED_EDGE ( 'NONE', *, *, #7296, .T. ) ;
#8630 = CIRCLE ( 'NONE', #1240, 7.399999999999998579 ) ;
#8631 = VECTOR ( 'NONE', #1205, 1000.000000000000114 ) ;
#8632 = AXIS2_PLACEMENT_3D ( 'NONE', #6873, #2441, #5462 ) ;
#8633 = ORIENTED_EDGE ( 'NONE', *, *, #3601, .F. ) ;
#8634 = ADVANCED_FACE ( 'NONE', ( #9183 ), #6049, .T. ) ;
#8635 = EDGE_CURVE ( 'NONE', #7398, #8588, #2440, .T. ) ;
#8637 = ORIENTED_EDGE ( 'NONE', *, *, #4519, .T. ) ;
#8636 = DIRECTION ( 'NONE',  ( -5.429601775061487161E-15, 0.000000000000000000, 1.000000000000000000 ) ) ;
#8638 = DIRECTION ( 'NONE',  ( 1.000000000000000000, 0.000000000000000000, 0.000000000000000000 ) ) ;
#8639 = CARTESIAN_POINT ( 'NONE',  ( 3.594691988755335466, 0.000000000000000000, -6.353596580361256407 ) ) ;
#8640 = ORIENTED_EDGE ( 'NONE', *, *, #2850, .F. ) ;
#8642 = DIRECTION ( 'NONE',  ( 0.000000000000000000, 1.000000000000000000, 0.000000000000000000 ) ) ;
#8641 = DIRECTION ( 'NONE',  ( -0.000000000000000000, -1.000000000000000000, -0.000000000000000000 ) ) ;
#8643 = AXIS2_PLACEMENT_3D ( 'NONE', #5815, #1867, #4334 ) ;
#8644 = CARTESIAN_POINT ( 'NONE',  ( 0.000000000000000000, 0.000000000000000000, -0.000000000000000000 ) ) ;
#8645 = VECTOR ( 'NONE', #3486, 1000.000000000000000 ) ;
#8646 = ORIENTED_EDGE ( 'NONE', *, *, #9592, .T. ) ;
#8647 = DIRECTION ( 'NONE',  ( 0.9396926207859105373, -1.201162510494325407E-15, -0.3420201433256628287 ) ) ;
#8648 = AXIS2_PLACEMENT_3D ( 'NONE', #5126, #793, #8896 ) ;
#8649 = VECTOR ( 'NONE', #4603, 1000.000000000000114 ) ;
#8650 = CARTESIAN_POINT ( 'NONE',  ( 0.2296433060131564119, 2.309498720833448093, 4.860007623325723891 ) ) ;
#8651 = VERTEX_POINT ( 'NONE', #5461 ) ;
#8652 = DIRECTION ( 'NONE',  ( 0.000000000000000000, 0.000000000000000000, 1.000000000000000000 ) ) ;
#8654 = CARTESIAN_POINT ( 'NONE',  ( 0.000000000000000000, 4.200000000000000178, 0.000000000000000000 ) ) ;
#8653 = CARTESIAN_POINT ( 'NONE',  ( -0.3501680457838487470, 1.541445119403483055, 5.599999999999997868 ) ) ;
#8655 = CARTESIAN_POINT ( 'NONE',  ( 2.274999999999999467, 0.2999999999999999889, -0.7999999999999988232 ) ) ;
#8656 = AXIS2_PLACEMENT_3D ( 'NONE', #2194, #5215, #2439 ) ;
#8657 = AXIS2_PLACEMENT_3D ( 'NONE', #5679, #7239, #4944 ) ;
#8658 = ADVANCED_FACE ( 'NONE', ( #8445 ), #3873, .T. ) ;
#8659 = CARTESIAN_POINT ( 'NONE',  ( -0.1771180991455788833, 2.528281952922926124, 4.860007623325723891 ) ) ;
#8660 = LINE ( 'NONE', #450, #9465 ) ;
#8662 = ORIENTED_EDGE ( 'NONE', *, *, #2699, .F. ) ;
#8661 = CARTESIAN_POINT ( 'NONE',  ( 2.278905617951796359, 1.599999999999999201, 6.406578045772098662 ) ) ;
#8663 = VECTOR ( 'NONE', #6023, 1000.000000000000114 ) ;
#8664 =( GEOMETRIC_REPRESENTATION_CONTEXT ( 3 ) GLOBAL_UNCERTAINTY_ASSIGNED_CONTEXT ( ( #6931 ) ) GLOBAL_UNIT_ASSIGNED_CONTEXT ( ( #643, #4335, #2846 ) ) REPRESENTATION_CONTEXT ( 'NONE', 'WORKASPACE' ) );
#8665 = DIRECTION ( 'NONE',  ( 0.000000000000000000, 1.000000000000000000, -0.000000000000000000 ) ) ;
#8667 = VERTEX_POINT ( 'NONE', #7469 ) ;
#8666 = DIRECTION ( 'NONE',  ( 0.000000000000000000, 1.000000000000000000, -0.000000000000000000 ) ) ;
#8668 = ORIENTED_EDGE ( 'NONE', *, *, #4541, .T. ) ;
#8669 = DIRECTION ( 'NONE',  ( -0.000000000000000000, 0.000000000000000000, 1.000000000000000000 ) ) ;
#8670 = ORIENTED_EDGE ( 'NONE', *, *, #4979, .F. ) ;
#8671 = ADVANCED_FACE ( 'NONE', ( #4619 ), #883, .F. ) ;
#8672 = EDGE_CURVE ( 'NONE', #594, #3439, #8301, .T. ) ;
#8673 = VECTOR ( 'NONE', #8788, 1000.000000000000000 ) ;
#8674 = EDGE_CURVE ( 'NONE', #8602, #7105, #3229, .T. ) ;
#8676 = VERTEX_POINT ( 'NONE', #1807 ) ;
#8675 = CARTESIAN_POINT ( 'NONE',  ( -0.9000000000000000222, 0.5999999999999999778, 5.899999999999997691 ) ) ;
#8677 = CARTESIAN_POINT ( 'NONE',  ( 4.549999999999999822, 4.200000000000000178, 8.049999999999998934 ) ) ;
#8678 = CARTESIAN_POINT ( 'NONE',  ( 0.9749999999999999778, 0.5999999999999999778, -4.500000000000000000 ) ) ;
#8680 = ORIENTED_EDGE ( 'NONE', *, *, #8012, .F. ) ;
#8679 = CARTESIAN_POINT ( 'NONE',  ( -1.899999999999998801, 0.5999999999999999778, -1.224999999999999423 ) ) ;
#8681 = VECTOR ( 'NONE', #8505, 1000.000000000000000 ) ;
#8682 = VERTEX_POINT ( 'NONE', #393 ) ;
#8684 = EDGE_LOOP ( 'NONE', ( #4915, #2603, #7770, #5403 ) ) ;
#8683 = DIRECTION ( 'NONE',  ( 0.000000000000000000, 1.000000000000000000, -0.000000000000000000 ) ) ;
#8685 = LINE ( 'NONE', #3604, #8627 ) ;
#8686 = ORIENTED_EDGE ( 'NONE', *, *, #9230, .T. ) ;
#8687 = CARTESIAN_POINT ( 'NONE',  ( -0.8999999999999999112, 0.3500000000000007550, -6.690000000000003944 ) ) ;
#8688 = CARTESIAN_POINT ( 'NONE',  ( 1.641791861192335708E-16, 0.5999999999999999778, 1.324999999999999956 ) ) ;
#8689 = EDGE_CURVE ( 'NONE', #3143, #2721, #3376, .T. ) ;
#8690 = EDGE_CURVE ( 'NONE', #9244, #5732, #5508, .T. ) ;
#8691 = EDGE_CURVE ( 'NONE', #7417, #3382, #6388, .T. ) ;
#8692 = AXIS2_PLACEMENT_3D ( 'NONE', #8678, #1927, #7697 ) ;
#8693 = ADVANCED_FACE ( 'NONE', ( #3975 ), #6977, .T. ) ;
#8694 = DIRECTION ( 'NONE',  ( -0.000000000000000000, -1.000000000000000000, -0.000000000000000000 ) ) ;
#8695 = AXIS2_PLACEMENT_3D ( 'NONE', #9228, #6979, #1035 ) ;
#8696 = ORIENTED_EDGE ( 'NONE', *, *, #263, .T. ) ;
#8697 = CARTESIAN_POINT ( 'NONE',  ( -1.424999999999999156, 0.5999999999999999778, 2.949999999999997513 ) ) ;
#8698 = ORIENTED_EDGE ( 'NONE', *, *, #1298, .T. ) ;
#8699 = DIRECTION ( 'NONE',  ( -0.000000000000000000, -1.000000000000000000, -0.000000000000000000 ) ) ;
#8701 = LINE ( 'NONE', #630, #7852 ) ;
#8700 = CARTESIAN_POINT ( 'NONE',  ( -6.706677624071221366, 4.200000000000000178, -3.127375136881147100 ) ) ;
#8702 = DIRECTION ( 'NONE',  ( -1.000000000000000000, -0.000000000000000000, -0.000000000000000000 ) ) ;
#8703 = AXIS2_PLACEMENT_3D ( 'NONE', #4969, #7268, #5790 ) ;
#8704 = LINE ( 'NONE', #9531, #5583 ) ;
#8705 = DIRECTION ( 'NONE',  ( 0.000000000000000000, 1.000000000000000000, 0.000000000000000000 ) ) ;
#8706 = DIRECTION ( 'NONE',  ( 0.000000000000000000, 0.000000000000000000, -1.000000000000000000 ) ) ;
#8708 = VERTEX_POINT ( 'NONE', #9334 ) ;
#8707 = LINE ( 'NONE', #3438, #9569 ) ;
#8709 = AXIS2_PLACEMENT_3D ( 'NONE', #5868, #2855, #8857 ) ;
#8710 = FACE_OUTER_BOUND ( 'NONE', #5211, .T. ) ;
#8712 = EDGE_LOOP ( 'NONE', ( #3881, #544, #2060, #2530 ) ) ;
#8711 = LINE ( 'NONE', #1868, #8343 ) ;
#8713 = CARTESIAN_POINT ( 'NONE',  ( -6.174999999999998046, 0.5999999999999999778, 5.599999999999997868 ) ) ;
#8714 = AXIS2_PLACEMENT_3D ( 'NONE', #6982, #1707, #2393 ) ;
#8716 = VERTEX_POINT ( 'NONE', #1700 ) ;
#8715 = LINE ( 'NONE', #1203, #5296 ) ;
#8717 = DIRECTION ( 'NONE',  ( 0.000000000000000000, 1.000000000000000000, -0.000000000000000000 ) ) ;
#8718 = SURFACE_SIDE_STYLE ('',( #4249 ) ) ;
#8719 = ADVANCED_FACE ( 'NONE', ( #343 ), #982, .F. ) ;
#8721 = ORIENTED_EDGE ( 'NONE', *, *, #3506, .F. ) ;
#8720 = PLANE ( 'NONE',  #1732 ) ;
#8722 = PLANE ( 'NONE',  #6313 ) ;
#8723 = AXIS2_PLACEMENT_3D ( 'NONE', #1892, #5605, #5699 ) ;
#8724 = VERTEX_POINT ( 'NONE', #4773 ) ;
#8725 = ORIENTED_EDGE ( 'NONE', *, *, #1554, .F. ) ;
#8726 = AXIS2_PLACEMENT_3D ( 'NONE', #9502, #2760, #598 ) ;
#8728 = ORIENTED_EDGE ( 'NONE', *, *, #6098, .T. ) ;
#8727 = CARTESIAN_POINT ( 'NONE',  ( 3.679448476671462132, 0.000000000000000000, -4.087989592393803662 ) ) ;
#8729 = CYLINDRICAL_SURFACE ( 'NONE', #5961, 0.4499999999999999001 ) ;
#8730 = DIRECTION ( 'NONE',  ( -0.000000000000000000, -1.000000000000000000, -0.000000000000000000 ) ) ;
#8731 = ORIENTED_EDGE ( 'NONE', *, *, #6710, .T. ) ;
#8732 = CYLINDRICAL_SURFACE ( 'NONE', #6423, 0.1999999999999996503 ) ;
#8733 = LINE ( 'NONE', #9337, #1316 ) ;
#8734 = EDGE_CURVE ( 'NONE', #125, #1343, #7766, .T. ) ;
#8735 = CARTESIAN_POINT ( 'NONE',  ( 4.219813216640448950, 4.200000000000000178, -4.811774767865448332 ) ) ;
#8736 = VERTEX_POINT ( 'NONE', #1128 ) ;
#8737 = EDGE_CURVE ( 'NONE', #2141, #180, #2586, .T. ) ;
#8738 = DIRECTION ( 'NONE',  ( -0.2334453638558986188, -0.9723699203976782224, 0.000000000000000000 ) ) ;
#8739 = ORIENTED_EDGE ( 'NONE', *, *, #3304, .F. ) ;
#8740 = EDGE_CURVE ( 'NONE', #5494, #5266, #7861, .T. ) ;
#8741 = LINE ( 'NONE', #8057, #5829 ) ;
#8742 = ADVANCED_FACE ( 'NONE', ( #3272 ), #6240, .F. ) ;
#8744 = DIRECTION ( 'NONE',  ( 1.000000000000000000, 0.000000000000000000, 0.000000000000000000 ) ) ;
#8743 = CYLINDRICAL_SURFACE ( 'NONE', #5841, 0.1999999999999996503 ) ;
#8745 = DIRECTION ( 'NONE',  ( 0.000000000000000000, 1.000000000000000000, 0.000000000000000000 ) ) ;
#8746 = LINE ( 'NONE', #2002, #4001 ) ;
#8747 = EDGE_CURVE ( 'NONE', #6488, #6266, #6340, .T. ) ;
#8748 = EDGE_CURVE ( 'NONE', #1921, #7363, #2378, .T. ) ;
#8749 = ADVANCED_FACE ( 'NONE', ( #2483 ), #2538, .F. ) ;
#8750 = DIRECTION ( 'NONE',  ( 0.9396926207859105373, -1.018816780924680512E-15, -0.3420201433256631063 ) ) ;
#8751 = DIRECTION ( 'NONE',  ( 0.000000000000000000, 1.000000000000000000, 0.000000000000000000 ) ) ;
#8753 = ORIENTED_EDGE ( 'NONE', *, *, #8211, .F. ) ;
#8752 = DIRECTION ( 'NONE',  ( -3.093406186374440349E-32, 1.000000000000000000, 1.141265444721584004E-16 ) ) ;
#8754 = EDGE_CURVE ( 'NONE', #816, #9463, #9302, .T. ) ;
#8755 = ORIENTED_EDGE ( 'NONE', *, *, #4948, .T. ) ;
#8756 = CARTESIAN_POINT ( 'NONE',  ( 2.470092451470720096, 4.066025403784439440, -5.358044725568029243 ) ) ;
#8758 = ORIENTED_EDGE ( 'NONE', *, *, #9649, .T. ) ;
#8757 = LINE ( 'NONE', #2893, #2367 ) ;
#8759 = FACE_OUTER_BOUND ( 'NONE', #8881, .T. ) ;
#8761 = ORIENTED_EDGE ( 'NONE', *, *, #848, .T. ) ;
#8760 = FACE_OUTER_BOUND ( 'NONE', #8116, .T. ) ;
#8762 = CYLINDRICAL_SURFACE ( 'NONE', #6123, 7.399999999999999467 ) ;
#8764 = ORIENTED_EDGE ( 'NONE', *, *, #3073, .T. ) ;
#8763 = CARTESIAN_POINT ( 'NONE',  ( 3.749999999999999112, 0.2999999999999999889, 1.325000000000000400 ) ) ;
#8765 = EDGE_CURVE ( 'NONE', #3396, #7943, #6477, .T. ) ;
#8766 = CARTESIAN_POINT ( 'NONE',  ( -0.8749999999999995559, 0.6170370868554651000, -0.6705904774487415620 ) ) ;
#8767 = ORIENTED_EDGE ( 'NONE', *, *, #5357, .F. ) ;
#8768 = VECTOR ( 'NONE', #1506, 1000.000000000000000 ) ;
#8769 = ORIENTED_EDGE ( 'NONE', *, *, #5592, .T. ) ;
#8771 = VERTEX_POINT ( 'NONE', #7047 ) ;
#8770 = LINE ( 'NONE', #431, #5600 ) ;
#8772 = AXIS2_PLACEMENT_3D ( 'NONE', #6843, #741, #5377 ) ;
#8773 = DIRECTION ( 'NONE',  ( 0.2036417511401808766, 0.000000000000000000, -0.9790454724845830681 ) ) ;
#8774 = FACE_OUTER_BOUND ( 'NONE', #4542, .T. ) ;
#8775 = ORIENTED_EDGE ( 'NONE', *, *, #48, .F. ) ;
#8776 = DIRECTION ( 'NONE',  ( -1.000000000000000000, -0.000000000000000000, -0.000000000000000000 ) ) ;
#8777 = CARTESIAN_POINT ( 'NONE',  ( 0.000000000000000000, 4.200000000000000178, 0.000000000000000000 ) ) ;
#8778 = EDGE_CURVE ( 'NONE', #8147, #5394, #8511, .T. ) ;
#8779 = VECTOR ( 'NONE', #9732, 1000.000000000000000 ) ;
#8781 = ORIENTED_EDGE ( 'NONE', *, *, #9456, .F. ) ;
#8780 = FACE_OUTER_BOUND ( 'NONE', #7019, .T. ) ;
#8782 = ORIENTED_EDGE ( 'NONE', *, *, #3346, .T. ) ;
#8783 = DIRECTION ( 'NONE',  ( 0.2516678542837351151, 0.06042010615679308666, -0.9659258262890700886 ) ) ;
#8784 = ORIENTED_EDGE ( 'NONE', *, *, #7965, .F. ) ;
#8785 = AXIS2_PLACEMENT_3D ( 'NONE', #4756, #9211, #8482 ) ;
#8786 = VECTOR ( 'NONE', #7379, 1000.000000000000000 ) ;
#8787 = CARTESIAN_POINT ( 'NONE',  ( 3.643934344765680677, 4.200000000000000178, -6.440632149955242802 ) ) ;
#8789 = CARTESIAN_POINT ( 'NONE',  ( -5.433986569824091895, 4.200000000000000178, -5.023125516943745872 ) ) ;
#8788 = DIRECTION ( 'NONE',  ( -0.8594064115014512506, 0.000000000000000000, -0.5112930860770545927 ) ) ;
#8790 = CYLINDRICAL_SURFACE ( 'NONE', #2716, 0.3000000000000000444 ) ;
#8791 = AXIS2_PLACEMENT_3D ( 'NONE', #4796, #5584, #5434 ) ;
#8792 = AXIS2_PLACEMENT_3D ( 'NONE', #9268, #2374, #6079 ) ;
#8793 = DIRECTION ( 'NONE',  ( 0.000000000000000000, 1.000000000000000000, 0.000000000000000000 ) ) ;
#8794 = CARTESIAN_POINT ( 'NONE',  ( 4.445813570937528603, 0.000000000000000000, -4.603774722167421452 ) ) ;
#8795 = CARTESIAN_POINT ( 'NONE',  ( -3.813246603095878928, 0.000000000000000000, -4.036643759389941799 ) ) ;
#8797 = ORIENTED_EDGE ( 'NONE', *, *, #2126, .T. ) ;
#8796 = CARTESIAN_POINT ( 'NONE',  ( 0.3750000000000000000, 1.100000000000000311, -0.7999999999999988232 ) ) ;
#8798 = ORIENTED_EDGE ( 'NONE', *, *, #7389, .T. ) ;
#8799 = CARTESIAN_POINT ( 'NONE',  ( 1.050000000000000044, 0.2999999999999999889, -5.400000000000000355 ) ) ;
#8801 = ORIENTED_EDGE ( 'NONE', *, *, #8367, .T. ) ;
#8800 = SURFACE_SIDE_STYLE ('',( #3582 ) ) ;
#8802 = AXIS2_PLACEMENT_3D ( 'NONE', #2989, #6642, #4578 ) ;
#8803 = FACE_OUTER_BOUND ( 'NONE', #4051, .T. ) ;
#8804 = VECTOR ( 'NONE', #5825, 1000.000000000000114 ) ;
#8805 = EDGE_CURVE ( 'NONE', #7758, #8415, #902, .T. ) ;
#8806 = ADVANCED_FACE ( 'NONE', ( #1724 ), #3941, .F. ) ;
#8807 = ADVANCED_FACE ( 'NONE', ( #267 ), #9150, .T. ) ;
#8808 = AXIS2_PLACEMENT_3D ( 'NONE', #8255, #4516, #8887 ) ;
#8810 = CARTESIAN_POINT ( 'NONE',  ( -2.840461957126082737, 3.373344536385590509, 5.299999999999998046 ) ) ;
#8809 = AXIS2_PLACEMENT_3D ( 'NONE', #6539, #9623, #5757 ) ;
#8812 = ORIENTED_EDGE ( 'NONE', *, *, #3220, .T. ) ;
#8811 = FACE_OUTER_BOUND ( 'NONE', #3964, .T. ) ;
#8813 = LINE ( 'NONE', #5872, #8161 ) ;
#8815 = VERTEX_POINT ( 'NONE', #6361 ) ;
#8814 = CARTESIAN_POINT ( 'NONE',  ( 3.918869757271530460E-16, -0.5999999999999980904, 3.299999999999998046 ) ) ;
#8816 = CARTESIAN_POINT ( 'NONE',  ( 0.000000000000000000, 4.200000000000000178, 0.000000000000000000 ) ) ;
#8817 = EDGE_LOOP ( 'NONE', ( #4605, #4493, #6661, #9223 ) ) ;
#8818 = VECTOR ( 'NONE', #3889, 1000.000000000000000 ) ;
#8819 = ORIENTED_EDGE ( 'NONE', *, *, #4474, .T. ) ;
#8821 = ORIENTED_EDGE ( 'NONE', *, *, #4204, .F. ) ;
#8820 = LINE ( 'NONE', #565, #7472 ) ;
#8822 = AXIS2_PLACEMENT_3D ( 'NONE', #5906, #4375, #6690 ) ;
#8823 = CARTESIAN_POINT ( 'NONE',  ( -4.445813570937528603, 0.000000000000000000, -4.603774722167421452 ) ) ;
#8824 = DIRECTION ( 'NONE',  ( 2.302730277845320112E-16, -0.000000000000000000, -1.000000000000000000 ) ) ;
#8825 = ORIENTED_EDGE ( 'NONE', *, *, #3493, .T. ) ;
#8826 = EDGE_CURVE ( 'NONE', #3143, #3396, #4090, .T. ) ;
#8827 = LINE ( 'NONE', #5147, #9605 ) ;
#8828 = CARTESIAN_POINT ( 'NONE',  ( 0.000000000000000000, 0.000000000000000000, 0.000000000000000000 ) ) ;
#8829 = EDGE_CURVE ( 'NONE', #779, #2115, #6155, .T. ) ;
#8830 = VERTEX_POINT ( 'NONE', #1673 ) ;
#8832 = EDGE_LOOP ( 'NONE', ( #6720, #9715, #23, #9632 ) ) ;
#8831 = CARTESIAN_POINT ( 'NONE',  ( -2.321277911634232805, 2.323158544408996384, 5.599999999999996092 ) ) ;
#8833 = ORIENTED_EDGE ( 'NONE', *, *, #8074, .T. ) ;
#8834 = FACE_OUTER_BOUND ( 'NONE', #1897, .T. ) ;
#8835 = VERTEX_POINT ( 'NONE', #5530 ) ;
#8836 = ORIENTED_EDGE ( 'NONE', *, *, #9414, .F. ) ;
#8837 = DIRECTION ( 'NONE',  ( 0.000000000000000000, 0.000000000000000000, 1.000000000000000000 ) ) ;
#8839 = CARTESIAN_POINT ( 'NONE',  ( 0.9000000000000017986, 0.3500000000000007550, -6.690000000000003055 ) ) ;
#8838 = DIRECTION ( 'NONE',  ( 0.000000000000000000, 1.000000000000000000, -0.000000000000000000 ) ) ;
#8840 = EDGE_CURVE ( 'NONE', #7540, #3399, #1914, .T. ) ;
#8841 = CYLINDRICAL_SURFACE ( 'NONE', #3659, 7.300000000000002487 ) ;
#8842 = CIRCLE ( 'NONE', #7133, 7.300000000000003375 ) ;
#8843 = DIRECTION ( 'NONE',  ( 0.000000000000000000, 0.000000000000000000, 1.000000000000000000 ) ) ;
#8844 = AXIS2_PLACEMENT_3D ( 'NONE', #6044, #5994, #3667 ) ;
#8845 = DIRECTION ( 'NONE',  ( -1.000000000000000000, -0.000000000000000000, -2.710505431213760099E-16 ) ) ;
#8846 = CARTESIAN_POINT ( 'NONE',  ( -4.445813570937528603, 0.000000000000000000, -4.603774722167421452 ) ) ;
#8848 = VERTEX_POINT ( 'NONE', #313 ) ;
#8847 = DIRECTION ( 'NONE',  ( -1.000000000000000000, -0.000000000000000000, -0.000000000000000000 ) ) ;
#8849 = DIRECTION ( 'NONE',  ( 0.000000000000000000, -1.000000000000000000, 0.000000000000000000 ) ) ;
#8851 = DIRECTION ( 'NONE',  ( 0.000000000000000000, 0.000000000000000000, 1.000000000000000000 ) ) ;
#8850 = DIRECTION ( 'NONE',  ( 0.000000000000000000, 0.000000000000000000, 1.000000000000000000 ) ) ;
#8852 = DIRECTION ( 'NONE',  ( -0.000000000000000000, -1.000000000000000000, -0.000000000000000000 ) ) ;
#8853 = AXIS2_PLACEMENT_3D ( 'NONE', #9560, #8194, #1507 ) ;
#8854 = EDGE_CURVE ( 'NONE', #3247, #9032, #7414, .T. ) ;
#8855 = CIRCLE ( 'NONE', #241, 3.300000000000000711 ) ;
#8856 = DIRECTION ( 'NONE',  ( 0.000000000000000000, 0.000000000000000000, -1.000000000000000000 ) ) ;
#8857 = DIRECTION ( 'NONE',  ( 0.000000000000000000, 0.000000000000000000, -1.000000000000000000 ) ) ;
#8859 = ORIENTED_EDGE ( 'NONE', *, *, #3335, .T. ) ;
#8858 = DIRECTION ( 'NONE',  ( -0.000000000000000000, -1.000000000000000000, -0.000000000000000000 ) ) ;
#8860 = CARTESIAN_POINT ( 'NONE',  ( 0.000000000000000000, 4.200000000000000178, 0.000000000000000000 ) ) ;
#8861 = FILL_AREA_STYLE ('',( #2117 ) ) ;
#8863 = ORIENTED_EDGE ( 'NONE', *, *, #7705, .T. ) ;
#8862 = CYLINDRICAL_SURFACE ( 'NONE', #5368, 0.1000000000000002554 ) ;
#8864 = EDGE_CURVE ( 'NONE', #4230, #3247, #5627, .T. ) ;
#8865 = EDGE_CURVE ( 'NONE', #8278, #4641, #9309, .T. ) ;
#8866 = DIRECTION ( 'NONE',  ( 1.000000000000000000, 0.000000000000000000, -0.000000000000000000 ) ) ;
#8867 = VERTEX_POINT ( 'NONE', #4636 ) ;
#8868 = EDGE_CURVE ( 'NONE', #5334, #2578, #6254, .T. ) ;
#8869 = VECTOR ( 'NONE', #6533, 1000.000000000000000 ) ;
#8871 = ORIENTED_EDGE ( 'NONE', *, *, #671, .F. ) ;
#8870 = DIRECTION ( 'NONE',  ( 0.000000000000000000, 0.000000000000000000, 1.000000000000000000 ) ) ;
#8872 = EDGE_CURVE ( 'NONE', #1102, #8385, #949, .T. ) ;
#8873 = FACE_OUTER_BOUND ( 'NONE', #3865, .T. ) ;
#8874 = CARTESIAN_POINT ( 'NONE',  ( 0.000000000000000000, 5.414874831559184365, 0.000000000000000000 ) ) ;
#8875 = ADVANCED_FACE ( 'NONE', ( #6942 ), #3993, .F. ) ;
#8876 = ORIENTED_EDGE ( 'NONE', *, *, #8553, .T. ) ;
#8877 = ORIENTED_EDGE ( 'NONE', *, *, #2994, .T. ) ;
#8878 = LINE ( 'NONE', #6567, #8768 ) ;
#8879 = CARTESIAN_POINT ( 'NONE',  ( 0.3749999999999998890, 0.2999999999999999889, -1.049999999999998934 ) ) ;
#8880 = VECTOR ( 'NONE', #9063, 1000.000000000000000 ) ;
#8881 = EDGE_LOOP ( 'NONE', ( #5692, #904, #1396, #7584 ) ) ;
#8883 = ORIENTED_EDGE ( 'NONE', *, *, #4124, .T. ) ;
#8882 = CARTESIAN_POINT ( 'NONE',  ( -2.980325504954631999, 4.200000000000000178, -6.773304945483917372 ) ) ;
#8884 = EDGE_LOOP ( 'NONE', ( #6189, #4859, #8358, #4658 ) ) ;
#8885 = LINE ( 'NONE', #3717, #2566 ) ;
#8886 = ORIENTED_EDGE ( 'NONE', *, *, #360, .F. ) ;
#8887 = DIRECTION ( 'NONE',  ( 0.000000000000000000, 0.000000000000000000, 1.000000000000000000 ) ) ;
#8889 = CARTESIAN_POINT ( 'NONE',  ( 1.486584783323321668, 4.200000000000000178, -7.147031949137461204 ) ) ;
#8888 = CARTESIAN_POINT ( 'NONE',  ( -2.157866156935102087, 3.003817488687372528, 5.299999999999998046 ) ) ;
#8890 = LINE ( 'NONE', #6001, #6025 ) ;
#8891 = DIRECTION ( 'NONE',  ( 0.000000000000000000, 0.6476047053781388563, 0.7619764731093039423 ) ) ;
#8892 = CARTESIAN_POINT ( 'NONE',  ( -6.699999999999998401, 4.200000000000000178, 6.149999999999999467 ) ) ;
#8894 = ORIENTED_EDGE ( 'NONE', *, *, #6687, .F. ) ;
#8893 = PLANE ( 'NONE',  #6130 ) ;
#8895 = ORIENTED_EDGE ( 'NONE', *, *, #4666, .F. ) ;
#8896 = DIRECTION ( 'NONE',  ( 0.000000000000000000, 0.000000000000000000, 1.000000000000000000 ) ) ;
#8898 = CARTESIAN_POINT ( 'NONE',  ( -0.9000000000000000222, 0.5166917655882565796, -6.416661646882352521 ) ) ;
#8897 = DIRECTION ( 'NONE',  ( 0.000000000000000000, 0.000000000000000000, 1.000000000000000000 ) ) ;
#8899 = LINE ( 'NONE', #4582, #2324 ) ;
#8900 = ADVANCED_FACE ( 'NONE', ( #6209 ), #2454, .T. ) ;
#8901 = CARTESIAN_POINT ( 'NONE',  ( 2.470092451470720096, 3.833974596215561803, -5.358044725568029243 ) ) ;
#8902 = CARTESIAN_POINT ( 'NONE',  ( -6.174999999999998046, 0.5999999999999998668, 5.299999999999998046 ) ) ;
#8904 = ORIENTED_EDGE ( 'NONE', *, *, #7024, .T. ) ;
#8903 = PLANE ( 'NONE',  #8579 ) ;
#8905 = FACE_OUTER_BOUND ( 'NONE', #1939, .T. ) ;
#8906 = PRODUCT_CONTEXT ( 'NONE', #4806, 'mechanical' ) ;
#8908 = VERTEX_POINT ( 'NONE', #1000 ) ;
#8907 = CARTESIAN_POINT ( 'NONE',  ( -3.249999999999998668, 0.5999999999999999778, 1.225000000000000311 ) ) ;
#8909 = CARTESIAN_POINT ( 'NONE',  ( 0.3750000000000000000, 0.3272593389687442067, -0.5929447639179872276 ) ) ;
#8910 = VERTEX_POINT ( 'NONE', #1776 ) ;
#8911 = ORIENTED_EDGE ( 'NONE', *, *, #5698, .T. ) ;
#8913 = ORIENTED_EDGE ( 'NONE', *, *, #6305, .F. ) ;
#8912 = LINE ( 'NONE', #8186, #1660 ) ;
#8914 = DIRECTION ( 'NONE',  ( 0.000000000000000000, 1.000000000000000000, -0.000000000000000000 ) ) ;
#8915 = LINE ( 'NONE', #8135, #4098 ) ;
#8916 = ORIENTED_EDGE ( 'NONE', *, *, #6033, .F. ) ;
#8917 = DIRECTION ( 'NONE',  ( -0.2243753187149424844, 0.000000000000000000, 0.9745028046914836484 ) ) ;
#8918 = AXIS2_PLACEMENT_3D ( 'NONE', #7862, #3468, #1986 ) ;
#8919 = CARTESIAN_POINT ( 'NONE',  ( -0.8749999999999995559, 1.437410120597456542, 2.391083365635864766 ) ) ;
#8920 = EDGE_LOOP ( 'NONE', ( #9601, #3594, #6548, #8629 ) ) ;
#8921 = EDGE_CURVE ( 'NONE', #5064, #7739, #7783, .T. ) ;
#8922 = ADVANCED_FACE ( 'NONE', ( #5025 ), #3534, .T. ) ;
#8923 = CIRCLE ( 'NONE', #8307, 1.499999999999999556 ) ;
#8924 = EDGE_CURVE ( 'NONE', #172, #4288, #1229, .T. ) ;
#8926 = ORIENTED_EDGE ( 'NONE', *, *, #3601, .T. ) ;
#8925 = LINE ( 'NONE', #6675, #1497 ) ;
#8927 = ORIENTED_EDGE ( 'NONE', *, *, #3073, .F. ) ;
#8928 = CIRCLE ( 'NONE', #1557, 0.1000000000000002554 ) ;
#8929 = LINE ( 'NONE', #2140, #8063 ) ;
#8930 = EDGE_LOOP ( 'NONE', ( #6379, #7088, #1740, #1689, #6252, #6418 ) ) ;
#8931 = EDGE_LOOP ( 'NONE', ( #4113, #2691, #4701, #8680 ) ) ;
#8932 = LINE ( 'NONE', #6779, #4410 ) ;
#8934 = DIRECTION ( 'NONE',  ( -0.000000000000000000, -1.000000000000000000, -0.000000000000000000 ) ) ;
#8933 = CARTESIAN_POINT ( 'NONE',  ( 0.000000000000000000, 4.200000000000000178, 0.000000000000000000 ) ) ;
#8935 = VECTOR ( 'NONE', #5702, 1000.000000000000000 ) ;
#8936 = FACE_OUTER_BOUND ( 'NONE', #6964, .T. ) ;
#8937 = EDGE_CURVE ( 'NONE', #919, #1427, #8016, .T. ) ;
#8938 = DIRECTION ( 'NONE',  ( 0.9920049496797155308, 0.000000000000000000, -0.1261989691358256505 ) ) ;
#8939 = VECTOR ( 'NONE', #9066, 1000.000000000000000 ) ;
#8940 = CIRCLE ( 'NONE', #4720, 1.500000000000000000 ) ;
#8941 = CARTESIAN_POINT ( 'NONE',  ( 1.024999999999996358, 0.2999999999999999889, 3.350000000000000089 ) ) ;
#8943 = ORIENTED_EDGE ( 'NONE', *, *, #7714, .T. ) ;
#8942 = DIRECTION ( 'NONE',  ( 0.9392372188187644300, -0.2254909059758624934, -0.2588190451025144667 ) ) ;
#8944 = CARTESIAN_POINT ( 'NONE',  ( 2.743224965086314970, 3.450000000000001066, 5.599999999999997868 ) ) ;
#8945 = FACE_OUTER_BOUND ( 'NONE', #6557, .T. ) ;
#8946 =( BOUNDED_CURVE ( )  B_SPLINE_CURVE ( 3, ( #4208, #5885, #25, #2131 ),
 .UNSPECIFIED., .F., .T. ) 
 B_SPLINE_CURVE_WITH_KNOTS ( ( 4, 4 ),
 ( 0.000000000000000000, 1.570796326794897890 ),
 .UNSPECIFIED. ) 
 CURVE ( )  GEOMETRIC_REPRESENTATION_ITEM ( )  RATIONAL_B_SPLINE_CURVE ( ( 1.000000000000000000, 0.8047378541243646044, 0.8047378541243646044, 1.000000000000000000 ) ) 
 REPRESENTATION_ITEM ( '' )  );
#8947 = PLANE ( 'NONE',  #4699 ) ;
#8948 = ADVANCED_FACE ( 'NONE', ( #7925 ), #2005, .T. ) ;
#8949 = VECTOR ( 'NONE', #4856, 1000.000000000000000 ) ;
#8950 = DIRECTION ( 'NONE',  ( 0.000000000000000000, 0.000000000000000000, 1.000000000000000000 ) ) ;
#8951 = DIRECTION ( 'NONE',  ( 1.000000000000000000, 0.000000000000000000, 2.710505431213760592E-16 ) ) ;
#8953 = ORIENTED_EDGE ( 'NONE', *, *, #8332, .F. ) ;
#8952 = CARTESIAN_POINT ( 'NONE',  ( -2.157866156935100310, 3.003817488687383630, 2.299999999999997602 ) ) ;
#8954 = CIRCLE ( 'NONE', #4099, 0.1999999999999996503 ) ;
#8955 = VECTOR ( 'NONE', #739, 1000.000000000000000 ) ;
#8956 = CARTESIAN_POINT ( 'NONE',  ( 3.050555351932489945, 2.498242567300921646, 5.599999999999997868 ) ) ;
#8958 = ORIENTED_EDGE ( 'NONE', *, *, #6422, .T. ) ;
#8957 = CARTESIAN_POINT ( 'NONE',  ( 5.424999999999996270, 1.599999999999997646, 5.299999999999997158 ) ) ;
#8959 = LINE ( 'NONE', #3846, #9450 ) ;
#8960 = ORIENTED_EDGE ( 'NONE', *, *, #8840, .F. ) ;
#8961 = EDGE_CURVE ( 'NONE', #8022, #5113, #5077, .T. ) ;
#8962 = EDGE_CURVE ( 'NONE', #7289, #8708, #5765, .T. ) ;
#8963 = CONICAL_SURFACE ( 'NONE', #8027, 6.400000000000000355, 1.308996938995746540 ) ;
#8964 = EDGE_CURVE ( 'NONE', #1463, #6911, #7284, .T. ) ;
#8966 = VERTEX_POINT ( 'NONE', #4189 ) ;
#8965 = DIRECTION ( 'NONE',  ( 1.000000000000000000, 0.000000000000000000, 0.000000000000000000 ) ) ;
#8967 = FACE_OUTER_BOUND ( 'NONE', #7565, .T. ) ;
#8968 = DIRECTION ( 'NONE',  ( 0.9745028046914839814, 0.000000000000000000, 0.2243753187149409856 ) ) ;
#8969 = VECTOR ( 'NONE', #3697, 1000.000000000000000 ) ;
#8970 = ORIENTED_EDGE ( 'NONE', *, *, #2075, .T. ) ;
#8971 = AXIS2_PLACEMENT_3D ( 'NONE', #6780, #2294, #4469 ) ;
#8972 = DIRECTION ( 'NONE',  ( 0.000000000000000000, 1.000000000000000000, -0.000000000000000000 ) ) ;
#8973 = LINE ( 'NONE', #5254, #65 ) ;
#8974 = VERTEX_POINT ( 'NONE', #9398 ) ;
#8975 = AXIS2_PLACEMENT_3D ( 'NONE', #4832, #6932, #8452 ) ;
#8977 = VERTEX_POINT ( 'NONE', #7186 ) ;
#8976 = CARTESIAN_POINT ( 'NONE',  ( -2.274999999999999467, 0.2999999999999999889, 0.3000000000000004330 ) ) ;
#8978 = ORIENTED_EDGE ( 'NONE', *, *, #9683, .F. ) ;
#8979 = CARTESIAN_POINT ( 'NONE',  ( -2.278905617951795026, 3.200000000000000622, 6.406578045772098662 ) ) ;
#8980 = ORIENTED_EDGE ( 'NONE', *, *, #3640, .F. ) ;
#8981 = EDGE_LOOP ( 'NONE', ( #7236, #265, #1315, #5240 ) ) ;
#8983 = ORIENTED_EDGE ( 'NONE', *, *, #9548, .F. ) ;
#8982 = EDGE_CURVE ( 'NONE', #2188, #7363, #8660, .T. ) ;
#8984 = CARTESIAN_POINT ( 'NONE',  ( -2.133942768563686254, 0.000000000000000000, -5.281693692414842545 ) ) ;
#8986 = LINE ( 'NONE', #8889, #7370 ) ;
#8985 = LINE ( 'NONE', #3034, #27 ) ;
#8987 = EDGE_CURVE ( 'NONE', #2928, #2464, #3394, .T. ) ;
#8988 = EDGE_CURVE ( 'NONE', #6268, #594, #6498, .T. ) ;
#8989 = LINE ( 'NONE', #1565, #5244 ) ;
#8990 = VECTOR ( 'NONE', #2779, 1000.000000000000000 ) ;
#8991 = EDGE_CURVE ( 'NONE', #1893, #8616, #9447, .T. ) ;
#8992 = DIRECTION ( 'NONE',  ( 1.000000000000000000, 0.000000000000000000, 2.710505431213760592E-16 ) ) ;
#8993 = LINE ( 'NONE', #1370, #6953 ) ;
#8994 = ORIENTED_EDGE ( 'NONE', *, *, #8121, .T. ) ;
#8995 = EDGE_CURVE ( 'NONE', #2546, #385, #2652, .T. ) ;
#8996 = CARTESIAN_POINT ( 'NONE',  ( -0.3750000000000000000, 1.437410120597456098, 2.391083365635864322 ) ) ;
#8998 = LINE ( 'NONE', #795, #6282 ) ;
#8997 = CARTESIAN_POINT ( 'NONE',  ( -4.299999999999999822, 0.5999999999999998668, 5.299999999999998046 ) ) ;
#8999 = CARTESIAN_POINT ( 'NONE',  ( -0.8749999999999995559, 0.3272593389687442067, -0.5929447639179872276 ) ) ;
#9000 = VECTOR ( 'NONE', #2697, 1000.000000000000114 ) ;
#9001 = VECTOR ( 'NONE', #1362, 1000.000000000000000 ) ;
#9002 = CARTESIAN_POINT ( 'NONE',  ( -2.980325504954631999, 4.200000000000000178, -6.773304945483917372 ) ) ;
#9003 = CARTESIAN_POINT ( 'NONE',  ( 0.3749999999999998335, 1.204193574817832513, 2.590024968517631532 ) ) ;
#9005 = ORIENTED_EDGE ( 'NONE', *, *, #234, .F. ) ;
#9004 = CARTESIAN_POINT ( 'NONE',  ( -1.495608527427099155, 4.200000000000000178, 6.495699763439076513 ) ) ;
#9006 = EDGE_CURVE ( 'NONE', #6424, #5752, #2840, .T. ) ;
#9007 = VECTOR ( 'NONE', #917, 1000.000000000000000 ) ;
#9008 = FACE_OUTER_BOUND ( 'NONE', #135, .T. ) ;
#9010 = VERTEX_POINT ( 'NONE', #2791 ) ;
#9009 = DIRECTION ( 'NONE',  ( -0.000000000000000000, 1.000000000000000000, -0.000000000000000000 ) ) ;
#9011 = LINE ( 'NONE', #6803, #6937 ) ;
#9012 = ORIENTED_EDGE ( 'NONE', *, *, #6628, .T. ) ;
#9013 = CIRCLE ( 'NONE', #4959, 0.05000000000000056483 ) ;
#9014 = CARTESIAN_POINT ( 'NONE',  ( -7.340836627629893307, 0.000000000000000000, -0.9338723716051084978 ) ) ;
#9015 = ORIENTED_EDGE ( 'NONE', *, *, #7345, .T. ) ;
#9017 = ORIENTED_EDGE ( 'NONE', *, *, #1708, .F. ) ;
#9016 = CARTESIAN_POINT ( 'NONE',  ( 1.782100968893422399, 0.000000000000000000, 6.840201765403918444 ) ) ;
#9018 = DIRECTION ( 'NONE',  ( -0.000000000000000000, 1.000000000000000000, -0.000000000000000000 ) ) ;
#9019 = CARTESIAN_POINT ( 'NONE',  ( -1.489750127485975462, 4.200000000000000178, 6.907514361018399995 ) ) ;
#9020 = VECTOR ( 'NONE', #4723, 1000.000000000000000 ) ;
#9021 = ORIENTED_EDGE ( 'NONE', *, *, #1420, .T. ) ;
#9022 = CARTESIAN_POINT ( 'NONE',  ( -5.674999999999997158, 3.450000000000000622, 5.599999999999997868 ) ) ;
#9023 = DIRECTION ( 'NONE',  ( 5.337610695313253357E-16, -0.000000000000000000, 1.000000000000000000 ) ) ;
#9024 = EDGE_CURVE ( 'NONE', #4202, #2464, #4889, .T. ) ;
#9025 = VECTOR ( 'NONE', #5355, 1000.000000000000000 ) ;
#9027 = ORIENTED_EDGE ( 'NONE', *, *, #1030, .T. ) ;
#9026 = DIRECTION ( 'NONE',  ( 0.5112930860770545927, -0.000000000000000000, 0.8594064115014511396 ) ) ;
#9028 = ORIENTED_EDGE ( 'NONE', *, *, #8184, .F. ) ;
#9029 = DIRECTION ( 'NONE',  ( -0.000000000000000000, -1.000000000000000000, -0.000000000000000000 ) ) ;
#9030 = DIRECTION ( 'NONE',  ( 1.020425574104005182E-15, 0.000000000000000000, 1.000000000000000000 ) ) ;
#9031 = ORIENTED_EDGE ( 'NONE', *, *, #6831, .F. ) ;
#9032 = VERTEX_POINT ( 'NONE', #4331 ) ;
#9033 = EDGE_CURVE ( 'NONE', #4120, #8370, #589, .T. ) ;
#9034 = ORIENTED_EDGE ( 'NONE', *, *, #7744, .T. ) ;
#9035 = PLANE ( 'NONE',  #4912 ) ;
#9037 = CARTESIAN_POINT ( 'NONE',  ( -6.273666803960597171, 0.000000000000000000, -3.732439528362500258 ) ) ;
#9036 = DIRECTION ( 'NONE',  ( -3.428548309156925888E-16, 0.6476047053781389673, 0.7619764731093039423 ) ) ;
#9038 = DIRECTION ( 'NONE',  ( -0.9723699203976781114, -0.2334453638558991462, 0.000000000000000000 ) ) ;
#9039 = VECTOR ( 'NONE', #8380, 1000.000000000000114 ) ;
#9040 = PLANE ( 'NONE',  #7933 ) ;
#9041 = VECTOR ( 'NONE', #8317, 1000.000000000000000 ) ;
#9042 = EDGE_CURVE ( 'NONE', #3005, #2568, #1864, .T. ) ;
#9043 = CARTESIAN_POINT ( 'NONE',  ( 7.374584718483434997, 4.200000000000000178, 0.6127807355902907815 ) ) ;
#9044 = ORIENTED_EDGE ( 'NONE', *, *, #99, .T. ) ;
#9045 = FACE_OUTER_BOUND ( 'NONE', #6627, .T. ) ;
#9047 = CARTESIAN_POINT ( 'NONE',  ( 3.249999999999998668, 0.2999999999999999889, 3.794707603699265519E-16 ) ) ;
#9046 = DIRECTION ( 'NONE',  ( 0.000000000000000000, 0.2588190451025145777, 0.9659258262890699775 ) ) ;
#9048 = DIRECTION ( 'NONE',  ( 0.000000000000000000, 1.000000000000000000, 0.000000000000000000 ) ) ;
#9049 = EDGE_CURVE ( 'NONE', #7420, #8379, #7881, .T. ) ;
#9050 = EDGE_CURVE ( 'NONE', #3235, #7739, #1449, .T. ) ;
#9052 = EDGE_CURVE ( 'NONE', #40, #6737, #2101, .T. ) ;
#9051 = VERTEX_POINT ( 'NONE', #736 ) ;
#9053 = CARTESIAN_POINT ( 'NONE',  ( 0.9000000000000015765, 0.2499999999999999445, -6.190000000000002167 ) ) ;
#9055 = ORIENTED_EDGE ( 'NONE', *, *, #5398, .F. ) ;
#9054 = CARTESIAN_POINT ( 'NONE',  ( 1.649999999999996136, 0.5999999999999999778, 4.300000000000000711 ) ) ;
#9056 = LINE ( 'NONE', #112, #5360 ) ;
#9058 = VERTEX_POINT ( 'NONE', #8941 ) ;
#9057 = DIRECTION ( 'NONE',  ( 0.000000000000000000, 1.000000000000000000, -0.000000000000000000 ) ) ;
#9059 = VERTEX_POINT ( 'NONE', #5123 ) ;
#9060 = DIRECTION ( 'NONE',  ( 0.000000000000000000, 0.000000000000000000, -1.000000000000000000 ) ) ;
#9061 = LINE ( 'NONE', #960, #3367 ) ;
#9062 = ORIENTED_EDGE ( 'NONE', *, *, #4763, .F. ) ;
#9064 = ORIENTED_EDGE ( 'NONE', *, *, #6928, .T. ) ;
#9063 = DIRECTION ( 'NONE',  ( -0.000000000000000000, 0.000000000000000000, -1.000000000000000000 ) ) ;
#9065 = EDGE_CURVE ( 'NONE', #1743, #1463, #3638, .T. ) ;
#9066 = DIRECTION ( 'NONE',  ( 0.000000000000000000, -1.000000000000000000, 0.000000000000000000 ) ) ;
#9067 = PLANE ( 'NONE',  #9274 ) ;
#9068 = ORIENTED_EDGE ( 'NONE', *, *, #4838, .F. ) ;
#9069 = ORIENTED_EDGE ( 'NONE', *, *, #7215, .F. ) ;
#9070 = VERTEX_POINT ( 'NONE', #3631 ) ;
#9071 = CARTESIAN_POINT ( 'NONE',  ( 4.469960816887843360E-16, -0.5999999999999995337, -4.650000000000001243 ) ) ;
#9072 = CYLINDRICAL_SURFACE ( 'NONE', #236, 7.399999999999999467 ) ;
#9074 = ORIENTED_EDGE ( 'NONE', *, *, #3803, .T. ) ;
#9073 = DIRECTION ( 'NONE',  ( -0.9392372188187643189, 0.2254909059758627432, 0.2588190451025145777 ) ) ;
#9075 = CARTESIAN_POINT ( 'NONE',  ( -5.674999999999997158, 1.599999999999999867, 5.599999999999997868 ) ) ;
#9076 = AXIS2_PLACEMENT_3D ( 'NONE', #9335, #7811, #3377 ) ;
#9077 = EDGE_LOOP ( 'NONE', ( #9311, #9248, #961, #4101 ) ) ;
#9078 = EDGE_LOOP ( 'NONE', ( #285, #6100, #6808, #6730 ) ) ;
#9079 = CARTESIAN_POINT ( 'NONE',  ( -1.899999999999999023, 0.2999999999999999889, -4.923692341845005593 ) ) ;
#9081 = FACE_OUTER_BOUND ( 'NONE', #3058, .T. ) ;
#9080 = CARTESIAN_POINT ( 'NONE',  ( -0.5518582280789308125, 1.898358462489120324, 4.918241908473789614 ) ) ;
#9082 = CARTESIAN_POINT ( 'NONE',  ( -1.324999999999998401, 0.5999999999999999778, -4.599999999999999645 ) ) ;
#9083 = AXIS2_PLACEMENT_3D ( 'NONE', #2757, #4195, #549 ) ;
#9084 = EDGE_CURVE ( 'NONE', #1109, #6319, #688, .T. ) ;
#9085 = ADVANCED_FACE ( 'NONE', ( #791 ), #7477, .T. ) ;
#9086 = EDGE_CURVE ( 'NONE', #4864, #9421, #8993, .T. ) ;
#9087 = LINE ( 'NONE', #1472, #5743 ) ;
#9088 = PLANE ( 'NONE',  #8527 ) ;
#9089 = ORIENTED_EDGE ( 'NONE', *, *, #765, .T. ) ;
#9090 = AXIS2_PLACEMENT_3D ( 'NONE', #6335, #7857, #6384 ) ;
#9091 = VECTOR ( 'NONE', #5269, 1000.000000000000114 ) ;
#9092 = FACE_OUTER_BOUND ( 'NONE', #7935, .T. ) ;
#9094 = LINE ( 'NONE', #2399, #6118 ) ;
#9093 = CARTESIAN_POINT ( 'NONE',  ( 1.999999999999999112, 4.200000000000000178, 4.299999999999999822 ) ) ;
#9095 = PLANE ( 'NONE',  #3579 ) ;
#9096 = VECTOR ( 'NONE', #8457, 1000.000000000000000 ) ;
#9097 = AXIS2_PLACEMENT_3D ( 'NONE', #75, #8914, #762 ) ;
#9098 = AXIS2_PLACEMENT_3D ( 'NONE', #983, #2340, #884 ) ;
#9099 = ORIENTED_EDGE ( 'NONE', *, *, #8748, .F. ) ;
#9100 = LINE ( 'NONE', #6309, #6542 ) ;
#9102 = ORIENTED_EDGE ( 'NONE', *, *, #230, .F. ) ;
#9101 = CARTESIAN_POINT ( 'NONE',  ( 4.549999999999999822, 0.000000000000000000, 5.849999999999999645 ) ) ;
#9103 = LINE ( 'NONE', #6800, #7230 ) ;
#9105 = ORIENTED_EDGE ( 'NONE', *, *, #2199, .F. ) ;
#9104 = CARTESIAN_POINT ( 'NONE',  ( -6.174999999999998046, 0.5999999999999999778, 5.299999999999998046 ) ) ;
#9106 = DIRECTION ( 'NONE',  ( 0.9832549075639538394, 0.000000000000000000, -0.1822355254921518009 ) ) ;
#9107 = EDGE_CURVE ( 'NONE', #7788, #7176, #4125, .T. ) ;
#9108 = EDGE_CURVE ( 'NONE', #6377, #4230, #7520, .T. ) ;
#9109 = EDGE_CURVE ( 'NONE', #8835, #6944, #5276, .T. ) ;
#9110 = ADVANCED_FACE ( 'NONE', ( #3677 ), #7378, .T. ) ;
#9111 = AXIS2_PLACEMENT_3D ( 'NONE', #3489, #9497, #2754 ) ;
#9113 = LINE ( 'NONE', #4645, #396 ) ;
#9112 = VECTOR ( 'NONE', #2961, 1000.000000000000000 ) ;
#9114 = VERTEX_POINT ( 'NONE', #3043 ) ;
#9116 = ORIENTED_EDGE ( 'NONE', *, *, #7474, .T. ) ;
#9115 = LINE ( 'NONE', #223, #9661 ) ;
#9117 = CARTESIAN_POINT ( 'NONE',  ( 0.9000000000000015765, 0.2499999999999999445, -6.190000000000002167 ) ) ;
#9118 = CARTESIAN_POINT ( 'NONE',  ( 1.050000000000000044, 0.000000000000000000, -7.325127985230017735 ) ) ;
#9119 = ORIENTED_EDGE ( 'NONE', *, *, #2806, .T. ) ;
#9120 = ORIENTED_EDGE ( 'NONE', *, *, #4204, .T. ) ;
#9121 = CIRCLE ( 'NONE', #4732, 7.399999999999998579 ) ;
#9122 = DIRECTION ( 'NONE',  ( 0.000000000000000000, 1.000000000000000000, -0.000000000000000000 ) ) ;
#9123 = CIRCLE ( 'NONE', #8657, 3.000000000000001332 ) ;
#9124 = EDGE_LOOP ( 'NONE', ( #6465, #4053, #2922, #3894 ) ) ;
#9126 = ORIENTED_EDGE ( 'NONE', *, *, #6698, .F. ) ;
#9125 = DIRECTION ( 'NONE',  ( 0.000000000000000000, 1.000000000000000000, 0.000000000000000000 ) ) ;
#9127 = CIRCLE ( 'NONE', #1896, 0.2999999999999999334 ) ;
#9128 = VECTOR ( 'NONE', #1668, 1000.000000000000000 ) ;
#9129 = EDGE_CURVE ( 'NONE', #3618, #321, #1570, .T. ) ;
#9130 = FACE_OUTER_BOUND ( 'NONE', #4321, .T. ) ;
#9131 = DIRECTION ( 'NONE',  ( -0.3746065934159064637, 0.000000000000000000, 0.9271838545667896447 ) ) ;
#9132 = ORIENTED_EDGE ( 'NONE', *, *, #6107, .F. ) ;
#9133 = ORIENTED_EDGE ( 'NONE', *, *, #2775, .T. ) ;
#9134 = LINE ( 'NONE', #2389, #5054 ) ;
#9136 = DIRECTION ( 'NONE',  ( 0.000000000000000000, -1.000000000000000000, 0.000000000000000000 ) ) ;
#9135 = DIRECTION ( 'NONE',  ( 0.000000000000000000, 1.000000000000000000, -0.000000000000000000 ) ) ;
#9137 = CARTESIAN_POINT ( 'NONE',  ( 0.9000000000000017986, 0.3000000000000005440, -6.690000000000003055 ) ) ;
#9138 = VECTOR ( 'NONE', #3478, 1000.000000000000000 ) ;
#9139 = LINE ( 'NONE', #7665, #6993 ) ;
#9140 = EDGE_CURVE ( 'NONE', #1384, #3818, #8043, .T. ) ;
#9141 = LINE ( 'NONE', #5371, #2063 ) ;
#9142 = ORIENTED_EDGE ( 'NONE', *, *, #719, .F. ) ;
#9143 = VECTOR ( 'NONE', #3576, 1000.000000000000114 ) ;
#9144 = LINE ( 'NONE', #2397, #958 ) ;
#9146 = CARTESIAN_POINT ( 'NONE',  ( 6.174999999999999822, 0.5999999999999998668, 5.299999999999998046 ) ) ;
#9145 = DIRECTION ( 'NONE',  ( 0.000000000000000000, 0.000000000000000000, 1.000000000000000000 ) ) ;
#9147 = CARTESIAN_POINT ( 'NONE',  ( 0.9000000000000000222, -3.252606517456512809E-16, 8.959999999999995524 ) ) ;
#9148 = ORIENTED_EDGE ( 'NONE', *, *, #3506, .T. ) ;
#9149 = DIRECTION ( 'NONE',  ( 0.000000000000000000, 0.000000000000000000, 1.000000000000000000 ) ) ;
#9150 = CYLINDRICAL_SURFACE ( 'NONE', #6472, 0.4499999999999999001 ) ;
#9152 = ORIENTED_EDGE ( 'NONE', *, *, #7009, .T. ) ;
#9151 = FACE_OUTER_BOUND ( 'NONE', #9078, .T. ) ;
#9153 = DIRECTION ( 'NONE',  ( 1.000000000000000000, 0.000000000000000000, 2.710505431213760592E-16 ) ) ;
#9155 = VERTEX_POINT ( 'NONE', #1424 ) ;
#9154 = CARTESIAN_POINT ( 'NONE',  ( -6.174999999999998046, 4.200000000000000178, 5.299999999999998046 ) ) ;
#9156 = LINE ( 'NONE', #3251, #5694 ) ;
#9157 = CIRCLE ( 'NONE', #5871, 0.1999999999999996503 ) ;
#9158 = DIRECTION ( 'NONE',  ( 0.000000000000000000, 0.000000000000000000, 1.000000000000000000 ) ) ;
#9159 = ADVANCED_FACE ( 'NONE', ( #6056 ), #8305, .F. ) ;
#9160 = ADVANCED_FACE ( 'NONE', ( #4576 ), #2987, .T. ) ;
#9161 = ORIENTED_EDGE ( 'NONE', *, *, #9165, .F. ) ;
#9163 = EDGE_LOOP ( 'NONE', ( #5455, #71, #5887, #6167 ) ) ;
#9162 = LINE ( 'NONE', #5488, #4977 ) ;
#9165 = EDGE_CURVE ( 'NONE', #9463, #1222, #2936, .T. ) ;
#9164 = DIRECTION ( 'NONE',  ( 0.08280820751220170639, -0.000000000000000000, 0.9965655024977616572 ) ) ;
#9166 = CARTESIAN_POINT ( 'NONE',  ( 0.000000000000000000, 4.200000000000000178, 0.000000000000000000 ) ) ;
#9167 = ORIENTED_EDGE ( 'NONE', *, *, #4543, .F. ) ;
#9168 = DIRECTION ( 'NONE',  ( -0.000000000000000000, -1.000000000000000000, -0.000000000000000000 ) ) ;
#9169 = AXIS2_PLACEMENT_3D ( 'NONE', #1646, #9122, #7557 ) ;
#9170 = ORIENTED_EDGE ( 'NONE', *, *, #9413, .F. ) ;
#9171 = ORIENTED_EDGE ( 'NONE', *, *, #1133, .F. ) ;
#9172 = ADVANCED_FACE ( 'NONE', ( #3833 ), #6836, .F. ) ;
#9173 = EDGE_CURVE ( 'NONE', #8771, #1222, #3171, .T. ) ;
#9174 = EDGE_CURVE ( 'NONE', #926, #2729, #4625, .T. ) ;
#9176 = ORIENTED_EDGE ( 'NONE', *, *, #4591, .T. ) ;
#9175 = DIRECTION ( 'NONE',  ( 0.000000000000000000, 0.000000000000000000, -1.000000000000000000 ) ) ;
#9177 = CIRCLE ( 'NONE', #5260, 7.300000000000002487 ) ;
#9178 = DIRECTION ( 'NONE',  ( 0.000000000000000000, 0.000000000000000000, 1.000000000000000000 ) ) ;
#9179 = FACE_OUTER_BOUND ( 'NONE', #7984, .T. ) ;
#9180 = EDGE_LOOP ( 'NONE', ( #111, #4722, #4159, #4820, #9564, #9271, #3223, #5016 ) ) ;
#9181 = ORIENTED_EDGE ( 'NONE', *, *, #1076, .F. ) ;
#9182 = DIRECTION ( 'NONE',  ( 0.000000000000000000, -1.141265444721584004E-16, 1.000000000000000000 ) ) ;
#9184 = LINE ( 'NONE', #4665, #7376 ) ;
#9183 = FACE_OUTER_BOUND ( 'NONE', #8144, .T. ) ;
#9185 = DIRECTION ( 'NONE',  ( -0.6593458151000700651, 0.000000000000000000, 0.7518398074789763852 ) ) ;
#9186 = VECTOR ( 'NONE', #5369, 1000.000000000000000 ) ;
#9187 = DIRECTION ( 'NONE',  ( -0.9676937674929104727, 0.000000000000000000, -0.2521284838239759019 ) ) ;
#9188 = UNCERTAINTY_MEASURE_WITH_UNIT (LENGTH_MEASURE( 1.000000000000000082E-05 ), #4199, 'distance_accuracy_value', 'NONE');
#9189 = CARTESIAN_POINT ( 'NONE',  ( 4.590942030465841484, 3.199999999999999289, 5.565065611077387508 ) ) ;
#9190 = ORIENTED_EDGE ( 'NONE', *, *, #225, .F. ) ;
#9191 = AXIS2_PLACEMENT_3D ( 'NONE', #4064, #1121, #6332 ) ;
#9192 = CYLINDRICAL_SURFACE ( 'NONE', #632, 0.3500000000000004774 ) ;
#9194 = DIRECTION ( 'NONE',  ( 0.000000000000000000, -0.000000000000000000, 1.000000000000000000 ) ) ;
#9193 = CARTESIAN_POINT ( 'NONE',  ( 0.000000000000000000, 0.5999999999999999778, 4.299999999999999822 ) ) ;
#9195 = CARTESIAN_POINT ( 'NONE',  ( -0.09560852742710927721, 4.200000000000000178, 0.02201347570273589835 ) ) ;
#9196 = AXIS2_PLACEMENT_3D ( 'NONE', #3062, #9209, #6076 ) ;
#9197 = ORIENTED_EDGE ( 'NONE', *, *, #6842, .T. ) ;
#9198 = CARTESIAN_POINT ( 'NONE',  ( -7.099999999999997868, 0.000000000000000000, 6.149999999999999467 ) ) ;
#9199 = DIRECTION ( 'NONE',  ( 0.000000000000000000, 1.000000000000000000, -0.000000000000000000 ) ) ;
#9201 = EDGE_LOOP ( 'NONE', ( #8943, #7902, #2133, #2279 ) ) ;
#9200 = CARTESIAN_POINT ( 'NONE',  ( -3.000000000000000000, 2.280455006109038507, 5.599999999999997868 ) ) ;
#9202 = PLANE ( 'NONE',  #4566 ) ;
#9204 = EDGE_LOOP ( 'NONE', ( #8337, #3743, #5087, #7191 ) ) ;
#9203 = CARTESIAN_POINT ( 'NONE',  ( -0.8750000000000000000, 0.5999999999999999778, -4.499999999999999112 ) ) ;
#9205 = CARTESIAN_POINT ( 'NONE',  ( -0.3750000000000000000, 0.5999999999999999778, -0.7999999999999988232 ) ) ;
#9206 = EDGE_CURVE ( 'NONE', #4779, #6551, #9141, .T. ) ;
#9207 = CARTESIAN_POINT ( 'NONE',  ( 5.424999999999997158, 4.200000000000000178, 5.299999999999998046 ) ) ;
#9208 = ORIENTED_EDGE ( 'NONE', *, *, #731, .T. ) ;
#9210 = ORIENTED_EDGE ( 'NONE', *, *, #9165, .T. ) ;
#9209 = DIRECTION ( 'NONE',  ( 0.9790454724845831791, 0.000000000000000000, -0.2036417511401809877 ) ) ;
#9211 = DIRECTION ( 'NONE',  ( 0.000000000000000000, 1.000000000000000000, 0.000000000000000000 ) ) ;
#9212 = DIRECTION ( 'NONE',  ( -0.9676937674929103617, 0.000000000000000000, 0.2521284838239765125 ) ) ;
#9214 = ORIENTED_EDGE ( 'NONE', *, *, #6531, .F. ) ;
#9213 = CYLINDRICAL_SURFACE ( 'NONE', #3, 7.399999999999998579 ) ;
#9215 = ORIENTED_EDGE ( 'NONE', *, *, #250, .F. ) ;
#9216 = EDGE_CURVE ( 'NONE', #532, #1149, #1766, .T. ) ;
#9217 = ORIENTED_EDGE ( 'NONE', *, *, #8234, .F. ) ;
#9218 = EDGE_LOOP ( 'NONE', ( #2864, #3200, #1822, #4290 ) ) ;
#9220 = ORIENTED_EDGE ( 'NONE', *, *, #2625, .T. ) ;
#9219 = DIRECTION ( 'NONE',  ( -0.000000000000000000, -1.000000000000000000, -0.000000000000000000 ) ) ;
#9221 = LINE ( 'NONE', #1170, #3115 ) ;
#9222 = CARTESIAN_POINT ( 'NONE',  ( 3.918869757271534404E-16, 0.000000000000000000, -3.750000000000001776 ) ) ;
#9223 = ORIENTED_EDGE ( 'NONE', *, *, #2883, .T. ) ;
#9224 = ORIENTED_EDGE ( 'NONE', *, *, #7966, .F. ) ;
#9225 = CYLINDRICAL_SURFACE ( 'NONE', #2992, 7.300000000000002487 ) ;
#9227 = CARTESIAN_POINT ( 'NONE',  ( -0.9000000000000000222, 1.084202172485504434E-16, 5.899999999999997691 ) ) ;
#9226 = CARTESIAN_POINT ( 'NONE',  ( 0.8749999999999995559, 1.100000000000000311, -0.7999999999999988232 ) ) ;
#9228 = CARTESIAN_POINT ( 'NONE',  ( 0.2650294975595885449, 1.829496976797512664, 5.149785371212445284 ) ) ;
#9229 = ADVANCED_FACE ( 'NONE', ( #4782 ), #304, .F. ) ;
#9230 = EDGE_CURVE ( 'NONE', #8736, #3217, #990, .T. ) ;
#9231 = ADVANCED_FACE ( 'NONE', ( #3236 ), #9237, .T. ) ;
#9232 = ADVANCED_FACE ( 'NONE', ( #6985 ), #6246, .F. ) ;
#9233 = ORIENTED_EDGE ( 'NONE', *, *, #696, .T. ) ;
#9234 = AXIS2_PLACEMENT_3D ( 'NONE', #8687, #1849, #6389 ) ;
#9235 = CARTESIAN_POINT ( 'NONE',  ( -1.999999999999999112, 0.5999999999999999778, 0.000000000000000000 ) ) ;
#9236 = ORIENTED_EDGE ( 'NONE', *, *, #7040, .T. ) ;
#9237 = PLANE ( 'NONE',  #5390 ) ;
#9238 = EDGE_LOOP ( 'NONE', ( #9290, #1169, #4151, #3962 ) ) ;
#9239 = CARTESIAN_POINT ( 'NONE',  ( 0.000000000000000000, 3.700000000000000622, 0.000000000000000000 ) ) ;
#9241 = FACE_OUTER_BOUND ( 'NONE', #8366, .T. ) ;
#9240 = CYLINDRICAL_SURFACE ( 'NONE', #4743, 0.2250000000000000056 ) ;
#9242 = DIRECTION ( 'NONE',  ( -0.000000000000000000, -1.000000000000000000, -0.000000000000000000 ) ) ;
#9243 = AXIS2_PLACEMENT_3D ( 'NONE', #2061, #5084, #1377 ) ;
#9244 = VERTEX_POINT ( 'NONE', #6196 ) ;
#9245 = CARTESIAN_POINT ( 'NONE',  ( 6.699999999999999289, 4.200000000000000178, 5.299999999999998046 ) ) ;
#9246 = CARTESIAN_POINT ( 'NONE',  ( -1.899999999999999023, 0.2999999999999999889, 3.794707603699265519E-16 ) ) ;
#9248 = ORIENTED_EDGE ( 'NONE', *, *, #3456, .F. ) ;
#9247 = CARTESIAN_POINT ( 'NONE',  ( -2.679422320239425392, 3.700000000000001066, -5.812116312480573477 ) ) ;
#9249 = ADVANCED_FACE ( 'NONE', ( #1040 ), #7722, .F. ) ;
#9250 = LINE ( 'NONE', #4686, #1411 ) ;
#9252 = ORIENTED_EDGE ( 'NONE', *, *, #5696, .T. ) ;
#9251 = DIRECTION ( 'NONE',  ( 0.9723699203976780003, 0.2334453638558993405, 0.000000000000000000 ) ) ;
#9253 = AXIS2_PLACEMENT_3D ( 'NONE', #3390, #4981, #6491 ) ;
#9254 = LINE ( 'NONE', #9205, #7256 ) ;
#9255 = EDGE_LOOP ( 'NONE', ( #5141, #7755, #4857, #8478 ) ) ;
#9256 = VECTOR ( 'NONE', #7657, 1000.000000000000000 ) ;
#9257 = CIRCLE ( 'NONE', #8628, 0.3499999999999996447 ) ;
#9258 = AXIS2_PLACEMENT_3D ( 'NONE', #6458, #9454, #2709 ) ;
#9259 = CARTESIAN_POINT ( 'NONE',  ( -0.6499999999999995781, 1.457322679224499540, 2.618684952224779039 ) ) ;
#9260 = ORIENTED_EDGE ( 'NONE', *, *, #2108, .T. ) ;
#9262 = ORIENTED_EDGE ( 'NONE', *, *, #7542, .T. ) ;
#9261 = FACE_OUTER_BOUND ( 'NONE', #2088, .T. ) ;
#9263 = VECTOR ( 'NONE', #3165, 1000.000000000000000 ) ;
#9264 = VECTOR ( 'NONE', #7971, 1000.000000000000114 ) ;
#9265 = CARTESIAN_POINT ( 'NONE',  ( -0.8999999999999999112, 0.3119011763445350693, -6.657619764731096623 ) ) ;
#9266 = CARTESIAN_POINT ( 'NONE',  ( 6.174999999999999822, 4.200000000000000178, 0.000000000000000000 ) ) ;
#9267 = EDGE_CURVE ( 'NONE', #6038, #6826, #5519, .T. ) ;
#9269 = ORIENTED_EDGE ( 'NONE', *, *, #1008, .T. ) ;
#9268 = CARTESIAN_POINT ( 'NONE',  ( 0.000000000000000000, 4.200000000000000178, 0.000000000000000000 ) ) ;
#9270 = EDGE_CURVE ( 'NONE', #5893, #2348, #4672, .T. ) ;
#9271 = ORIENTED_EDGE ( 'NONE', *, *, #1264, .T. ) ;
#9272 = ORIENTED_EDGE ( 'NONE', *, *, #920, .T. ) ;
#9273 = VECTOR ( 'NONE', #1439, 1000.000000000000000 ) ;
#9274 = AXIS2_PLACEMENT_3D ( 'NONE', #9166, #5347, #6125 ) ;
#9275 = ORIENTED_EDGE ( 'NONE', *, *, #104, .F. ) ;
#9277 = EDGE_LOOP ( 'NONE', ( #2623, #2221, #3280, #5967 ) ) ;
#9276 = CARTESIAN_POINT ( 'NONE',  ( -1.652671250527558700, 4.200000000000000178, 7.177851726723113224 ) ) ;
#9278 = CARTESIAN_POINT ( 'NONE',  ( -0.8999999999999998002, 0.5999999999999999778, 5.599999999999997868 ) ) ;
#9279 = CARTESIAN_POINT ( 'NONE',  ( 2.133942768563687142, 0.000000000000000000, -5.281693692414842545 ) ) ;
#9280 = ORIENTED_EDGE ( 'NONE', *, *, #9395, .T. ) ;
#9281 = AXIS2_PLACEMENT_3D ( 'NONE', #3985, #1769, #4785 ) ;
#9282 = EDGE_LOOP ( 'NONE', ( #1678, #8640, #1390, #7461 ) ) ;
#9283 = AXIS2_PLACEMENT_3D ( 'NONE', #7489, #3742, #9600 ) ;
#9284 = CARTESIAN_POINT ( 'NONE',  ( 0.3750000000000000000, 0.3272593389687439847, -0.5929447639179872276 ) ) ;
#9286 = DIRECTION ( 'NONE',  ( 0.000000000000000000, 0.000000000000000000, 1.000000000000000000 ) ) ;
#9285 = DIRECTION ( 'NONE',  ( 0.000000000000000000, 0.000000000000000000, 1.000000000000000000 ) ) ;
#9287 = CARTESIAN_POINT ( 'NONE',  ( -3.050555351932489945, 2.498242567300921646, 5.299999999999998046 ) ) ;
#9288 = VECTOR ( 'NONE', #7468, 1000.000000000000114 ) ;
#9289 = VECTOR ( 'NONE', #7875, 1000.000000000000000 ) ;
#9290 = ORIENTED_EDGE ( 'NONE', *, *, #7667, .T. ) ;
#9291 = PLANE ( 'NONE',  #406 ) ;
#9292 = EDGE_CURVE ( 'NONE', #7083, #6034, #7038, .T. ) ;
#9293 = EDGE_CURVE ( 'NONE', #8278, #9114, #7669, .T. ) ;
#9294 = ADVANCED_FACE ( 'NONE', ( #3930 ), #1813, .T. ) ;
#9295 = DIRECTION ( 'NONE',  ( 0.000000000000000000, 1.000000000000000000, 0.000000000000000000 ) ) ;
#9296 = ORIENTED_EDGE ( 'NONE', *, *, #1749, .F. ) ;
#9297 = FACE_OUTER_BOUND ( 'NONE', #1157, .T. ) ;
#9298 = EDGE_CURVE ( 'NONE', #4346, #1410, #199, .T. ) ;
#9300 = LINE ( 'NONE', #2550, #1706 ) ;
#9299 = CARTESIAN_POINT ( 'NONE',  ( -6.273666803960597171, 4.200000000000000178, -3.732439528362500258 ) ) ;
#9301 = LINE ( 'NONE', #2601, #3110 ) ;
#9302 = CIRCLE ( 'NONE', #987, 7.399999999999999467 ) ;
#9303 = VECTOR ( 'NONE', #2064, 1000.000000000000000 ) ;
#9305 = EDGE_LOOP ( 'NONE', ( #8203, #6237, #6592, #5261 ) ) ;
#9304 = AXIS2_PLACEMENT_3D ( 'NONE', #2545, #6296, #142 ) ;
#9306 = EDGE_CURVE ( 'NONE', #3177, #5714, #5469, .T. ) ;
#9307 = AXIS2_PLACEMENT_3D ( 'NONE', #2004, #8750, #9491 ) ;
#9308 = DIRECTION ( 'NONE',  ( -0.2516678542837351151, -0.06042010615679307972, 0.9659258262890699775 ) ) ;
#9309 = LINE ( 'NONE', #8611, #3323 ) ;
#9311 = ORIENTED_EDGE ( 'NONE', *, *, #5738, .F. ) ;
#9310 = CARTESIAN_POINT ( 'NONE',  ( -7.112901472932215086, 4.200000000000000178, -1.642142696710235272 ) ) ;
#9312 = CARTESIAN_POINT ( 'NONE',  ( 3.249999999999999112, 0.5999999999999999778, 3.794707603699265519E-16 ) ) ;
#9314 = ORIENTED_EDGE ( 'NONE', *, *, #861, .T. ) ;
#9313 = LINE ( 'NONE', #1920, #2515 ) ;
#9315 = CARTESIAN_POINT ( 'NONE',  ( -2.278905617951795026, 0.000000000000000000, 6.406578045772098662 ) ) ;
#9316 = CIRCLE ( 'NONE', #2547, 3.300000000000000711 ) ;
#9318 = ORIENTED_EDGE ( 'NONE', *, *, #4984, .F. ) ;
#9317 = FACE_OUTER_BOUND ( 'NONE', #9358, .T. ) ;
#9319 = FACE_OUTER_BOUND ( 'NONE', #54, .T. ) ;
#9320 = DIRECTION ( 'NONE',  ( 0.000000000000000000, 0.000000000000000000, -1.000000000000000000 ) ) ;
#9322 = EDGE_LOOP ( 'NONE', ( #5014, #4513 ) ) ;
#9321 = LINE ( 'NONE', #1161, #9431 ) ;
#9323 = ORIENTED_EDGE ( 'NONE', *, *, #2994, .F. ) ;
#9324 = ORIENTED_EDGE ( 'NONE', *, *, #4010, .T. ) ;
#9325 = AXIS2_PLACEMENT_3D ( 'NONE', #94, #6635, #5900 ) ;
#9326 = VECTOR ( 'NONE', #1836, 1000.000000000000000 ) ;
#9327 = VERTEX_POINT ( 'NONE', #892 ) ;
#9329 = EDGE_LOOP ( 'NONE', ( #5459, #6346, #1031, #3173, #8226, #1571, #4746 ) ) ;
#9328 = FACE_OUTER_BOUND ( 'NONE', #3760, .T. ) ;
#9330 = DIRECTION ( 'NONE',  ( -0.9392372188187643189, -0.2254909059758627987, -0.2588190451025145222 ) ) ;
#9331 = DIRECTION ( 'NONE',  ( -0.000000000000000000, -1.000000000000000000, -0.000000000000000000 ) ) ;
#9332 = CIRCLE ( 'NONE', #2412, 0.4499999999999999001 ) ;
#9333 = VERTEX_POINT ( 'NONE', #1711 ) ;
#9335 = CARTESIAN_POINT ( 'NONE',  ( 0.9000000000000017986, 0.3500000000000007550, -6.690000000000003055 ) ) ;
#9334 = CARTESIAN_POINT ( 'NONE',  ( 4.445813570937528603, 0.5999999999999999778, -4.603774722167421452 ) ) ;
#9336 = EDGE_CURVE ( 'NONE', #529, #6547, #4284, .T. ) ;
#9337 = CARTESIAN_POINT ( 'NONE',  ( -6.174999999999998046, 0.5999999999999999778, 5.599999999999997868 ) ) ;
#9338 = VECTOR ( 'NONE', #448, 1000.000000000000000 ) ;
#9339 = ORIENTED_EDGE ( 'NONE', *, *, #3420, .F. ) ;
#9340 = CARTESIAN_POINT ( 'NONE',  ( -0.3750000000000000000, 0.5999999999999999778, -0.7999999999999988232 ) ) ;
#9341 = ADVANCED_FACE ( 'NONE', ( #6099 ), #9088, .F. ) ;
#9342 = DIRECTION ( 'NONE',  ( 0.9723699203976781114, -0.2334453638558993960, 0.000000000000000000 ) ) ;
#9343 = ORIENTED_EDGE ( 'NONE', *, *, #2733, .T. ) ;
#9344 = PLANE ( 'NONE',  #5984 ) ;
#9346 = FACE_OUTER_BOUND ( 'NONE', #7303, .T. ) ;
#9345 = DIRECTION ( 'NONE',  ( 0.000000000000000000, -1.141265444721584004E-16, 1.000000000000000000 ) ) ;
#9347 = LINE ( 'NONE', #5622, #4221 ) ;
#9348 = CIRCLE ( 'NONE', #5890, 7.300000000000003375 ) ;
#9349 = ADVANCED_FACE ( 'NONE', ( #4975 ), #1854, .F. ) ;
#9350 = VECTOR ( 'NONE', #1447, 1000.000000000000000 ) ;
#9351 = ORIENTED_EDGE ( 'NONE', *, *, #672, .T. ) ;
#9352 = DIRECTION ( 'NONE',  ( -0.000000000000000000, -1.000000000000000000, -0.000000000000000000 ) ) ;
#9353 = CARTESIAN_POINT ( 'NONE',  ( 0.000000000000000000, 4.200000000000000178, 0.000000000000000000 ) ) ;
#9355 = EDGE_LOOP ( 'NONE', ( #6215, #295, #6851, #1601 ) ) ;
#9354 = CARTESIAN_POINT ( 'NONE',  ( 2.321277911634232360, 2.323158544408997717, 2.299999999999997602 ) ) ;
#9356 = DIRECTION ( 'NONE',  ( 0.000000000000000000, 0.000000000000000000, -1.000000000000000000 ) ) ;
#9358 = EDGE_LOOP ( 'NONE', ( #8836, #7825, #6396, #2207 ) ) ;
#9357 = LINE ( 'NONE', #9453, #7558 ) ;
#9359 = DIRECTION ( 'NONE',  ( 0.000000000000000000, 0.000000000000000000, -1.000000000000000000 ) ) ;
#9360 = ORIENTED_EDGE ( 'NONE', *, *, #1088, .F. ) ;
#9361 = AXIS2_PLACEMENT_3D ( 'NONE', #5686, #2663, #4951 ) ;
#9362 = EDGE_CURVE ( 'NONE', #1346, #5752, #9316, .T. ) ;
#9363 = ADVANCED_FACE ( 'NONE', ( #1991 ), #5015, .T. ) ;
#9364 = EDGE_CURVE ( 'NONE', #766, #4508, #6438, .T. ) ;
#9365 = ADVANCED_FACE ( 'NONE', ( #486 ), #3475, .T. ) ;
#9367 = EDGE_LOOP ( 'NONE', ( #6574, #1855, #3029, #1945 ) ) ;
#9366 = DIRECTION ( 'NONE',  ( -0.9063077870366509359, 0.000000000000000000, -0.4226182617406973874 ) ) ;
#9368 = VECTOR ( 'NONE', #802, 1000.000000000000000 ) ;
#9369 = LINE ( 'NONE', #2619, #4086 ) ;
#9370 = CARTESIAN_POINT ( 'NONE',  ( -1.050000000000000044, 0.2999999999999999889, -5.400000000000000355 ) ) ;
#9372 = VERTEX_POINT ( 'NONE', #4878 ) ;
#9371 = DIRECTION ( 'NONE',  ( 0.000000000000000000, -1.000000000000000000, -0.000000000000000000 ) ) ;
#9373 = EDGE_LOOP ( 'NONE', ( #1386, #87, #1846, #5603 ) ) ;
#9374 = ORIENTED_EDGE ( 'NONE', *, *, #1302, .F. ) ;
#9376 = ORIENTED_EDGE ( 'NONE', *, *, #6719, .F. ) ;
#9375 = DIRECTION ( 'NONE',  ( 0.000000000000000000, 0.000000000000000000, 1.000000000000000000 ) ) ;
#9377 = FACE_OUTER_BOUND ( 'NONE', #2973, .T. ) ;
#9378 = DIRECTION ( 'NONE',  ( 0.000000000000000000, 0.000000000000000000, -1.000000000000000000 ) ) ;
#9379 = EDGE_LOOP ( 'NONE', ( #1075, #8030, #7773, #4843, #1258, #302, #963, #8646, #8530, #5479, #6998, #8484, #2512, #5735, #1255, #9545, #7559, #505, #6280, #1909, #4379, #673, #4577, #8668, #5634, #1126, #7832, #8538, #9272, #1834, #7126, #7643, #5542, #4681, #7292, #3192, #7178, #7005, #2637, #6525, #4914, #6122, #3540, #8755, #3112 ) ) ;
#9380 = VERTEX_POINT ( 'NONE', #8650 ) ;
#9382 = DIRECTION ( 'NONE',  ( 0.000000000000000000, 0.000000000000000000, -1.000000000000000000 ) ) ;
#9381 = DIRECTION ( 'NONE',  ( -0.2334453638558993682, 0.9723699203976780003, 1.079569610683076831E-16 ) ) ;
#9383 = LINE ( 'NONE', #2636, #6974 ) ;
#9384 = ORIENTED_EDGE ( 'NONE', *, *, #1685, .T. ) ;
#9385 = DIRECTION ( 'NONE',  ( 0.000000000000000000, 0.000000000000000000, 1.000000000000000000 ) ) ;
#9386 = ORIENTED_EDGE ( 'NONE', *, *, #2676, .T. ) ;
#9387 = DIRECTION ( 'NONE',  ( -0.2334453638558993960, -0.9723699203976781114, -3.320040592046328557E-15 ) ) ;
#9388 = ORIENTED_EDGE ( 'NONE', *, *, #7296, .F. ) ;
#9389 = CARTESIAN_POINT ( 'NONE',  ( 0.000000000000000000, 0.000000000000000000, 0.000000000000000000 ) ) ;
#9391 = LINE ( 'NONE', #5069, #7994 ) ;
#9390 = LINE ( 'NONE', #8508, #812 ) ;
#9392 = ADVANCED_FACE ( 'NONE', ( #6487 ), #1221, .F. ) ;
#9393 = EDGE_CURVE ( 'NONE', #8385, #6761, #7913, .T. ) ;
#9394 = CARTESIAN_POINT ( 'NONE',  ( 0.1477402262763529983, 2.342108142830979567, 5.151290747500115508 ) ) ;
#9395 = EDGE_CURVE ( 'NONE', #90, #4033, #1139, .T. ) ;
#9396 = EDGE_CURVE ( 'NONE', #2914, #4120, #3385, .T. ) ;
#9397 = CARTESIAN_POINT ( 'NONE',  ( -0.9000000000000000222, 0.5999999999999999778, -6.190000000000002167 ) ) ;
#9398 = CARTESIAN_POINT ( 'NONE',  ( 3.097236992039767767, 2.303799542494627595, 5.599999999999997868 ) ) ;
#9400 = ORIENTED_EDGE ( 'NONE', *, *, #1999, .F. ) ;
#9399 = DIRECTION ( 'NONE',  ( 0.9745028046914837594, 0.000000000000000000, -0.2243753187149416795 ) ) ;
#9401 = CARTESIAN_POINT ( 'NONE',  ( 0.000000000000000000, 4.200000000000000178, 0.000000000000000000 ) ) ;
#9403 = VERTEX_POINT ( 'NONE', #9483 ) ;
#9402 = CARTESIAN_POINT ( 'NONE',  ( 4.300000000000000711, 4.200000000000000178, 0.000000000000000000 ) ) ;
#9404 = CARTESIAN_POINT ( 'NONE',  ( 2.319379539477045338, 0.5999999999999999778, -5.206772373731661574 ) ) ;
#9405 = AXIS2_PLACEMENT_3D ( 'NONE', #3886, #7044, #261 ) ;
#9407 = ORIENTED_EDGE ( 'NONE', *, *, #4062, .T. ) ;
#9406 = FACE_OUTER_BOUND ( 'NONE', #6975, .T. ) ;
#9408 = EDGE_CURVE ( 'NONE', #8676, #4318, #3424, .T. ) ;
#9409 = CARTESIAN_POINT ( 'NONE',  ( -6.174999999999998046, 4.200000000000000178, 5.299999999999998046 ) ) ;
#9410 = CARTESIAN_POINT ( 'NONE',  ( 3.918869757271534404E-16, -0.5999999999999995337, -3.750000000000001776 ) ) ;
#9412 = ORIENTED_EDGE ( 'NONE', *, *, #8068, .F. ) ;
#9411 = PLANE ( 'NONE',  #3773 ) ;
#9413 = EDGE_CURVE ( 'NONE', #3120, #9032, #2692, .T. ) ;
#9414 = EDGE_CURVE ( 'NONE', #3859, #1633, #1270, .T. ) ;
#9415 = AXIS2_PLACEMENT_3D ( 'NONE', #3463, #5834, #2770 ) ;
#9416 = EDGE_CURVE ( 'NONE', #6944, #9372, #1300, .T. ) ;
#9417 = VECTOR ( 'NONE', #8561, 1000.000000000000000 ) ;
#9418 = ORIENTED_EDGE ( 'NONE', *, *, #2944, .F. ) ;
#9419 = CIRCLE ( 'NONE', #1719, 0.3000000000000000444 ) ;
#9420 = VECTOR ( 'NONE', #4923, 1000.000000000000000 ) ;
#9421 = VERTEX_POINT ( 'NONE', #8697 ) ;
#9422 = AXIS2_PLACEMENT_3D ( 'NONE', #9354, #6403, #7926 ) ;
#9424 = EDGE_LOOP ( 'NONE', ( #2753, #4275, #4244, #2889 ) ) ;
#9423 = CARTESIAN_POINT ( 'NONE',  ( -0.4681980515339463356, 1.244188384379823598, 2.675794114407785251 ) ) ;
#9425 = CARTESIAN_POINT ( 'NONE',  ( 0.000000000000000000, 0.000000000000000000, 0.000000000000000000 ) ) ;
#9426 = DIRECTION ( 'NONE',  ( 1.000000000000000000, 0.000000000000000000, 0.000000000000000000 ) ) ;
#9427 = ORIENTED_EDGE ( 'NONE', *, *, #3928, .T. ) ;
#9428 = ORIENTED_EDGE ( 'NONE', *, *, #4927, .F. ) ;
#9429 = DIRECTION ( 'NONE',  ( 0.000000000000000000, 0.000000000000000000, 1.000000000000000000 ) ) ;
#9430 = CARTESIAN_POINT ( 'NONE',  ( 3.918869757271534404E-16, -0.5999999999999995337, -4.200000000000001066 ) ) ;
#9431 = VECTOR ( 'NONE', #5691, 1000.000000000000000 ) ;
#9432 = ORIENTED_EDGE ( 'NONE', *, *, #3006, .F. ) ;
#9433 = DIRECTION ( 'NONE',  ( -0.000000000000000000, -1.000000000000000000, -0.000000000000000000 ) ) ;
#9434 = CIRCLE ( 'NONE', #8341, 0.3999999999999993006 ) ;
#9435 = VECTOR ( 'NONE', #2941, 1000.000000000000000 ) ;
#9436 = CARTESIAN_POINT ( 'NONE',  ( 2.255856501335797848, 0.5999999999999999778, -4.837699878791127617 ) ) ;
#9437 = ORIENTED_EDGE ( 'NONE', *, *, #3639, .T. ) ;
#9438 = CARTESIAN_POINT ( 'NONE',  ( 0.000000000000000000, 4.200000000000000178, 0.000000000000000000 ) ) ;
#9440 = CYLINDRICAL_SURFACE ( 'NONE', #2014, 7.300000000000002487 ) ;
#9439 = DIRECTION ( 'NONE',  ( 0.000000000000000000, 1.000000000000000000, -0.000000000000000000 ) ) ;
#9441 = DIRECTION ( 'NONE',  ( 0.000000000000000000, 1.000000000000000000, 0.000000000000000000 ) ) ;
#9442 = VECTOR ( 'NONE', #3081, 1000.000000000000000 ) ;
#9443 = AXIS2_PLACEMENT_3D ( 'NONE', #3539, #5770, #8850 ) ;
#9444 = ADVANCED_FACE ( 'NONE', ( #7956 ), #5753, .T. ) ;
#9445 = CARTESIAN_POINT ( 'NONE',  ( 6.273666803960598060, 4.200000000000000178, -3.732439528362502035 ) ) ;
#9446 = LINE ( 'NONE', #2703, #3956 ) ;
#9447 = LINE ( 'NONE', #3485, #5707 ) ;
#9449 = VERTEX_POINT ( 'NONE', #5615 ) ;
#9448 = LINE ( 'NONE', #268, #9727 ) ;
#9450 = VECTOR ( 'NONE', #3103, 1000.000000000000000 ) ;
#9451 = VECTOR ( 'NONE', #6444, 1000.000000000000000 ) ;
#9452 = CARTESIAN_POINT ( 'NONE',  ( 3.050555351932489945, 2.498242567300921646, 5.599999999999997868 ) ) ;
#9454 = DIRECTION ( 'NONE',  ( -0.000000000000000000, 1.000000000000000000, 1.442810774098246915E-15 ) ) ;
#9453 = CARTESIAN_POINT ( 'NONE',  ( -4.549999999999998934, 0.5999999999999999778, 5.299999999999998046 ) ) ;
#9455 = LINE ( 'NONE', #7241, #8620 ) ;
#9456 = EDGE_CURVE ( 'NONE', #321, #4288, #1768, .T. ) ;
#9457 = AXIS2_PLACEMENT_3D ( 'NONE', #4071, #4826, #298 ) ;
#9459 = ORIENTED_EDGE ( 'NONE', *, *, #5746, .T. ) ;
#9458 = CARTESIAN_POINT ( 'NONE',  ( -1.641791861192335708E-16, 0.5999999999999999778, 1.324999999999999956 ) ) ;
#9460 = ORIENTED_EDGE ( 'NONE', *, *, #231, .F. ) ;
#9461 = PLANE ( 'NONE',  #7221 ) ;
#9463 = VERTEX_POINT ( 'NONE', #3337 ) ;
#9462 = CARTESIAN_POINT ( 'NONE',  ( 3.249999999999999112, 0.5999999999999999778, -1.224999999999999201 ) ) ;
#9464 = FACE_OUTER_BOUND ( 'NONE', #5304, .T. ) ;
#9465 = VECTOR ( 'NONE', #8065, 1000.000000000000000 ) ;
#9466 = ADVANCED_FACE ( 'NONE', ( #3617, #4512 ), #8251, .T. ) ;
#9467 = EDGE_CURVE ( 'NONE', #4957, #5993, #8885, .T. ) ;
#9469 = ORIENTED_EDGE ( 'NONE', *, *, #8036, .F. ) ;
#9468 = DIRECTION ( 'NONE',  ( 1.000000000000000000, -8.260587980841933849E-16, 0.000000000000000000 ) ) ;
#9470 = LINE ( 'NONE', #2726, #2172 ) ;
#9471 = FACE_OUTER_BOUND ( 'NONE', #8622, .T. ) ;
#9472 = ORIENTED_EDGE ( 'NONE', *, *, #3897, .F. ) ;
#9473 = FACE_OUTER_BOUND ( 'NONE', #620, .T. ) ;
#9474 = FACE_OUTER_BOUND ( 'NONE', #8569, .T. ) ;
#9475 = VECTOR ( 'NONE', #8745, 1000.000000000000000 ) ;
#9476 = ADVANCED_FACE ( 'NONE', ( #6575 ), #6678, .T. ) ;
#9477 = EDGE_CURVE ( 'NONE', #1410, #2326, #3769, .T. ) ;
#9478 = ADVANCED_FACE ( 'NONE', ( #8834 ), #4413, .F. ) ;
#9479 = ORIENTED_EDGE ( 'NONE', *, *, #8921, .T. ) ;
#9480 = CARTESIAN_POINT ( 'NONE',  ( 0.000000000000000000, 0.000000000000000000, -0.000000000000000000 ) ) ;
#9481 = AXIS2_PLACEMENT_3D ( 'NONE', #8828, #770, #3762 ) ;
#9482 = ORIENTED_EDGE ( 'NONE', *, *, #301, .T. ) ;
#9483 = CARTESIAN_POINT ( 'NONE',  ( -3.749999999999999556, 0.5999999999999998668, -1.324999999999999512 ) ) ;
#9484 = ORIENTED_EDGE ( 'NONE', *, *, #8245, .F. ) ;
#9485 = CARTESIAN_POINT ( 'NONE',  ( 0.8749999999999995559, 1.205866657858800650, 2.686062390081659590 ) ) ;
#9487 = CARTESIAN_POINT ( 'NONE',  ( 5.674999999999998934, 3.449999999999998401, 5.599999999999997868 ) ) ;
#9486 = PLANE ( 'NONE',  #6314 ) ;
#9488 = LINE ( 'NONE', #4281, #8061 ) ;
#9489 = CIRCLE ( 'NONE', #4158, 0.1000000000000002554 ) ;
#9490 = DIRECTION ( 'NONE',  ( -0.000000000000000000, -1.000000000000000000, -0.000000000000000000 ) ) ;
#9491 = DIRECTION ( 'NONE',  ( -0.3420201433256630508, 0.000000000000000000, -0.9396926207859104263 ) ) ;
#9492 = CARTESIAN_POINT ( 'NONE',  ( -3.749999999999999112, 0.2999999999999999889, 1.325000000000000400 ) ) ;
#9494 = VERTEX_POINT ( 'NONE', #2830 ) ;
#9493 = DIRECTION ( 'NONE',  ( 1.000000000000000000, -0.000000000000000000, 0.000000000000000000 ) ) ;
#9495 = VECTOR ( 'NONE', #6008, 1000.000000000000000 ) ;
#9496 = ORIENTED_EDGE ( 'NONE', *, *, #8039, .F. ) ;
#9497 = DIRECTION ( 'NONE',  ( 0.000000000000000000, 1.000000000000000000, -0.000000000000000000 ) ) ;
#9499 = CARTESIAN_POINT ( 'NONE',  ( 0.000000000000000000, 4.200000000000000178, 0.000000000000000000 ) ) ;
#9498 = DIRECTION ( 'NONE',  ( -0.000000000000000000, -1.000000000000000000, -0.000000000000000000 ) ) ;
#9500 = DIRECTION ( 'NONE',  ( 1.000000000000000000, 0.000000000000000000, 0.000000000000000000 ) ) ;
#9501 = VECTOR ( 'NONE', #198, 999.9999999999998863 ) ;
#9503 = ORIENTED_EDGE ( 'NONE', *, *, #945, .F. ) ;
#9502 = CARTESIAN_POINT ( 'NONE',  ( 0.3654713239622577881, 2.342108142830979567, 5.208019656360511007 ) ) ;
#9504 = FACE_BOUND ( 'NONE', #880, .T. ) ;
#9506 = ORIENTED_EDGE ( 'NONE', *, *, #5880, .T. ) ;
#9505 = CARTESIAN_POINT ( 'NONE',  ( 5.219787914004599294, 3.199999999999998401, 5.336184427528453789 ) ) ;
#9507 = PLANE ( 'NONE',  #17 ) ;
#9508 = AXIS2_PLACEMENT_3D ( 'NONE', #9606, #22, #2863 ) ;
#9509 = ADVANCED_FACE ( 'NONE', ( #6727 ), #9712, .F. ) ;
#9510 = VERTEX_POINT ( 'NONE', #1408 ) ;
#9511 = AXIS2_PLACEMENT_3D ( 'NONE', #3256, #6121, #1639 ) ;
#9513 = ORIENTED_EDGE ( 'NONE', *, *, #1180, .T. ) ;
#9512 = CARTESIAN_POINT ( 'NONE',  ( -4.549999999999998934, 0.000000000000000000, 8.049999999999998934 ) ) ;
#9514 = CARTESIAN_POINT ( 'NONE',  ( -4.213437021927586734, 4.200000000000000178, 6.588245792962772462 ) ) ;
#9515 = DIRECTION ( 'NONE',  ( -1.000000000000000000, -0.000000000000000000, -0.000000000000000000 ) ) ;
#9516 = ORIENTED_EDGE ( 'NONE', *, *, #6625, .T. ) ;
#9517 = DIRECTION ( 'NONE',  ( 0.000000000000000000, 0.000000000000000000, 1.000000000000000000 ) ) ;
#9518 = FACE_OUTER_BOUND ( 'NONE', #4771, .T. ) ;
#9519 = VERTEX_POINT ( 'NONE', #5895 ) ;
#9521 = ORIENTED_EDGE ( 'NONE', *, *, #6529, .F. ) ;
#9520 = CARTESIAN_POINT ( 'NONE',  ( 0.2880046469771315731, 2.066406240734028010, 4.860007623325723891 ) ) ;
#9522 = DIRECTION ( 'NONE',  ( -0.000000000000000000, -1.000000000000000000, -0.000000000000000000 ) ) ;
#9523 = ORIENTED_EDGE ( 'NONE', *, *, #8805, .T. ) ;
#9524 = CARTESIAN_POINT ( 'NONE',  ( 0.000000000000000000, 4.200000000000000178, 0.000000000000000000 ) ) ;
#9526 = PLANE ( 'NONE',  #6586 ) ;
#9525 = LINE ( 'NONE', #5946, #3167 ) ;
#9527 = EDGE_CURVE ( 'NONE', #8815, #3730, #8929, .T. ) ;
#9528 = EDGE_CURVE ( 'NONE', #1173, #870, #5156, .T. ) ;
#9529 = CARTESIAN_POINT ( 'NONE',  ( 1.506948958437338337, 0.000000000000000000, -7.244936496385912861 ) ) ;
#9530 = EDGE_CURVE ( 'NONE', #3243, #8558, #7438, .T. ) ;
#9531 = CARTESIAN_POINT ( 'NONE',  ( 0.4763578717938102836, 1.880232430642081898, 5.208019656360511007 ) ) ;
#9532 = CARTESIAN_POINT ( 'NONE',  ( -0.8749999999999994449, 0.2999999999999999889, -0.7999999999999988232 ) ) ;
#9533 = CARTESIAN_POINT ( 'NONE',  ( -2.321277911634231916, 2.323158544408997717, 5.599999999999997868 ) ) ;
#9535 = ORIENTED_EDGE ( 'NONE', *, *, #5785, .T. ) ;
#9534 = LINE ( 'NONE', #2792, #8786 ) ;
#9536 = ORIENTED_EDGE ( 'NONE', *, *, #5496, .T. ) ;
#9537 = FACE_OUTER_BOUND ( 'NONE', #6234, .T. ) ;
#9538 = ORIENTED_EDGE ( 'NONE', *, *, #2501, .F. ) ;
#9539 = CARTESIAN_POINT ( 'NONE',  ( -4.299999999999998934, 4.200000000000000178, 4.740253157796534111 ) ) ;
#9540 = EDGE_CURVE ( 'NONE', #6968, #1743, #3027, .T. ) ;
#9542 = VERTEX_POINT ( 'NONE', #1513 ) ;
#9541 = FACE_OUTER_BOUND ( 'NONE', #2237, .T. ) ;
#9543 = FACE_BOUND ( 'NONE', #5740, .T. ) ;
#9545 = ORIENTED_EDGE ( 'NONE', *, *, #6419, .T. ) ;
#9544 = DIRECTION ( 'NONE',  ( 0.000000000000000000, 0.9659258262890699775, -0.2588190451025145777 ) ) ;
#9546 = LINE ( 'NONE', #6558, #3786 ) ;
#9547 = ORIENTED_EDGE ( 'NONE', *, *, #2590, .F. ) ;
#9548 = EDGE_CURVE ( 'NONE', #4590, #2674, #6630, .T. ) ;
#9549 = CIRCLE ( 'NONE', #7358, 0.5000000000000002220 ) ;
#9550 = EDGE_CURVE ( 'NONE', #2578, #181, #776, .T. ) ;
#9552 = EDGE_LOOP ( 'NONE', ( #9432, #4017, #1970, #7612 ) ) ;
#9551 = CARTESIAN_POINT ( 'NONE',  ( -0.4238326649262330603, 2.099015662731559928, 5.208019656360511007 ) ) ;
#9553 = CIRCLE ( 'NONE', #6738, 0.1999999999999996503 ) ;
#9554 = EDGE_CURVE ( 'NONE', #2925, #6519, #8296, .T. ) ;
#9555 = CARTESIAN_POINT ( 'NONE',  ( 1.327362237798776601, 2.804431138369955612, 5.487555226753929816 ) ) ;
#9556 = DIRECTION ( 'NONE',  ( -0.2036417511401808766, 0.000000000000000000, 0.9790454724845830681 ) ) ;
#9557 = VERTEX_POINT ( 'NONE', #9618 ) ;
#9558 = ORIENTED_EDGE ( 'NONE', *, *, #6176, .T. ) ;
#9559 = DIRECTION ( 'NONE',  ( 0.000000000000000000, 0.000000000000000000, 1.000000000000000000 ) ) ;
#9560 = CARTESIAN_POINT ( 'NONE',  ( 0.000000000000000000, 4.200000000000000178, 0.000000000000000000 ) ) ;
#9561 = VECTOR ( 'NONE', #6134, 1000.000000000000114 ) ;
#9562 = ORIENTED_EDGE ( 'NONE', *, *, #8025, .T. ) ;
#9564 = ORIENTED_EDGE ( 'NONE', *, *, #3757, .T. ) ;
#9563 = CARTESIAN_POINT ( 'NONE',  ( -6.744320587332403250, 4.200000000000000178, 2.793589056265139092 ) ) ;
#9565 = DIRECTION ( 'NONE',  ( -0.000000000000000000, -1.000000000000000000, -0.000000000000000000 ) ) ;
#9566 = EDGE_LOOP ( 'NONE', ( #4877, #5570, #1293, #2627 ) ) ;
#9567 = AXIS2_PLACEMENT_3D ( 'NONE', #9265, #6959, #1881 ) ;
#9568 = EDGE_CURVE ( 'NONE', #372, #7463, #5847, .T. ) ;
#9569 = VECTOR ( 'NONE', #6453, 1000.000000000000000 ) ;
#9570 = CARTESIAN_POINT ( 'NONE',  ( 2.133942768563687586, 0.5999999999999999778, -5.281693692414842545 ) ) ;
#9572 = CARTESIAN_POINT ( 'NONE',  ( -6.174999999999998046, 3.200000000000000622, 5.299999999999998046 ) ) ;
#9571 = CARTESIAN_POINT ( 'NONE',  ( -2.157866156935102087, 3.003817488687372528, 5.599999999999997868 ) ) ;
#9573 = PLANE ( 'NONE',  #1625 ) ;
#9574 = CIRCLE ( 'NONE', #2353, 0.2250000000000000333 ) ;
#9575 = EDGE_CURVE ( 'NONE', #4511, #1793, #850, .T. ) ;
#9576 = AXIS2_PLACEMENT_3D ( 'NONE', #7601, #4008, #3855 ) ;
#9577 = EDGE_CURVE ( 'NONE', #2739, #3991, #2878, .T. ) ;
#9578 = EDGE_CURVE ( 'NONE', #432, #3143, #1459, .T. ) ;
#9579 = CARTESIAN_POINT ( 'NONE',  ( 1.050000000000000044, 4.200000000000000178, -7.325127985230017735 ) ) ;
#9580 = EDGE_CURVE ( 'NONE', #8577, #5845, #1018, .T. ) ;
#9581 = DIRECTION ( 'NONE',  ( -0.000000000000000000, 1.000000000000000000, 1.442810774098246915E-15 ) ) ;
#9582 = DIRECTION ( 'NONE',  ( 1.000000000000000000, -0.000000000000000000, 0.000000000000000000 ) ) ;
#9584 = ORIENTED_EDGE ( 'NONE', *, *, #4015, .T. ) ;
#9583 = DIRECTION ( 'NONE',  ( -0.000000000000000000, -1.000000000000000000, -0.000000000000000000 ) ) ;
#9585 = DIRECTION ( 'NONE',  ( -0.2334453638558999511, 0.9723699203976778893, -1.129377263005733529E-17 ) ) ;
#9587 = FACE_OUTER_BOUND ( 'NONE', #3966, .T. ) ;
#9586 = FILL_AREA_STYLE ('',( #8021 ) ) ;
#9588 = VECTOR ( 'NONE', #7874, 1000.000000000000000 ) ;
#9589 = LINE ( 'NONE', #7932, #5166 ) ;
#9590 = VECTOR ( 'NONE', #2903, 1000.000000000000000 ) ;
#9591 = EDGE_CURVE ( 'NONE', #180, #8966, #5546, .T. ) ;
#9592 = EDGE_CURVE ( 'NONE', #4355, #1109, #6960, .T. ) ;
#9593 = AXIS2_PLACEMENT_3D ( 'NONE', #5045, #6660, #558 ) ;
#9594 = CARTESIAN_POINT ( 'NONE',  ( -4.174999999999998934, 3.450000000000000622, 5.599999999999997868 ) ) ;
#9595 = VECTOR ( 'NONE', #1354, 1000.000000000000000 ) ;
#9596 = CARTESIAN_POINT ( 'NONE',  ( -0.3750000000000000000, 1.205866657858800650, 2.686062390081659590 ) ) ;
#9598 = EDGE_LOOP ( 'NONE', ( #9069, #8595, #232, #9269, #7680, #3375, #7487, #7112, #1026, #9214, #7702, #3770 ) ) ;
#9597 = CARTESIAN_POINT ( 'NONE',  ( 4.549999999999999822, 4.200000000000000178, 8.049999999999998934 ) ) ;
#9599 = DIRECTION ( 'NONE',  ( 0.000000000000000000, 1.000000000000000000, 0.000000000000000000 ) ) ;
#9601 = ORIENTED_EDGE ( 'NONE', *, *, #2379, .T. ) ;
#9600 = DIRECTION ( 'NONE',  ( -1.000000000000000000, 0.000000000000000000, 0.000000000000000000 ) ) ;
#9602 = CARTESIAN_POINT ( 'NONE',  ( 0.9000000000000000222, 0.5999999999999999778, -5.390000000000001457 ) ) ;
#9603 = VERTEX_POINT ( 'NONE', #4153 ) ;
#9604 = AXIS2_PLACEMENT_3D ( 'NONE', #1848, #7810, #1759 ) ;
#9605 = VECTOR ( 'NONE', #2083, 1000.000000000000114 ) ;
#9607 = ORIENTED_EDGE ( 'NONE', *, *, #4074, .T. ) ;
#9606 = CARTESIAN_POINT ( 'NONE',  ( 0.3750000000000000000, 1.100000000000000311, -0.7999999999999988232 ) ) ;
#9608 = VECTOR ( 'NONE', #6148, 1000.000000000000000 ) ;
#9609 = FACE_OUTER_BOUND ( 'NONE', #8350, .T. ) ;
#9610 = LINE ( 'NONE', #9019, #9112 ) ;
#9611 = ORIENTED_EDGE ( 'NONE', *, *, #4555, .F. ) ;
#9612 = CARTESIAN_POINT ( 'NONE',  ( 0.9000000000000016875, 0.5166917655882565796, -6.416661646882351633 ) ) ;
#9613 = CARTESIAN_POINT ( 'NONE',  ( 0.000000000000000000, 4.200000000000000178, 0.000000000000000000 ) ) ;
#9615 = VERTEX_POINT ( 'NONE', #6416 ) ;
#9614 = CARTESIAN_POINT ( 'NONE',  ( 2.887143597233360559, 3.178901511579296901, 5.599999999999997868 ) ) ;
#9616 = ORIENTED_EDGE ( 'NONE', *, *, #3715, .T. ) ;
#9617 = EDGE_CURVE ( 'NONE', #2115, #2618, #3259, .T. ) ;
#9618 = CARTESIAN_POINT ( 'NONE',  ( -0.4763578717938105056, 1.880232430642082342, 5.208019656360511007 ) ) ;
#9619 = ORIENTED_EDGE ( 'NONE', *, *, #2531, .F. ) ;
#9620 = EDGE_CURVE ( 'NONE', #4641, #4830, #4908, .T. ) ;
#9621 = ORIENTED_EDGE ( 'NONE', *, *, #3346, .F. ) ;
#9622 = LINE ( 'NONE', #2880, #9288 ) ;
#9624 = CARTESIAN_POINT ( 'NONE',  ( 7.274928168233662618, 0.000000000000000000, 0.6044999148390709509 ) ) ;
#9623 = DIRECTION ( 'NONE',  ( 0.2334453638558991462, 0.9723699203976781114, 0.000000000000000000 ) ) ;
#9625 = CARTESIAN_POINT ( 'NONE',  ( -7.276086315973257612, 4.200000000000000178, 1.348542888641923065 ) ) ;
#9626 = CIRCLE ( 'NONE', #5410, 7.300000000000001599 ) ;
#9627 = VECTOR ( 'NONE', #2197, 1000.000000000000227 ) ;
#9628 = DIRECTION ( 'NONE',  ( -0.000000000000000000, -0.000000000000000000, 1.000000000000000000 ) ) ;
#9629 = VECTOR ( 'NONE', #624, 1000.000000000000114 ) ;
#9630 = CARTESIAN_POINT ( 'NONE',  ( 0.000000000000000000, 0.000000000000000000, 0.000000000000000000 ) ) ;
#9632 = ORIENTED_EDGE ( 'NONE', *, *, #2161, .F. ) ;
#9631 = CARTESIAN_POINT ( 'NONE',  ( -2.278905617951795026, 1.599999999999999867, 6.406578045772098662 ) ) ;
#9633 = ORIENTED_EDGE ( 'NONE', *, *, #7345, .F. ) ;
#9634 = DIRECTION ( 'NONE',  ( 1.000000000000000000, -0.000000000000000000, -0.000000000000000000 ) ) ;
#9635 = CARTESIAN_POINT ( 'NONE',  ( -0.9000000000000000222, 0.5999999999999999778, -5.390000000000001457 ) ) ;
#9636 = CARTESIAN_POINT ( 'NONE',  ( 1.024999999999999245, 0.5999999999999999778, 2.950000000000000178 ) ) ;
#9637 = VECTOR ( 'NONE', #1901, 1000.000000000000000 ) ;
#9638 = CIRCLE ( 'NONE', #5427, 0.5999999999999980904 ) ;
#9639 = CARTESIAN_POINT ( 'NONE',  ( -0.6000000000000000888, 1.244188384379823598, 2.675794114407785251 ) ) ;
#9640 = CARTESIAN_POINT ( 'NONE',  ( -4.549999999999998934, 0.000000000000000000, 8.049999999999998934 ) ) ;
#9642 = ORIENTED_EDGE ( 'NONE', *, *, #6305, .T. ) ;
#9641 = CARTESIAN_POINT ( 'NONE',  ( 0.6000000000000000888, 1.147632372710735149, 2.468729079166619655 ) ) ;
#9643 = DIRECTION ( 'NONE',  ( 0.000000000000000000, 1.000000000000000000, 0.000000000000000000 ) ) ;
#9645 = ORIENTED_EDGE ( 'NONE', *, *, #4926, .T. ) ;
#9644 = DIRECTION ( 'NONE',  ( 0.2036417511401809599, 0.000000000000000000, 0.9790454724845830681 ) ) ;
#9646 = DIRECTION ( 'NONE',  ( 0.000000000000000000, 0.000000000000000000, 1.000000000000000000 ) ) ;
#9647 = EDGE_CURVE ( 'NONE', #779, #6566, #6811, .T. ) ;
#9648 = ORIENTED_EDGE ( 'NONE', *, *, #7506, .F. ) ;
#9649 = EDGE_CURVE ( 'NONE', #4957, #2929, #6271, .T. ) ;
#9650 = EDGE_CURVE ( 'NONE', #5993, #8282, #227, .T. ) ;
#9651 = AXIS2_PLACEMENT_3D ( 'NONE', #989, #8404, #8356 ) ;
#9652 = ORIENTED_EDGE ( 'NONE', *, *, #3221, .F. ) ;
#9654 = VERTEX_POINT ( 'NONE', #2521 ) ;
#9653 = DIRECTION ( 'NONE',  ( -0.000000000000000000, -1.000000000000000000, -0.000000000000000000 ) ) ;
#9655 = VECTOR ( 'NONE', #6769, 1000.000000000000000 ) ;
#9656 = CARTESIAN_POINT ( 'NONE',  ( 1.999999999999999112, 4.200000000000000178, 1.325000000000000178 ) ) ;
#9657 = CARTESIAN_POINT ( 'NONE',  ( 1.050000000000000044, 4.200000000000000178, -5.400000000000000355 ) ) ;
#9658 = VERTEX_POINT ( 'NONE', #7797 ) ;
#9659 = CARTESIAN_POINT ( 'NONE',  ( 3.918869757271530460E-16, -0.6999999999999999556, 3.299999999999998046 ) ) ;
#9660 = LINE ( 'NONE', #6764, #4303 ) ;
#9661 = VECTOR ( 'NONE', #73, 1000.000000000000000 ) ;
#9663 = ORIENTED_EDGE ( 'NONE', *, *, #1134, .F. ) ;
#9662 = LINE ( 'NONE', #9708, #8259 ) ;
#9664 = ORIENTED_EDGE ( 'NONE', *, *, #2758, .F. ) ;
#9665 = DIRECTION ( 'NONE',  ( -0.000000000000000000, -1.000000000000000000, -0.000000000000000000 ) ) ;
#9666 = EDGE_LOOP ( 'NONE', ( #8067, #7410, #6042, #8069 ) ) ;
#9667 = DIRECTION ( 'NONE',  ( -2.710505431213760099E-16, 0.000000000000000000, 1.000000000000000000 ) ) ;
#9669 = LINE ( 'NONE', #2932, #1251 ) ;
#9668 = DIRECTION ( 'NONE',  ( 0.000000000000000000, 0.000000000000000000, 1.000000000000000000 ) ) ;
#9670 = CARTESIAN_POINT ( 'NONE',  ( -5.433986569824091895, 4.200000000000000178, -5.023125516943745872 ) ) ;
#9671 = ADVANCED_FACE ( 'NONE', ( #3311 ), #3363, .F. ) ;
#9672 = FACE_OUTER_BOUND ( 'NONE', #2737, .T. ) ;
#9673 = EDGE_CURVE ( 'NONE', #9557, #2972, #684, .T. ) ;
#9674 = DIRECTION ( 'NONE',  ( 0.000000000000000000, 0.9659258262890699775, -0.2588190451025145777 ) ) ;
#9676 = ORIENTED_EDGE ( 'NONE', *, *, #1537, .F. ) ;
#9675 = LINE ( 'NONE', #4332, #5973 ) ;
#9677 = EDGE_CURVE ( 'NONE', #2857, #5080, #3407, .T. ) ;
#9678 = EDGE_LOOP ( 'NONE', ( #1629, #9360, #3201, #9197 ) ) ;
#9679 = DIRECTION ( 'NONE',  ( -0.9723699203976778893, -0.2334453638558999511, 0.000000000000000000 ) ) ;
#9681 = DIRECTION ( 'NONE',  ( 0.000000000000000000, 0.000000000000000000, 1.000000000000000000 ) ) ;
#9680 = DIRECTION ( 'NONE',  ( -0.9723699203976781114, -0.2334453638558991462, 0.000000000000000000 ) ) ;
#9682 = LINE ( 'NONE', #7582, #7205 ) ;
#9683 = EDGE_CURVE ( 'NONE', #4700, #1201, #376, .T. ) ;
#9684 = AXIS2_PLACEMENT_3D ( 'NONE', #9659, #1309, #8137 ) ;
#9685 = LINE ( 'NONE', #650, #4913 ) ;
#9686 = CARTESIAN_POINT ( 'NONE',  ( 4.056374298827128300, 4.200000000000000178, 5.906093829678734863 ) ) ;
#9688 = VERTEX_POINT ( 'NONE', #9410 ) ;
#9687 = DIRECTION ( 'NONE',  ( -0.9063077870366509359, -0.000000000000000000, 0.4226182617406973874 ) ) ;
#9689 = DIRECTION ( 'NONE',  ( 0.000000000000000000, 0.000000000000000000, -1.000000000000000000 ) ) ;
#9691 = ORIENTED_EDGE ( 'NONE', *, *, #4329, .T. ) ;
#9690 = DIRECTION ( 'NONE',  ( 0.000000000000000000, 0.2588190451025145777, 0.9659258262890699775 ) ) ;
#9692 = LINE ( 'NONE', #6852, #6471 ) ;
#9693 = ORIENTED_EDGE ( 'NONE', *, *, #4327, .T. ) ;
#9694 = EDGE_CURVE ( 'NONE', #710, #1455, #5690, .T. ) ;
#9695 = EDGE_CURVE ( 'NONE', #6877, #1339, #3186, .T. ) ;
#9696 = EDGE_CURVE ( 'NONE', #9519, #1653, #4055, .T. ) ;
#9697 = ORIENTED_EDGE ( 'NONE', *, *, #1840, .F. ) ;
#9699 = EDGE_LOOP ( 'NONE', ( #4894, #2472, #2683, #9260 ) ) ;
#9698 = LINE ( 'NONE', #7496, #7006 ) ;
#9701 = EDGE_CURVE ( 'NONE', #5384, #7105, #5491, .T. ) ;
#9700 = FACE_OUTER_BOUND ( 'NONE', #1878, .T. ) ;
#9702 = CARTESIAN_POINT ( 'NONE',  ( -1.649999999999997913, 0.5999999999999999778, 4.050000000000000711 ) ) ;
#9703 = ORIENTED_EDGE ( 'NONE', *, *, #9568, .F. ) ;
#9704 = CARTESIAN_POINT ( 'NONE',  ( 0.09560852742711117846, 4.200000000000000178, 0.02201347570273634244 ) ) ;
#9705 = AXIS2_PLACEMENT_3D ( 'NONE', #1129, #5562, #9429 ) ;
#9706 = LINE ( 'NONE', #6621, #530 ) ;
#9707 = ORIENTED_EDGE ( 'NONE', *, *, #1132, .F. ) ;
#9709 = ORIENTED_EDGE ( 'NONE', *, *, #1418, .F. ) ;
#9708 = CARTESIAN_POINT ( 'NONE',  ( -3.097236992039768211, 2.303799542494627595, 5.599999999999997868 ) ) ;
#9710 = ORIENTED_EDGE ( 'NONE', *, *, #9548, .T. ) ;
#9711 = VECTOR ( 'NONE', #5375, 1000.000000000000000 ) ;
#9712 = CYLINDRICAL_SURFACE ( 'NONE', #1011, 0.1000000000000002554 ) ;
#9713 = ORIENTED_EDGE ( 'NONE', *, *, #2461, .F. ) ;
#9714 = ORIENTED_EDGE ( 'NONE', *, *, #5773, .F. ) ;
#9715 = ORIENTED_EDGE ( 'NONE', *, *, #9528, .T. ) ;
#9716 = CARTESIAN_POINT ( 'NONE',  ( -0.4763578717938103391, 1.880232430642082342, 5.208019656360511007 ) ) ;
#9718 = CARTESIAN_POINT ( 'NONE',  ( -4.299999999999999822, 4.200000000000000178, 5.299999999999998046 ) ) ;
#9717 = DIRECTION ( 'NONE',  ( -1.000000000000000000, -0.000000000000000000, -0.000000000000000000 ) ) ;
#9719 = CIRCLE ( 'NONE', #1393, 6.400000000000001243 ) ;
#9720 = AXIS2_PLACEMENT_3D ( 'NONE', #2295, #6000, #8059 ) ;
#9721 = DIRECTION ( 'NONE',  ( 0.000000000000000000, 1.000000000000000000, 0.000000000000000000 ) ) ;
#9722 = CIRCLE ( 'NONE', #5504, 7.399999999999998579 ) ;
#9723 = EDGE_CURVE ( 'NONE', #7392, #175, #6223, .T. ) ;
#9724 = CARTESIAN_POINT ( 'NONE',  ( -0.8999999999999989120, 0.3000000000000012101, -10.49000000000000199 ) ) ;
#9725 = VECTOR ( 'NONE', #4953, 1000.000000000000000 ) ;
#9726 = VECTOR ( 'NONE', #1658, 1000.000000000000000 ) ;
#9727 = VECTOR ( 'NONE', #8568, 1000.000000000000000 ) ;
#9728 = DIRECTION ( 'NONE',  ( 0.000000000000000000, 0.2588190451025145777, 0.9659258262890699775 ) ) ;
#9729 = VERTEX_POINT ( 'NONE', #7017 ) ;
#9730 = LINE ( 'NONE', #7671, #5199 ) ;
#9732 = DIRECTION ( 'NONE',  ( -0.000000000000000000, -1.000000000000000000, -0.000000000000000000 ) ) ;
#9731 = CARTESIAN_POINT ( 'NONE',  ( 2.274999999999999467, 0.2999999999999999889, 3.350000000000000089 ) ) ;
ENDSEC;
END-ISO-10303-21;
